path	bytes	sample_rate	bits	channels	seconds
808 From Mars/WAV/01. Individual Hits/01. Bass Drum/Clean/Digital/A/BD A 808 Decay A 01.wav	20648	44100	24	1	0.122
808 From Mars/WAV/01. Individual Hits/01. Bass Drum/Clean/Digital/A/BD A 808 Decay A 02.wav	20198	44100	24	1	0.122
808 From Mars/WAV/01. Individual Hits/01. Bass Drum/Clean/Digital/A/BD A 808 Decay A 03.wav	19806	44100	24	1	0.122
808 From Mars/WAV/01. Individual Hits/01. Bass Drum/Clean/Digital/A/BD A 808 Decay A 04.wav	19884	44100	24	1	0.122
808 From Mars/WAV/01. Individual Hits/01. Bass Drum/Clean/Digital/A/BD A 808 Decay A 05.wav	19556	44100	24	1	0.121
808 From Mars/WAV/01. Individual Hits/01. Bass Drum/Clean/Digital/A/BD A 808 Decay A 06.wav	20528	44100	24	1	0.121
808 From Mars/WAV/01. Individual Hits/01. Bass Drum/Clean/Digital/A/BD A 808 Decay B 01.wav	43806	44100	24	1	0.297
808 From Mars/WAV/01. Individual Hits/01. Bass Drum/Clean/Digital/A/BD A 808 Decay B 02.wav	45068	44100	24	1	0.307
808 From Mars/WAV/01. Individual Hits/01. Bass Drum/Clean/Digital/A/BD A 808 Decay B 03.wav	44538	44100	24	1	0.306
808 From Mars/WAV/01. Individual Hits/01. Bass Drum/Clean/Digital/A/BD A 808 Decay B 04.wav	44760	44100	24	1	0.306
808 From Mars/WAV/01. Individual Hits/01. Bass Drum/Clean/Digital/A/BD A 808 Decay B 05.wav	44574	44100	24	1	0.306
808 From Mars/WAV/01. Individual Hits/01. Bass Drum/Clean/Digital/A/BD A 808 Decay B 06.wav	45974	44100	24	1	0.306
808 From Mars/WAV/01. Individual Hits/01. Bass Drum/Clean/Digital/A/BD A 808 Decay C 01.wav	133954	44100	24	1	0.964
808 From Mars/WAV/01. Individual Hits/01. Bass Drum/Clean/Digital/A/BD A 808 Decay C 02.wav	133878	44100	24	1	0.964
808 From Mars/WAV/01. Individual Hits/01. Bass Drum/Clean/Digital/A/BD A 808 Decay C 03.wav	134832	44100	24	1	0.974
808 From Mars/WAV/01. Individual Hits/01. Bass Drum/Clean/Digital/A/BD A 808 Decay C 04.wav	135522	44100	24	1	0.974
808 From Mars/WAV/01. Individual Hits/01. Bass Drum/Clean/Digital/A/BD A 808 Decay C 05.wav	134622	44100	24	1	0.974
808 From Mars/WAV/01. Individual Hits/01. Bass Drum/Clean/Digital/A/BD A 808 Decay C 06.wav	135944	44100	24	1	0.974
808 From Mars/WAV/01. Individual Hits/01. Bass Drum/Clean/Digital/A/BD A 808 Decay D 01.wav	253922	44100	24	1	1.849
808 From Mars/WAV/01. Individual Hits/01. Bass Drum/Clean/Digital/A/BD A 808 Decay D 02.wav	251994	44100	24	1	1.839
808 From Mars/WAV/01. Individual Hits/01. Bass Drum/Clean/Digital/A/BD A 808 Decay D 03.wav	254742	44100	24	1	1.859
808 From Mars/WAV/01. Individual Hits/01. Bass Drum/Clean/Digital/A/BD A 808 Decay D 04.wav	256090	44100	24	1	1.868
808 From Mars/WAV/01. Individual Hits/01. Bass Drum/Clean/Digital/A/BD A 808 Decay D 05.wav	255162	44100	24	1	1.858
808 From Mars/WAV/01. Individual Hits/01. Bass Drum/Clean/Digital/A/BD A 808 Decay D 06.wav	256230	44100	24	1	1.868
808 From Mars/WAV/01. Individual Hits/01. Bass Drum/Clean/Digital/A/BD A 808 Decay E 01.wav	556032	44100	24	1	4.091
808 From Mars/WAV/01. Individual Hits/01. Bass Drum/Clean/Digital/A/BD A 808 Decay E 02.wav	556100	44100	24	1	4.091
808 From Mars/WAV/01. Individual Hits/01. Bass Drum/Clean/Digital/A/BD A 808 Decay E 03.wav	558512	44100	24	1	4.11
808 From Mars/WAV/01. Individual Hits/01. Bass Drum/Clean/Digital/A/BD A 808 Decay E 04.wav	558448	44100	24	1	4.11
808 From Mars/WAV/01. Individual Hits/01. Bass Drum/Clean/Digital/A/BD A 808 Decay E 05.wav	558654	44100	24	1	4.11
808 From Mars/WAV/01. Individual Hits/01. Bass Drum/Clean/Digital/A/BD A 808 Decay E 06.wav	557640	44100	24	1	4.1
808 From Mars/WAV/01. Individual Hits/01. Bass Drum/Clean/Digital/A/BD A 808 Decay F 01.wav	1045052	44100	24	1	7.72
808 From Mars/WAV/01. Individual Hits/01. Bass Drum/Clean/Digital/A/BD A 808 Decay F 02.wav	1049048	44100	24	1	7.749
808 From Mars/WAV/01. Individual Hits/01. Bass Drum/Clean/Digital/A/BD A 808 Decay F 03.wav	1053068	44100	24	1	7.778
808 From Mars/WAV/01. Individual Hits/01. Bass Drum/Clean/Digital/A/BD A 808 Decay F 04.wav	1050124	44100	24	1	7.754
808 From Mars/WAV/01. Individual Hits/01. Bass Drum/Clean/Digital/A/BD A 808 Decay F 05.wav	1051272	44100	24	1	7.744
808 From Mars/WAV/01. Individual Hits/01. Bass Drum/Clean/Digital/A/BD A 808 Decay F 06.wav	1053582	44100	24	1	7.784
808 From Mars/WAV/01. Individual Hits/01. Bass Drum/Clean/Digital/B/BD B 808 Decay A 01.wav	20662	44100	24	1	0.121
808 From Mars/WAV/01. Individual Hits/01. Bass Drum/Clean/Digital/B/BD B 808 Decay A 02.wav	22064	44100	24	1	0.133
808 From Mars/WAV/01. Individual Hits/01. Bass Drum/Clean/Digital/B/BD B 808 Decay A 03.wav	21578	44100	24	1	0.133
808 From Mars/WAV/01. Individual Hits/01. Bass Drum/Clean/Digital/B/BD B 808 Decay A 04.wav	22018	44100	24	1	0.133
808 From Mars/WAV/01. Individual Hits/01. Bass Drum/Clean/Digital/B/BD B 808 Decay A 05.wav	21014	44100	24	1	0.133
808 From Mars/WAV/01. Individual Hits/01. Bass Drum/Clean/Digital/B/BD B 808 Decay A 06.wav	22334	44100	24	1	0.133
808 From Mars/WAV/01. Individual Hits/01. Bass Drum/Clean/Digital/B/BD B 808 Decay B 01.wav	47292	44100	24	1	0.326
808 From Mars/WAV/01. Individual Hits/01. Bass Drum/Clean/Digital/B/BD B 808 Decay B 02.wav	47298	44100	24	1	0.326
808 From Mars/WAV/01. Individual Hits/01. Bass Drum/Clean/Digital/B/BD B 808 Decay B 03.wav	47620	44100	24	1	0.326
808 From Mars/WAV/01. Individual Hits/01. Bass Drum/Clean/Digital/B/BD B 808 Decay B 04.wav	47392	44100	24	1	0.326
808 From Mars/WAV/01. Individual Hits/01. Bass Drum/Clean/Digital/B/BD B 808 Decay B 05.wav	48474	44100	24	1	0.336
808 From Mars/WAV/01. Individual Hits/01. Bass Drum/Clean/Digital/B/BD B 808 Decay B 06.wav	49280	44100	24	1	0.336
808 From Mars/WAV/01. Individual Hits/01. Bass Drum/Clean/Digital/B/BD B 808 Decay C 01.wav	128422	44100	24	1	0.923
808 From Mars/WAV/01. Individual Hits/01. Bass Drum/Clean/Digital/B/BD B 808 Decay C 02.wav	128738	44100	24	1	0.923
808 From Mars/WAV/01. Individual Hits/01. Bass Drum/Clean/Digital/B/BD B 808 Decay C 03.wav	128700	44100	24	1	0.923
808 From Mars/WAV/01. Individual Hits/01. Bass Drum/Clean/Digital/B/BD B 808 Decay C 04.wav	127956	44100	24	1	0.923
808 From Mars/WAV/01. Individual Hits/01. Bass Drum/Clean/Digital/B/BD B 808 Decay C 05.wav	129114	44100	24	1	0.933
808 From Mars/WAV/01. Individual Hits/01. Bass Drum/Clean/Digital/B/BD B 808 Decay C 06.wav	130512	44100	24	1	0.933
808 From Mars/WAV/01. Individual Hits/01. Bass Drum/Clean/Digital/B/BD B 808 Decay D 01.wav	242208	44100	24	1	1.766
808 From Mars/WAV/01. Individual Hits/01. Bass Drum/Clean/Digital/B/BD B 808 Decay D 02.wav	242260	44100	24	1	1.766
808 From Mars/WAV/01. Individual Hits/01. Bass Drum/Clean/Digital/B/BD B 808 Decay D 03.wav	244124	44100	24	1	1.785
808 From Mars/WAV/01. Individual Hits/01. Bass Drum/Clean/Digital/B/BD B 808 Decay D 04.wav	244838	44100	24	1	1.785
808 From Mars/WAV/01. Individual Hits/01. Bass Drum/Clean/Digital/B/BD B 808 Decay D 05.wav	243904	44100	24	1	1.785
808 From Mars/WAV/01. Individual Hits/01. Bass Drum/Clean/Digital/B/BD B 808 Decay D 06.wav	245444	44100	24	1	1.785
808 From Mars/WAV/01. Individual Hits/01. Bass Drum/Clean/Digital/B/BD B 808 Decay E 01.wav	502732	44100	24	1	3.705
808 From Mars/WAV/01. Individual Hits/01. Bass Drum/Clean/Digital/B/BD B 808 Decay E 02.wav	504428	44100	24	1	3.715
808 From Mars/WAV/01. Individual Hits/01. Bass Drum/Clean/Digital/B/BD B 808 Decay E 03.wav	504300	44100	24	1	3.715
808 From Mars/WAV/01. Individual Hits/01. Bass Drum/Clean/Digital/B/BD B 808 Decay E 04.wav	507110	44100	24	1	3.734
808 From Mars/WAV/01. Individual Hits/01. Bass Drum/Clean/Digital/B/BD B 808 Decay E 05.wav	505974	44100	24	1	3.724
808 From Mars/WAV/01. Individual Hits/01. Bass Drum/Clean/Digital/B/BD B 808 Decay E 06.wav	507800	44100	24	1	3.734
808 From Mars/WAV/01. Individual Hits/01. Bass Drum/Clean/Digital/B/BD B 808 Decay F 01.wav	1033770	44100	24	1	7.632
808 From Mars/WAV/01. Individual Hits/01. Bass Drum/Clean/Digital/B/BD B 808 Decay F 02.wav	1041226	44100	24	1	7.69
808 From Mars/WAV/01. Individual Hits/01. Bass Drum/Clean/Digital/B/BD B 808 Decay F 03.wav	1040834	44100	24	1	7.69
808 From Mars/WAV/01. Individual Hits/01. Bass Drum/Clean/Digital/B/BD B 808 Decay F 04.wav	1044140	44100	24	1	7.71
808 From Mars/WAV/01. Individual Hits/01. Bass Drum/Clean/Digital/B/BD B 808 Decay F 05.wav	1044218	44100	24	1	7.71
808 From Mars/WAV/01. Individual Hits/01. Bass Drum/Clean/Digital/B/BD B 808 Decay F 06.wav	1045100	44100	24	1	7.71
808 From Mars/WAV/01. Individual Hits/01. Bass Drum/Clean/Tape/A/BD A 808 Tape Decay A 01.wav	8648	44100	24	1	0.061
808 From Mars/WAV/01. Individual Hits/01. Bass Drum/Clean/Tape/A/BD A 808 Tape Decay A 02.wav	9030	44100	24	1	0.064
808 From Mars/WAV/01. Individual Hits/01. Bass Drum/Clean/Tape/A/BD A 808 Tape Decay A 03.wav	13852	44100	24	1	0.08
808 From Mars/WAV/01. Individual Hits/01. Bass Drum/Clean/Tape/A/BD A 808 Tape Decay A 04.wav	12988	44100	24	1	0.074
808 From Mars/WAV/01. Individual Hits/01. Bass Drum/Clean/Tape/A/BD A 808 Tape Decay A 05.wav	14290	44100	24	1	0.083
808 From Mars/WAV/01. Individual Hits/01. Bass Drum/Clean/Tape/A/BD A 808 Tape Decay A 06.wav	14490	44100	24	1	0.084
808 From Mars/WAV/01. Individual Hits/01. Bass Drum/Clean/Tape/A/BD A 808 Tape Decay B 01.wav	24354	44100	24	1	0.154
808 From Mars/WAV/01. Individual Hits/01. Bass Drum/Clean/Tape/A/BD A 808 Tape Decay B 02.wav	24044	44100	24	1	0.156
808 From Mars/WAV/01. Individual Hits/01. Bass Drum/Clean/Tape/A/BD A 808 Tape Decay B 03.wav	25870	44100	24	1	0.171
808 From Mars/WAV/01. Individual Hits/01. Bass Drum/Clean/Tape/A/BD A 808 Tape Decay B 04.wav	24380	44100	24	1	0.16
808 From Mars/WAV/01. Individual Hits/01. Bass Drum/Clean/Tape/A/BD A 808 Tape Decay B 05.wav	22066	44100	24	1	0.143
808 From Mars/WAV/01. Individual Hits/01. Bass Drum/Clean/Tape/A/BD A 808 Tape Decay B 06.wav	20388	44100	24	1	0.148
808 From Mars/WAV/01. Individual Hits/01. Bass Drum/Clean/Tape/A/BD A 808 Tape Decay C 01.wav	75534	44100	24	1	0.536
808 From Mars/WAV/01. Individual Hits/01. Bass Drum/Clean/Tape/A/BD A 808 Tape Decay C 02.wav	79134	44100	24	1	0.565
808 From Mars/WAV/01. Individual Hits/01. Bass Drum/Clean/Tape/A/BD A 808 Tape Decay C 03.wav	85372	44100	24	1	0.613
808 From Mars/WAV/01. Individual Hits/01. Bass Drum/Clean/Tape/A/BD A 808 Tape Decay C 04.wav	78012	44100	24	1	0.557
808 From Mars/WAV/01. Individual Hits/01. Bass Drum/Clean/Tape/A/BD A 808 Tape Decay C 05.wav	76808	44100	24	1	0.548
808 From Mars/WAV/01. Individual Hits/01. Bass Drum/Clean/Tape/A/BD A 808 Tape Decay C 06.wav	61344	44100	24	1	0.453
808 From Mars/WAV/01. Individual Hits/01. Bass Drum/Clean/Tape/A/BD A 808 Tape Decay D 01.wav	112628	44100	24	1	0.835
808 From Mars/WAV/01. Individual Hits/01. Bass Drum/Clean/Tape/A/BD A 808 Tape Decay D 02.wav	136326	44100	24	1	0.988
808 From Mars/WAV/01. Individual Hits/01. Bass Drum/Clean/Tape/A/BD A 808 Tape Decay D 03.wav	142334	44100	24	1	1.033
808 From Mars/WAV/01. Individual Hits/01. Bass Drum/Clean/Tape/A/BD A 808 Tape Decay D 04.wav	143130	44100	24	1	1.041
808 From Mars/WAV/01. Individual Hits/01. Bass Drum/Clean/Tape/A/BD A 808 Tape Decay D 05.wav	146420	44100	24	1	1.064
808 From Mars/WAV/01. Individual Hits/01. Bass Drum/Clean/Tape/A/BD A 808 Tape Decay D 06.wav	123186	44100	24	1	0.913
808 From Mars/WAV/01. Individual Hits/01. Bass Drum/Clean/Tape/A/BD A 808 Tape Decay E 01.wav	231224	44100	24	1	1.717
808 From Mars/WAV/01. Individual Hits/01. Bass Drum/Clean/Tape/A/BD A 808 Tape Decay E 02.wav	268638	44100	24	1	1.965
808 From Mars/WAV/01. Individual Hits/01. Bass Drum/Clean/Tape/A/BD A 808 Tape Decay E 03.wav	288890	44100	24	1	2.116
808 From Mars/WAV/01. Individual Hits/01. Bass Drum/Clean/Tape/A/BD A 808 Tape Decay E 04.wav	277364	44100	24	1	2.029
808 From Mars/WAV/01. Individual Hits/01. Bass Drum/Clean/Tape/A/BD A 808 Tape Decay E 05.wav	271558	44100	24	1	1.987
808 From Mars/WAV/01. Individual Hits/01. Bass Drum/Clean/Tape/A/BD A 808 Tape Decay E 06.wav	241716	44100	24	1	1.795
808 From Mars/WAV/01. Individual Hits/01. Bass Drum/Clean/Tape/A/BD A 808 Tape Decay F 01.wav	432644	44100	24	1	3.216
808 From Mars/WAV/01. Individual Hits/01. Bass Drum/Clean/Tape/A/BD A 808 Tape Decay F 02.wav	528330	44100	24	1	3.929
808 From Mars/WAV/01. Individual Hits/01. Bass Drum/Clean/Tape/A/BD A 808 Tape Decay F 03.wav	524910	44100	24	1	3.903
808 From Mars/WAV/01. Individual Hits/01. Bass Drum/Clean/Tape/A/BD A 808 Tape Decay F 04.wav	496010	44100	24	1	3.688
808 From Mars/WAV/01. Individual Hits/01. Bass Drum/Clean/Tape/A/BD A 808 Tape Decay F 05.wav	506230	44100	24	1	3.708
808 From Mars/WAV/01. Individual Hits/01. Bass Drum/Clean/Tape/A/BD A 808 Tape Decay F 06.wav	492074	44100	24	1	3.659
808 From Mars/WAV/01. Individual Hits/01. Bass Drum/Clean/Tape/B/BD B 808 Tape Decay A 01.wav	12210	44100	24	1	0.066
808 From Mars/WAV/01. Individual Hits/01. Bass Drum/Clean/Tape/B/BD B 808 Tape Decay A 02.wav	14942	44100	24	1	0.084
808 From Mars/WAV/01. Individual Hits/01. Bass Drum/Clean/Tape/B/BD B 808 Tape Decay A 03.wav	14496	44100	24	1	0.084
808 From Mars/WAV/01. Individual Hits/01. Bass Drum/Clean/Tape/B/BD B 808 Tape Decay A 04.wav	14696	44100	24	1	0.084
808 From Mars/WAV/01. Individual Hits/01. Bass Drum/Clean/Tape/B/BD B 808 Tape Decay A 05.wav	14984	44100	24	1	0.084
808 From Mars/WAV/01. Individual Hits/01. Bass Drum/Clean/Tape/B/BD B 808 Tape Decay A 06.wav	14484	44100	24	1	0.083
808 From Mars/WAV/01. Individual Hits/01. Bass Drum/Clean/Tape/B/BD B 808 Tape Decay B 01.wav	22644	44100	24	1	0.144
808 From Mars/WAV/01. Individual Hits/01. Bass Drum/Clean/Tape/B/BD B 808 Tape Decay B 02.wav	26826	44100	24	1	0.176
808 From Mars/WAV/01. Individual Hits/01. Bass Drum/Clean/Tape/B/BD B 808 Tape Decay B 03.wav	26852	44100	24	1	0.175
808 From Mars/WAV/01. Individual Hits/01. Bass Drum/Clean/Tape/B/BD B 808 Tape Decay B 04.wav	29158	44100	24	1	0.193
808 From Mars/WAV/01. Individual Hits/01. Bass Drum/Clean/Tape/B/BD B 808 Tape Decay B 05.wav	28732	44100	24	1	0.19
808 From Mars/WAV/01. Individual Hits/01. Bass Drum/Clean/Tape/B/BD B 808 Tape Decay B 06.wav	29586	44100	24	1	0.196
808 From Mars/WAV/01. Individual Hits/01. Bass Drum/Clean/Tape/B/BD B 808 Tape Decay C 01.wav	76842	44100	24	1	0.538
808 From Mars/WAV/01. Individual Hits/01. Bass Drum/Clean/Tape/B/BD B 808 Tape Decay C 02.wav	78336	44100	24	1	0.557
808 From Mars/WAV/01. Individual Hits/01. Bass Drum/Clean/Tape/B/BD B 808 Tape Decay C 03.wav	77616	44100	24	1	0.552
808 From Mars/WAV/01. Individual Hits/01. Bass Drum/Clean/Tape/B/BD B 808 Tape Decay C 04.wav	81834	44100	24	1	0.583
808 From Mars/WAV/01. Individual Hits/01. Bass Drum/Clean/Tape/B/BD B 808 Tape Decay C 05.wav	80780	44100	24	1	0.574
808 From Mars/WAV/01. Individual Hits/01. Bass Drum/Clean/Tape/B/BD B 808 Tape Decay C 06.wav	79582	44100	24	1	0.561
808 From Mars/WAV/01. Individual Hits/01. Bass Drum/Clean/Tape/B/BD B 808 Tape Decay D 01.wav	129368	44100	24	1	0.928
808 From Mars/WAV/01. Individual Hits/01. Bass Drum/Clean/Tape/B/BD B 808 Tape Decay D 02.wav	131856	44100	24	1	0.95
808 From Mars/WAV/01. Individual Hits/01. Bass Drum/Clean/Tape/B/BD B 808 Tape Decay D 03.wav	139414	44100	24	1	1.007
808 From Mars/WAV/01. Individual Hits/01. Bass Drum/Clean/Tape/B/BD B 808 Tape Decay D 04.wav	141906	44100	24	1	1.025
808 From Mars/WAV/01. Individual Hits/01. Bass Drum/Clean/Tape/B/BD B 808 Tape Decay D 05.wav	141870	44100	24	1	1.024
808 From Mars/WAV/01. Individual Hits/01. Bass Drum/Clean/Tape/B/BD B 808 Tape Decay D 06.wav	142158	44100	24	1	1.026
808 From Mars/WAV/01. Individual Hits/01. Bass Drum/Clean/Tape/B/BD B 808 Tape Decay E 01.wav	264890	44100	24	1	1.934
808 From Mars/WAV/01. Individual Hits/01. Bass Drum/Clean/Tape/B/BD B 808 Tape Decay E 02.wav	279596	44100	24	1	2.04
808 From Mars/WAV/01. Individual Hits/01. Bass Drum/Clean/Tape/B/BD B 808 Tape Decay E 03.wav	281112	44100	24	1	2.054
808 From Mars/WAV/01. Individual Hits/01. Bass Drum/Clean/Tape/B/BD B 808 Tape Decay E 04.wav	282444	44100	24	1	2.061
808 From Mars/WAV/01. Individual Hits/01. Bass Drum/Clean/Tape/B/BD B 808 Tape Decay E 05.wav	291288	44100	24	1	2.129
808 From Mars/WAV/01. Individual Hits/01. Bass Drum/Clean/Tape/B/BD B 808 Tape Decay E 06.wav	286380	44100	24	1	2.08
808 From Mars/WAV/01. Individual Hits/01. Bass Drum/Clean/Tape/B/BD B 808 Tape Decay F 01.wav	505034	44100	24	1	3.745
808 From Mars/WAV/01. Individual Hits/01. Bass Drum/Clean/Tape/B/BD B 808 Tape Decay F 02.wav	516632	44100	24	1	3.831
808 From Mars/WAV/01. Individual Hits/01. Bass Drum/Clean/Tape/B/BD B 808 Tape Decay F 03.wav	510668	44100	24	1	3.787
808 From Mars/WAV/01. Individual Hits/01. Bass Drum/Clean/Tape/B/BD B 808 Tape Decay F 04.wav	498174	44100	24	1	3.704
808 From Mars/WAV/01. Individual Hits/01. Bass Drum/Clean/Tape/B/BD B 808 Tape Decay F 05.wav	507944	44100	24	1	3.777
808 From Mars/WAV/01. Individual Hits/01. Bass Drum/Clean/Tape/B/BD B 808 Tape Decay F 06.wav	504380	44100	24	1	3.75
808 From Mars/WAV/01. Individual Hits/01. Bass Drum/Color/01. Short/Multi Saturated/BD 808 Sat Click Decay A 01.wav	39028	44100	24	1	0.27
808 From Mars/WAV/01. Individual Hits/01. Bass Drum/Color/01. Short/Multi Saturated/BD 808 Sat Click Decay A 02.wav	41452	44100	24	1	0.291
808 From Mars/WAV/01. Individual Hits/01. Bass Drum/Color/01. Short/Multi Saturated/BD 808 Sat Click Decay A 03.wav	41058	44100	24	1	0.288
808 From Mars/WAV/01. Individual Hits/01. Bass Drum/Color/01. Short/Multi Saturated/BD 808 Sat Click Decay A 04.wav	45778	44100	24	1	0.319
808 From Mars/WAV/01. Individual Hits/01. Bass Drum/Color/01. Short/Multi Saturated/BD 808 Sat Click Decay B 01.wav	85402	44100	24	1	0.613
808 From Mars/WAV/01. Individual Hits/01. Bass Drum/Color/01. Short/Multi Saturated/BD 808 Sat Click Decay B 02.wav	86214	44100	24	1	0.621
808 From Mars/WAV/01. Individual Hits/01. Bass Drum/Color/01. Short/Multi Saturated/BD 808 Sat Click Decay B 03.wav	87802	44100	24	1	0.632
808 From Mars/WAV/01. Individual Hits/01. Bass Drum/Color/01. Short/Multi Saturated/BD 808 Sat Click Decay B 04.wav	88500	44100	24	1	0.632
808 From Mars/WAV/01. Individual Hits/01. Bass Drum/Color/01. Short/Multi Saturated/BD 808 Sat Click Decay C 01.wav	152096	44100	24	1	1.107
808 From Mars/WAV/01. Individual Hits/01. Bass Drum/Color/01. Short/Multi Saturated/BD 808 Sat Click Decay C 02.wav	158934	44100	24	1	1.157
808 From Mars/WAV/01. Individual Hits/01. Bass Drum/Color/01. Short/Multi Saturated/BD 808 Sat Click Decay C 03.wav	169370	44100	24	1	1.236
808 From Mars/WAV/01. Individual Hits/01. Bass Drum/Color/01. Short/Multi Saturated/BD 808 Sat Click Decay C 04.wav	176798	44100	24	1	1.282
808 From Mars/WAV/01. Individual Hits/01. Bass Drum/Color/01. Short/Multi Saturated/BD 808 Sat Lo Decay A 01.wav	41568	44100	24	1	0.286
808 From Mars/WAV/01. Individual Hits/01. Bass Drum/Color/01. Short/Multi Saturated/BD 808 Sat Lo Decay A 02.wav	42612	44100	24	1	0.291
808 From Mars/WAV/01. Individual Hits/01. Bass Drum/Color/01. Short/Multi Saturated/BD 808 Sat Lo Decay A 03.wav	42664	44100	24	1	0.292
808 From Mars/WAV/01. Individual Hits/01. Bass Drum/Color/01. Short/Multi Saturated/BD 808 Sat Lo Decay A 04.wav	43052	44100	24	1	0.287
808 From Mars/WAV/01. Individual Hits/01. Bass Drum/Color/01. Short/Multi Saturated/BD 808 Sat Lo Decay B 01.wav	82922	44100	24	1	0.595
808 From Mars/WAV/01. Individual Hits/01. Bass Drum/Color/01. Short/Multi Saturated/BD 808 Sat Lo Decay B 02.wav	90246	44100	24	1	0.649
808 From Mars/WAV/01. Individual Hits/01. Bass Drum/Color/01. Short/Multi Saturated/BD 808 Sat Lo Decay B 03.wav	78366	44100	24	1	0.561
808 From Mars/WAV/01. Individual Hits/01. Bass Drum/Color/01. Short/Multi Saturated/BD 808 Sat Lo Decay B 04.wav	88686	44100	24	1	0.628
808 From Mars/WAV/01. Individual Hits/01. Bass Drum/Color/01. Short/Multi Saturated/BD 808 Sat Lo Decay C 01.wav	169022	44100	24	1	1.232
808 From Mars/WAV/01. Individual Hits/01. Bass Drum/Color/01. Short/Multi Saturated/BD 808 Sat Lo Decay C 02.wav	172146	44100	24	1	1.255
808 From Mars/WAV/01. Individual Hits/01. Bass Drum/Color/01. Short/Multi Saturated/BD 808 Sat Lo Decay C 03.wav	180850	44100	24	1	1.318
808 From Mars/WAV/01. Individual Hits/01. Bass Drum/Color/01. Short/Multi Saturated/BD 808 Sat Lo Decay C 04.wav	183504	44100	24	1	1.335
808 From Mars/WAV/01. Individual Hits/01. Bass Drum/Color/01. Short/Multi Saturated/BD 808 Sat Mid Decay A 01.wav	41808	44100	24	1	0.289
808 From Mars/WAV/01. Individual Hits/01. Bass Drum/Color/01. Short/Multi Saturated/BD 808 Sat Mid Decay A 02.wav	44652	44100	24	1	0.313
808 From Mars/WAV/01. Individual Hits/01. Bass Drum/Color/01. Short/Multi Saturated/BD 808 Sat Mid Decay A 03.wav	47316	44100	24	1	0.334
808 From Mars/WAV/01. Individual Hits/01. Bass Drum/Color/01. Short/Multi Saturated/BD 808 Sat Mid Decay A 04.wav	44734	44100	24	1	0.307
808 From Mars/WAV/01. Individual Hits/01. Bass Drum/Color/01. Short/Multi Saturated/BD 808 Sat Mid Decay B 01.wav	79044	44100	24	1	0.565
808 From Mars/WAV/01. Individual Hits/01. Bass Drum/Color/01. Short/Multi Saturated/BD 808 Sat Mid Decay B 02.wav	86392	44100	24	1	0.621
808 From Mars/WAV/01. Individual Hits/01. Bass Drum/Color/01. Short/Multi Saturated/BD 808 Sat Mid Decay B 03.wav	94410	44100	24	1	0.682
808 From Mars/WAV/01. Individual Hits/01. Bass Drum/Color/01. Short/Multi Saturated/BD 808 Sat Mid Decay B 04.wav	93760	44100	24	1	0.674
808 From Mars/WAV/01. Individual Hits/01. Bass Drum/Color/01. Short/Multi Saturated/BD 808 Sat Mid Decay C 01.wav	173700	44100	24	1	1.262
808 From Mars/WAV/01. Individual Hits/01. Bass Drum/Color/01. Short/Multi Saturated/BD 808 Sat Mid Decay C 02.wav	170430	44100	24	1	1.239
808 From Mars/WAV/01. Individual Hits/01. Bass Drum/Color/01. Short/Multi Saturated/BD 808 Sat Mid Decay C 03.wav	168768	44100	24	1	1.23
808 From Mars/WAV/01. Individual Hits/01. Bass Drum/Color/01. Short/Multi Saturated/BD 808 Sat Mid Decay C 04.wav	178126	44100	24	1	1.295
808 From Mars/WAV/01. Individual Hits/01. Bass Drum/Color/01. Short/Various/BD 808 Click Color 01.wav	33972	44100	24	1	0.249
808 From Mars/WAV/01. Individual Hits/01. Bass Drum/Color/01. Short/Various/BD 808 Click Color 02.wav	34880	44100	24	1	0.255
808 From Mars/WAV/01. Individual Hits/01. Bass Drum/Color/01. Short/Various/BD 808 Click Color 03.wav	29620	44100	24	1	0.2
808 From Mars/WAV/01. Individual Hits/01. Bass Drum/Color/01. Short/Various/BD 808 Click Color 04.wav	61934	44100	24	1	0.439
808 From Mars/WAV/01. Individual Hits/01. Bass Drum/Color/01. Short/Various/BD 808 Click Color 05.wav	70234	44100	24	1	0.489
808 From Mars/WAV/01. Individual Hits/01. Bass Drum/Color/01. Short/Various/BD 808 Click Color 06.wav	60632	44100	24	1	0.43
808 From Mars/WAV/01. Individual Hits/01. Bass Drum/Color/01. Short/Various/BD 808 Lo Color 01.wav	114364	44100	24	1	0.845
808 From Mars/WAV/01. Individual Hits/01. Bass Drum/Color/01. Short/Various/BD 808 Lo Color 02.wav	96554	44100	24	1	0.692
808 From Mars/WAV/01. Individual Hits/01. Bass Drum/Color/01. Short/Various/BD 808 Lo Color 03.wav	185392	44100	24	1	1.336
808 From Mars/WAV/01. Individual Hits/01. Bass Drum/Color/01. Short/Various/BD 808 Mid Color A 01.wav	51916	44100	24	1	0.359
808 From Mars/WAV/01. Individual Hits/01. Bass Drum/Color/01. Short/Various/BD 808 Mid Color A 02.wav	38526	44100	24	1	0.267
808 From Mars/WAV/01. Individual Hits/01. Bass Drum/Color/01. Short/Various/BD 808 Mid Color A 03.wav	40960	44100	24	1	0.3
808 From Mars/WAV/01. Individual Hits/01. Bass Drum/Color/01. Short/Various/BD 808 Mid Color A 04.wav	62250	44100	24	1	0.439
808 From Mars/WAV/01. Individual Hits/01. Bass Drum/Color/01. Short/Various/BD 808 Mid Color A 05.wav	41484	44100	24	1	0.283
808 From Mars/WAV/01. Individual Hits/01. Bass Drum/Color/01. Short/Various/BD 808 Mid Color A 06.wav	66698	44100	24	1	0.478
808 From Mars/WAV/01. Individual Hits/01. Bass Drum/Color/01. Short/Various/BD 808 Mid Color B 01.wav	101360	44100	24	1	0.748
808 From Mars/WAV/01. Individual Hits/01. Bass Drum/Color/01. Short/Various/BD 808 Mid Color B 02.wav	101176	44100	24	1	0.732
808 From Mars/WAV/01. Individual Hits/01. Bass Drum/Color/01. Short/Various/BD 808 Mid Color B 03.wav	167292	44100	24	1	1.212
808 From Mars/WAV/01. Individual Hits/01. Bass Drum/Color/01. Short/Various/BD 808 Mid Color B 04.wav	134482	44100	24	1	0.974
808 From Mars/WAV/01. Individual Hits/01. Bass Drum/Color/02. Long/Tuned/MPC60/Click/BD 808 01 MPC60 Click E.wav	875648	44100	24	1	6.433
808 From Mars/WAV/01. Individual Hits/01. Bass Drum/Color/02. Long/Tuned/MPC60/Click/BD 808 02 MPC60 Click F.wav	825762	44100	24	1	6.072
808 From Mars/WAV/01. Individual Hits/01. Bass Drum/Color/02. Long/Tuned/MPC60/Click/BD 808 03 MPC60 Click F#.wav	782172	44100	24	1	5.745
808 From Mars/WAV/01. Individual Hits/01. Bass Drum/Color/02. Long/Tuned/MPC60/Click/BD 808 04 MPC60 Click G.wav	737760	44100	24	1	5.425
808 From Mars/WAV/01. Individual Hits/01. Bass Drum/Color/02. Long/Tuned/MPC60/Click/BD 808 05 MPC60 Click G#.wav	695280	44100	24	1	5.108
808 From Mars/WAV/01. Individual Hits/01. Bass Drum/Color/02. Long/Tuned/MPC60/Click/BD 808 06 MPC60 Click A.wav	655120	44100	24	1	4.828
808 From Mars/WAV/01. Individual Hits/01. Bass Drum/Color/02. Long/Tuned/MPC60/Click/BD 808 07 MPC60 Click A#.wav	621430	44100	24	1	4.556
808 From Mars/WAV/01. Individual Hits/01. Bass Drum/Color/02. Long/Tuned/MPC60/Click/BD 808 08 MPC60 Click B.wav	586594	44100	24	1	4.302
808 From Mars/WAV/01. Individual Hits/01. Bass Drum/Color/02. Long/Tuned/MPC60/Click/BD 808 09 MPC60 Click C.wav	553788	44100	24	1	4.061
808 From Mars/WAV/01. Individual Hits/01. Bass Drum/Color/02. Long/Tuned/MPC60/Click/BD 808 10 MPC60 Click C#.wav	524182	44100	24	1	3.838
808 From Mars/WAV/01. Individual Hits/01. Bass Drum/Color/02. Long/Tuned/MPC60/Nice/BD 808 01 MPC60 Nice E.wav	875938	44100	24	1	6.432
808 From Mars/WAV/01. Individual Hits/01. Bass Drum/Color/02. Long/Tuned/MPC60/Nice/BD 808 02 MPC60 Nice F.wav	823642	44100	24	1	6.064
808 From Mars/WAV/01. Individual Hits/01. Bass Drum/Color/02. Long/Tuned/MPC60/Nice/BD 808 03 MPC60 Nice F#.wav	778058	44100	24	1	5.723
808 From Mars/WAV/01. Individual Hits/01. Bass Drum/Color/02. Long/Tuned/MPC60/Nice/BD 808 04 MPC60 Nice G.wav	736886	44100	24	1	5.417
808 From Mars/WAV/01. Individual Hits/01. Bass Drum/Color/02. Long/Tuned/MPC60/Nice/BD 808 05 MPC60 Nice G#.wav	697284	44100	24	1	5.117
808 From Mars/WAV/01. Individual Hits/01. Bass Drum/Color/02. Long/Tuned/MPC60/Nice/BD 808 06 MPC60 Nice A.wav	657238	44100	24	1	4.83
808 From Mars/WAV/01. Individual Hits/01. Bass Drum/Color/02. Long/Tuned/MPC60/Nice/BD 808 07 MPC60 Nice A#.wav	619376	44100	24	1	4.555
808 From Mars/WAV/01. Individual Hits/01. Bass Drum/Color/02. Long/Tuned/MPC60/Nice/BD 808 08 MPC60 Nice B.wav	587736	44100	24	1	4.309
808 From Mars/WAV/01. Individual Hits/01. Bass Drum/Color/02. Long/Tuned/MPC60/Nice/BD 808 09 MPC60 Nice C.wav	553846	44100	24	1	4.062
808 From Mars/WAV/01. Individual Hits/01. Bass Drum/Color/02. Long/Tuned/MPC60/Nice/BD 808 10 MPC60 Nice C#.wav	524334	44100	24	1	3.844
808 From Mars/WAV/01. Individual Hits/01. Bass Drum/Color/02. Long/Tuned/MPC60/Noise/BD 808 01 MPC60 Noise E.wav	875028	44100	24	1	6.442
808 From Mars/WAV/01. Individual Hits/01. Bass Drum/Color/02. Long/Tuned/MPC60/Noise/BD 808 02 MPC60 Noise F.wav	826836	44100	24	1	6.081
808 From Mars/WAV/01. Individual Hits/01. Bass Drum/Color/02. Long/Tuned/MPC60/Noise/BD 808 03 MPC60 Noise F#.wav	781726	44100	24	1	5.746
808 From Mars/WAV/01. Individual Hits/01. Bass Drum/Color/02. Long/Tuned/MPC60/Noise/BD 808 04 MPC60 Noise G.wav	738098	44100	24	1	5.426
808 From Mars/WAV/01. Individual Hits/01. Bass Drum/Color/02. Long/Tuned/MPC60/Noise/BD 808 05 MPC60 Noise G#.wav	694446	44100	24	1	5.113
808 From Mars/WAV/01. Individual Hits/01. Bass Drum/Color/02. Long/Tuned/MPC60/Noise/BD 808 06 MPC60 Noise A.wav	658518	44100	24	1	4.838
808 From Mars/WAV/01. Individual Hits/01. Bass Drum/Color/02. Long/Tuned/MPC60/Noise/BD 808 07 MPC60 Noise A#.wav	621494	44100	24	1	4.562
808 From Mars/WAV/01. Individual Hits/01. Bass Drum/Color/02. Long/Tuned/MPC60/Noise/BD 808 08 MPC60 Noise B.wav	588414	44100	24	1	4.309
808 From Mars/WAV/01. Individual Hits/01. Bass Drum/Color/02. Long/Tuned/MPC60/Noise/BD 808 09 MPC60 Noise C.wav	551902	44100	24	1	4.062
808 From Mars/WAV/01. Individual Hits/01. Bass Drum/Color/02. Long/Tuned/MPC60/Noise/BD 808 10 MPC60 Noise C#.wav	526306	44100	24	1	3.85
808 From Mars/WAV/01. Individual Hits/01. Bass Drum/Color/02. Long/Tuned/MPC60/Smooth/BD 808 01 MPC60 Smooth E.wav	841780	44100	24	1	6.19
808 From Mars/WAV/01. Individual Hits/01. Bass Drum/Color/02. Long/Tuned/MPC60/Smooth/BD 808 02 MPC60 Smooth F.wav	791946	44100	24	1	5.835
808 From Mars/WAV/01. Individual Hits/01. Bass Drum/Color/02. Long/Tuned/MPC60/Smooth/BD 808 03 MPC60 Smooth F#.wav	749952	44100	24	1	5.511
808 From Mars/WAV/01. Individual Hits/01. Bass Drum/Color/02. Long/Tuned/MPC60/Smooth/BD 808 04 MPC60 Smooth G.wav	707670	44100	24	1	5.195
808 From Mars/WAV/01. Individual Hits/01. Bass Drum/Color/02. Long/Tuned/MPC60/Smooth/BD 808 05 MPC60 Smooth G#.wav	668190	44100	24	1	4.913
808 From Mars/WAV/01. Individual Hits/01. Bass Drum/Color/02. Long/Tuned/MPC60/Smooth/BD 808 06 MPC60 Smooth A.wav	630800	44100	24	1	4.633
808 From Mars/WAV/01. Individual Hits/01. Bass Drum/Color/02. Long/Tuned/MPC60/Smooth/BD 808 07 MPC60 Smooth A#.wav	595272	44100	24	1	4.376
808 From Mars/WAV/01. Individual Hits/01. Bass Drum/Color/02. Long/Tuned/MPC60/Smooth/BD 808 08 MPC60 Smooth B.wav	562666	44100	24	1	4.14
808 From Mars/WAV/01. Individual Hits/01. Bass Drum/Color/02. Long/Tuned/MPC60/Smooth/BD 808 09 MPC60 Smooth C.wav	534428	44100	24	1	3.911
808 From Mars/WAV/01. Individual Hits/01. Bass Drum/Color/02. Long/Tuned/MPC60/Smooth/BD 808 10 MPC60 Smooth C#.wav	504278	44100	24	1	3.688
808 From Mars/WAV/01. Individual Hits/01. Bass Drum/Color/02. Long/Tuned/SP1200/BD 808 01 SP1200 E.wav	214684	44100	24	1	1.585
808 From Mars/WAV/01. Individual Hits/01. Bass Drum/Color/02. Long/Tuned/SP1200/BD 808 02 SP1200 F.wav	205662	44100	24	1	1.523
808 From Mars/WAV/01. Individual Hits/01. Bass Drum/Color/02. Long/Tuned/SP1200/BD 808 03 SP1200 F#.wav	199834	44100	24	1	1.478
808 From Mars/WAV/01. Individual Hits/01. Bass Drum/Color/02. Long/Tuned/SP1200/BD 808 04 SP1200 G.wav	185326	44100	24	1	1.371
808 From Mars/WAV/01. Individual Hits/01. Bass Drum/Color/02. Long/Tuned/SP1200/BD 808 05 SP1200 G#.wav	174972	44100	24	1	1.294
808 From Mars/WAV/01. Individual Hits/01. Bass Drum/Color/02. Long/Tuned/SP1200/BD 808 06 SP1200 A.wav	165678	44100	24	1	1.222
808 From Mars/WAV/01. Individual Hits/01. Bass Drum/Color/02. Long/Various/Deep/BD 808 Deep 01.wav	387966	44100	24	1	2.83
808 From Mars/WAV/01. Individual Hits/01. Bass Drum/Color/02. Long/Various/Deep/BD 808 Deep 02.wav	386694	44100	24	1	2.849
808 From Mars/WAV/01. Individual Hits/01. Bass Drum/Color/02. Long/Various/Deep/BD 808 Deep 03.wav	378742	44100	24	1	2.775
808 From Mars/WAV/01. Individual Hits/01. Bass Drum/Color/02. Long/Various/Deep/BD 808 Deep 04.wav	501940	44100	24	1	3.675
808 From Mars/WAV/01. Individual Hits/01. Bass Drum/Color/02. Long/Various/Deep/BD 808 Deep 05.wav	386238	44100	24	1	2.83
808 From Mars/WAV/01. Individual Hits/01. Bass Drum/Color/02. Long/Various/Deep/BD 808 Deep 06.wav	570294	44100	24	1	4.159
808 From Mars/WAV/01. Individual Hits/01. Bass Drum/Color/02. Long/Various/Deep/BD 808 Deep 07.wav	536850	44100	24	1	3.939
808 From Mars/WAV/01. Individual Hits/01. Bass Drum/Color/02. Long/Various/Moog/BD 808 Moog 01.wav	641238	44100	24	1	4.711
808 From Mars/WAV/01. Individual Hits/01. Bass Drum/Color/02. Long/Various/Moog/BD 808 Moog 02.wav	597346	44100	24	1	4.385
808 From Mars/WAV/01. Individual Hits/01. Bass Drum/Color/02. Long/Various/Moog/BD 808 Moog 03.wav	639902	44100	24	1	4.717
808 From Mars/WAV/01. Individual Hits/01. Bass Drum/Color/02. Long/Various/Moog/BD 808 Moog 04.wav	601594	44100	24	1	4.407
808 From Mars/WAV/01. Individual Hits/01. Bass Drum/Color/02. Long/Various/Noise/BD 808 Noise 01.wav	400218	44100	24	1	2.929
808 From Mars/WAV/01. Individual Hits/01. Bass Drum/Color/02. Long/Various/Noise/BD 808 Noise 02.wav	499496	44100	24	1	3.674
808 From Mars/WAV/01. Individual Hits/01. Bass Drum/Color/02. Long/Various/Noise/BD 808 Noise 03.wav	403610	44100	24	1	2.962
808 From Mars/WAV/01. Individual Hits/01. Bass Drum/Color/02. Long/Various/Noise/BD 808 Noise 04.wav	335692	44100	24	1	2.441
808 From Mars/WAV/01. Individual Hits/01. Bass Drum/Color/02. Long/Various/Noise/BD 808 Noise 05.wav	383806	44100	24	1	2.781
808 From Mars/WAV/01. Individual Hits/01. Bass Drum/Color/02. Long/Various/Noise/BD 808 Noise 06.wav	386334	44100	24	1	2.83
808 From Mars/WAV/01. Individual Hits/01. Bass Drum/Color/02. Long/Various/Noise/BD 808 Noise 07.wav	558962	44100	24	1	4.089
808 From Mars/WAV/01. Individual Hits/01. Bass Drum/Color/02. Long/Various/Smooth/BD 808 Smooth A 01.wav	252714	44100	24	1	1.843
808 From Mars/WAV/01. Individual Hits/01. Bass Drum/Color/02. Long/Various/Smooth/BD 808 Smooth A 02.wav	257798	44100	24	1	1.885
808 From Mars/WAV/01. Individual Hits/01. Bass Drum/Color/02. Long/Various/Smooth/BD 808 Smooth A 03.wav	269260	44100	24	1	1.965
808 From Mars/WAV/01. Individual Hits/01. Bass Drum/Color/02. Long/Various/Smooth/BD 808 Smooth B 01.wav	618186	44100	24	1	4.527
808 From Mars/WAV/01. Individual Hits/01. Bass Drum/Color/02. Long/Various/Smooth/BD 808 Smooth B 02.wav	555346	44100	24	1	4.056
808 From Mars/WAV/01. Individual Hits/01. Bass Drum/Color/02. Long/Various/Smooth/BD 808 Smooth B 03.wav	564352	44100	24	1	4.127
808 From Mars/WAV/01. Individual Hits/01. Bass Drum/Color/02. Long/Various/Smooth/BD 808 Smooth C 01.wav	591774	44100	24	1	4.38
808 From Mars/WAV/01. Individual Hits/01. Bass Drum/Color/02. Long/Various/Smooth/BD 808 Smooth C 02.wav	562300	44100	24	1	4.162
808 From Mars/WAV/01. Individual Hits/01. Bass Drum/Color/02. Long/Various/Smooth/BD 808 Smooth C 03.wav	536216	44100	24	1	3.966
808 From Mars/WAV/01. Individual Hits/01. Bass Drum/Color/02. Long/Various/Smooth/BD 808 Smooth C 04.wav	596224	44100	24	1	4.413
808 From Mars/WAV/01. Individual Hits/01. Bass Drum/Color/02. Long/Various/Smooth/BD 808 Smooth C 05.wav	573558	44100	24	1	4.203
808 From Mars/WAV/01. Individual Hits/01. Bass Drum/Color/02. Long/Various/Smooth/BD 808 Smooth C 06.wav	619206	44100	24	1	4.543
808 From Mars/WAV/01. Individual Hits/01. Bass Drum/Color/02. Long/Various/Smooth/BD 808 Smooth C 07.wav	618984	44100	24	1	4.52
808 From Mars/WAV/01. Individual Hits/01. Bass Drum/Color/02. Long/Various/Smooth/BD 808 Smooth C 08.wav	672430	44100	24	1	4.928
808 From Mars/WAV/01. Individual Hits/01. Bass Drum/Color/02. Long/Various/Smooth/BD 808 Smooth C 09.wav	649236	44100	24	1	4.762
808 From Mars/WAV/01. Individual Hits/01. Bass Drum/Color/02. Long/Various/Tube/BD 808 Tube 01.wav	673790	44100	24	1	4.951
808 From Mars/WAV/01. Individual Hits/01. Bass Drum/Color/02. Long/Various/Tube/BD 808 Tube 02.wav	704028	44100	24	1	5.168
808 From Mars/WAV/01. Individual Hits/01. Bass Drum/Color/02. Long/Various/Tube/BD 808 Tube 03.wav	710730	44100	24	1	5.21
808 From Mars/WAV/01. Individual Hits/01. Bass Drum/Color/02. Long/Various/Tube/BD 808 Tube 04.wav	696384	44100	24	1	5.105
808 From Mars/WAV/01. Individual Hits/01. Bass Drum/Color/02. Long/Various/Tube/BD 808 Tube 05.wav	729510	44100	24	1	5.374
808 From Mars/WAV/01. Individual Hits/01. Bass Drum/Color/02. Long/Various/Tube/BD 808 Tube 06.wav	695702	44100	24	1	5.125
808 From Mars/WAV/01. Individual Hits/01. Bass Drum/Color/02. Long/Various/Tube/BD 808 Tube 07.wav	694514	44100	24	1	5.118
808 From Mars/WAV/01. Individual Hits/01. Bass Drum/Color/02. Long/Various/Tube/BD 808 Tube 08.wav	742836	44100	24	1	5.449
808 From Mars/WAV/01. Individual Hits/01. Bass Drum/Color/02. Long/Various/Tube/BD 808 Tube 09.wav	702404	44100	24	1	5.152
808 From Mars/WAV/01. Individual Hits/02. Snare Drum/Clean/Digital/A/SD A 808 Tone A 01.wav	27346	44100	24	1	0.18
808 From Mars/WAV/01. Individual Hits/02. Snare Drum/Clean/Digital/A/SD A 808 Tone A 02.wav	28768	44100	24	1	0.192
808 From Mars/WAV/01. Individual Hits/02. Snare Drum/Clean/Digital/A/SD A 808 Tone A 03.wav	33930	44100	24	1	0.226
808 From Mars/WAV/01. Individual Hits/02. Snare Drum/Clean/Digital/A/SD A 808 Tone A 04.wav	33156	44100	24	1	0.223
808 From Mars/WAV/01. Individual Hits/02. Snare Drum/Clean/Digital/A/SD A 808 Tone A 05.wav	32926	44100	24	1	0.22
808 From Mars/WAV/01. Individual Hits/02. Snare Drum/Clean/Digital/A/SD A 808 Tone A 06.wav	37002	44100	24	1	0.243
808 From Mars/WAV/01. Individual Hits/02. Snare Drum/Clean/Digital/A/SD A 808 Tone B 01.wav	30590	44100	24	1	0.205
808 From Mars/WAV/01. Individual Hits/02. Snare Drum/Clean/Digital/A/SD A 808 Tone B 02.wav	31394	44100	24	1	0.211
808 From Mars/WAV/01. Individual Hits/02. Snare Drum/Clean/Digital/A/SD A 808 Tone B 03.wav	32478	44100	24	1	0.22
808 From Mars/WAV/01. Individual Hits/02. Snare Drum/Clean/Digital/A/SD A 808 Tone B 04.wav	31916	44100	24	1	0.217
808 From Mars/WAV/01. Individual Hits/02. Snare Drum/Clean/Digital/A/SD A 808 Tone B 05.wav	33254	44100	24	1	0.225
808 From Mars/WAV/01. Individual Hits/02. Snare Drum/Clean/Digital/A/SD A 808 Tone B 06.wav	33562	44100	24	1	0.225
808 From Mars/WAV/01. Individual Hits/02. Snare Drum/Clean/Digital/A/SD A 808 Tone C 01.wav	29004	44100	24	1	0.194
808 From Mars/WAV/01. Individual Hits/02. Snare Drum/Clean/Digital/A/SD A 808 Tone C 02.wav	30170	44100	24	1	0.2
808 From Mars/WAV/01. Individual Hits/02. Snare Drum/Clean/Digital/A/SD A 808 Tone C 03.wav	30496	44100	24	1	0.205
808 From Mars/WAV/01. Individual Hits/02. Snare Drum/Clean/Digital/A/SD A 808 Tone C 04.wav	30814	44100	24	1	0.208
808 From Mars/WAV/01. Individual Hits/02. Snare Drum/Clean/Digital/A/SD A 808 Tone C 05.wav	31532	44100	24	1	0.213
808 From Mars/WAV/01. Individual Hits/02. Snare Drum/Clean/Digital/A/SD A 808 Tone C 06.wav	32086	44100	24	1	0.215
808 From Mars/WAV/01. Individual Hits/02. Snare Drum/Clean/Digital/A/SD A 808 Tone D 01.wav	27590	44100	24	1	0.183
808 From Mars/WAV/01. Individual Hits/02. Snare Drum/Clean/Digital/A/SD A 808 Tone D 02.wav	29676	44100	24	1	0.197
808 From Mars/WAV/01. Individual Hits/02. Snare Drum/Clean/Digital/A/SD A 808 Tone D 03.wav	29564	44100	24	1	0.198
808 From Mars/WAV/01. Individual Hits/02. Snare Drum/Clean/Digital/A/SD A 808 Tone D 04.wav	30044	44100	24	1	0.203
808 From Mars/WAV/01. Individual Hits/02. Snare Drum/Clean/Digital/A/SD A 808 Tone D 05.wav	31460	44100	24	1	0.209
808 From Mars/WAV/01. Individual Hits/02. Snare Drum/Clean/Digital/A/SD A 808 Tone D 06.wav	32286	44100	24	1	0.212
808 From Mars/WAV/01. Individual Hits/02. Snare Drum/Clean/Digital/A/SD A 808 Tone E 01.wav	25196	44100	24	1	0.166
808 From Mars/WAV/01. Individual Hits/02. Snare Drum/Clean/Digital/A/SD A 808 Tone E 02.wav	26644	44100	24	1	0.178
808 From Mars/WAV/01. Individual Hits/02. Snare Drum/Clean/Digital/A/SD A 808 Tone E 03.wav	27696	44100	24	1	0.183
808 From Mars/WAV/01. Individual Hits/02. Snare Drum/Clean/Digital/A/SD A 808 Tone E 04.wav	27650	44100	24	1	0.185
808 From Mars/WAV/01. Individual Hits/02. Snare Drum/Clean/Digital/A/SD A 808 Tone E 05.wav	28430	44100	24	1	0.189
808 From Mars/WAV/01. Individual Hits/02. Snare Drum/Clean/Digital/A/SD A 808 Tone E 06.wav	29962	44100	24	1	0.198
808 From Mars/WAV/01. Individual Hits/02. Snare Drum/Clean/Digital/A/SD A 808 Tone F 01.wav	22872	44100	24	1	0.156
808 From Mars/WAV/01. Individual Hits/02. Snare Drum/Clean/Digital/A/SD A 808 Tone F 02.wav	25640	44100	24	1	0.175
808 From Mars/WAV/01. Individual Hits/02. Snare Drum/Clean/Digital/A/SD A 808 Tone F 03.wav	29094	44100	24	1	0.2
808 From Mars/WAV/01. Individual Hits/02. Snare Drum/Clean/Digital/A/SD A 808 Tone F 04.wav	30022	44100	24	1	0.206
808 From Mars/WAV/01. Individual Hits/02. Snare Drum/Clean/Digital/A/SD A 808 Tone F 05.wav	32686	44100	24	1	0.227
808 From Mars/WAV/01. Individual Hits/02. Snare Drum/Clean/Digital/A/SD A 808 Tone F 06.wav	33706	44100	24	1	0.235
808 From Mars/WAV/01. Individual Hits/02. Snare Drum/Clean/Digital/B/SD B 808 Tone A 01.wav	30386	44100	24	1	0.205
808 From Mars/WAV/01. Individual Hits/02. Snare Drum/Clean/Digital/B/SD B 808 Tone A 02.wav	31628	44100	24	1	0.214
808 From Mars/WAV/01. Individual Hits/02. Snare Drum/Clean/Digital/B/SD B 808 Tone A 03.wav	31096	44100	24	1	0.209
808 From Mars/WAV/01. Individual Hits/02. Snare Drum/Clean/Digital/B/SD B 808 Tone A 04.wav	30956	44100	24	1	0.209
808 From Mars/WAV/01. Individual Hits/02. Snare Drum/Clean/Digital/B/SD B 808 Tone A 05.wav	30744	44100	24	1	0.208
808 From Mars/WAV/01. Individual Hits/02. Snare Drum/Clean/Digital/B/SD B 808 Tone A 06.wav	30392	44100	24	1	0.208
808 From Mars/WAV/01. Individual Hits/02. Snare Drum/Clean/Digital/B/SD B 808 Tone B 01.wav	29782	44100	24	1	0.2
808 From Mars/WAV/01. Individual Hits/02. Snare Drum/Clean/Digital/B/SD B 808 Tone B 02.wav	29836	44100	24	1	0.203
808 From Mars/WAV/01. Individual Hits/02. Snare Drum/Clean/Digital/B/SD B 808 Tone B 03.wav	30724	44100	24	1	0.208
808 From Mars/WAV/01. Individual Hits/02. Snare Drum/Clean/Digital/B/SD B 808 Tone B 04.wav	31356	44100	24	1	0.214
808 From Mars/WAV/01. Individual Hits/02. Snare Drum/Clean/Digital/B/SD B 808 Tone B 05.wav	31224	44100	24	1	0.214
808 From Mars/WAV/01. Individual Hits/02. Snare Drum/Clean/Digital/B/SD B 808 Tone B 06.wav	30556	44100	24	1	0.206
808 From Mars/WAV/01. Individual Hits/02. Snare Drum/Clean/Digital/B/SD B 808 Tone C 01.wav	27958	44100	24	1	0.189
808 From Mars/WAV/01. Individual Hits/02. Snare Drum/Clean/Digital/B/SD B 808 Tone C 02.wav	28376	44100	24	1	0.191
808 From Mars/WAV/01. Individual Hits/02. Snare Drum/Clean/Digital/B/SD B 808 Tone C 03.wav	29140	44100	24	1	0.196
808 From Mars/WAV/01. Individual Hits/02. Snare Drum/Clean/Digital/B/SD B 808 Tone C 04.wav	28634	44100	24	1	0.194
808 From Mars/WAV/01. Individual Hits/02. Snare Drum/Clean/Digital/B/SD B 808 Tone C 05.wav	29514	44100	24	1	0.2
808 From Mars/WAV/01. Individual Hits/02. Snare Drum/Clean/Digital/B/SD B 808 Tone C 06.wav	30378	44100	24	1	0.2
808 From Mars/WAV/01. Individual Hits/02. Snare Drum/Clean/Digital/B/SD B 808 Tone D 01.wav	26548	44100	24	1	0.177
808 From Mars/WAV/01. Individual Hits/02. Snare Drum/Clean/Digital/B/SD B 808 Tone D 02.wav	27206	44100	24	1	0.183
808 From Mars/WAV/01. Individual Hits/02. Snare Drum/Clean/Digital/B/SD B 808 Tone D 03.wav	28340	44100	24	1	0.191
808 From Mars/WAV/01. Individual Hits/02. Snare Drum/Clean/Digital/B/SD B 808 Tone D 04.wav	28242	44100	24	1	0.191
808 From Mars/WAV/01. Individual Hits/02. Snare Drum/Clean/Digital/B/SD B 808 Tone D 05.wav	28318	44100	24	1	0.192
808 From Mars/WAV/01. Individual Hits/02. Snare Drum/Clean/Digital/B/SD B 808 Tone D 06.wav	31478	44100	24	1	0.209
808 From Mars/WAV/01. Individual Hits/02. Snare Drum/Clean/Digital/B/SD B 808 Tone E 01.wav	24780	44100	24	1	0.163
808 From Mars/WAV/01. Individual Hits/02. Snare Drum/Clean/Digital/B/SD B 808 Tone E 02.wav	25324	44100	24	1	0.169
808 From Mars/WAV/01. Individual Hits/02. Snare Drum/Clean/Digital/B/SD B 808 Tone E 03.wav	25992	44100	24	1	0.174
808 From Mars/WAV/01. Individual Hits/02. Snare Drum/Clean/Digital/B/SD B 808 Tone E 04.wav	26790	44100	24	1	0.18
808 From Mars/WAV/01. Individual Hits/02. Snare Drum/Clean/Digital/B/SD B 808 Tone E 05.wav	27104	44100	24	1	0.181
808 From Mars/WAV/01. Individual Hits/02. Snare Drum/Clean/Digital/B/SD B 808 Tone E 06.wav	27184	44100	24	1	0.183
808 From Mars/WAV/01. Individual Hits/02. Snare Drum/Clean/Digital/B/SD B 808 Tone F 01.wav	24270	44100	24	1	0.161
808 From Mars/WAV/01. Individual Hits/02. Snare Drum/Clean/Digital/B/SD B 808 Tone F 02.wav	25446	44100	24	1	0.17
808 From Mars/WAV/01. Individual Hits/02. Snare Drum/Clean/Digital/B/SD B 808 Tone F 03.wav	26874	44100	24	1	0.18
808 From Mars/WAV/01. Individual Hits/02. Snare Drum/Clean/Digital/B/SD B 808 Tone F 04.wav	27012	44100	24	1	0.181
808 From Mars/WAV/01. Individual Hits/02. Snare Drum/Clean/Digital/B/SD B 808 Tone F 05.wav	29844	44100	24	1	0.203
808 From Mars/WAV/01. Individual Hits/02. Snare Drum/Clean/Digital/B/SD B 808 Tone F 06.wav	26936	44100	24	1	0.18
808 From Mars/WAV/01. Individual Hits/02. Snare Drum/Clean/Digital/C/SD C 808 Tone A 01.wav	30854	44100	24	1	0.208
808 From Mars/WAV/01. Individual Hits/02. Snare Drum/Clean/Digital/C/SD C 808 Tone A 02.wav	30750	44100	24	1	0.208
808 From Mars/WAV/01. Individual Hits/02. Snare Drum/Clean/Digital/C/SD C 808 Tone A 03.wav	30712	44100	24	1	0.208
808 From Mars/WAV/01. Individual Hits/02. Snare Drum/Clean/Digital/C/SD C 808 Tone A 04.wav	31512	44100	24	1	0.214
808 From Mars/WAV/01. Individual Hits/02. Snare Drum/Clean/Digital/C/SD C 808 Tone A 05.wav	32206	44100	24	1	0.22
808 From Mars/WAV/01. Individual Hits/02. Snare Drum/Clean/Digital/C/SD C 808 Tone A 06.wav	32010	44100	24	1	0.214
808 From Mars/WAV/01. Individual Hits/02. Snare Drum/Clean/Digital/C/SD C 808 Tone B 01.wav	29814	44100	24	1	0.202
808 From Mars/WAV/01. Individual Hits/02. Snare Drum/Clean/Digital/C/SD C 808 Tone B 02.wav	29982	44100	24	1	0.203
808 From Mars/WAV/01. Individual Hits/02. Snare Drum/Clean/Digital/C/SD C 808 Tone B 03.wav	30234	44100	24	1	0.205
808 From Mars/WAV/01. Individual Hits/02. Snare Drum/Clean/Digital/C/SD C 808 Tone B 04.wav	31232	44100	24	1	0.214
808 From Mars/WAV/01. Individual Hits/02. Snare Drum/Clean/Digital/C/SD C 808 Tone B 05.wav	30388	44100	24	1	0.208
808 From Mars/WAV/01. Individual Hits/02. Snare Drum/Clean/Digital/C/SD C 808 Tone B 06.wav	30814	44100	24	1	0.205
808 From Mars/WAV/01. Individual Hits/02. Snare Drum/Clean/Digital/C/SD C 808 Tone C 01.wav	28416	44100	24	1	0.191
808 From Mars/WAV/01. Individual Hits/02. Snare Drum/Clean/Digital/C/SD C 808 Tone C 02.wav	28360	44100	24	1	0.191
808 From Mars/WAV/01. Individual Hits/02. Snare Drum/Clean/Digital/C/SD C 808 Tone C 03.wav	28928	44100	24	1	0.197
808 From Mars/WAV/01. Individual Hits/02. Snare Drum/Clean/Digital/C/SD C 808 Tone C 04.wav	28660	44100	24	1	0.194
808 From Mars/WAV/01. Individual Hits/02. Snare Drum/Clean/Digital/C/SD C 808 Tone C 05.wav	29094	44100	24	1	0.196
808 From Mars/WAV/01. Individual Hits/02. Snare Drum/Clean/Digital/C/SD C 808 Tone C 06.wav	31500	44100	24	1	0.214
808 From Mars/WAV/01. Individual Hits/02. Snare Drum/Clean/Digital/C/SD C 808 Tone D 01.wav	26786	44100	24	1	0.18
808 From Mars/WAV/01. Individual Hits/02. Snare Drum/Clean/Digital/C/SD C 808 Tone D 02.wav	26930	44100	24	1	0.18
808 From Mars/WAV/01. Individual Hits/02. Snare Drum/Clean/Digital/C/SD C 808 Tone D 03.wav	28154	44100	24	1	0.185
808 From Mars/WAV/01. Individual Hits/02. Snare Drum/Clean/Digital/C/SD C 808 Tone D 04.wav	27564	44100	24	1	0.186
808 From Mars/WAV/01. Individual Hits/02. Snare Drum/Clean/Digital/C/SD C 808 Tone D 05.wav	27966	44100	24	1	0.188
808 From Mars/WAV/01. Individual Hits/02. Snare Drum/Clean/Digital/C/SD C 808 Tone D 06.wav	28132	44100	24	1	0.186
808 From Mars/WAV/01. Individual Hits/02. Snare Drum/Clean/Digital/C/SD C 808 Tone E 01.wav	24994	44100	24	1	0.166
808 From Mars/WAV/01. Individual Hits/02. Snare Drum/Clean/Digital/C/SD C 808 Tone E 02.wav	25620	44100	24	1	0.172
808 From Mars/WAV/01. Individual Hits/02. Snare Drum/Clean/Digital/C/SD C 808 Tone E 03.wav	26360	44100	24	1	0.178
808 From Mars/WAV/01. Individual Hits/02. Snare Drum/Clean/Digital/C/SD C 808 Tone E 04.wav	25628	44100	24	1	0.172
808 From Mars/WAV/01. Individual Hits/02. Snare Drum/Clean/Digital/C/SD C 808 Tone E 05.wav	26844	44100	24	1	0.181
808 From Mars/WAV/01. Individual Hits/02. Snare Drum/Clean/Digital/C/SD C 808 Tone E 06.wav	28136	44100	24	1	0.185
808 From Mars/WAV/01. Individual Hits/02. Snare Drum/Clean/Digital/C/SD C 808 Tone F 01.wav	24648	44100	24	1	0.164
808 From Mars/WAV/01. Individual Hits/02. Snare Drum/Clean/Digital/C/SD C 808 Tone F 02.wav	25314	44100	24	1	0.169
808 From Mars/WAV/01. Individual Hits/02. Snare Drum/Clean/Digital/C/SD C 808 Tone F 03.wav	25624	44100	24	1	0.172
808 From Mars/WAV/01. Individual Hits/02. Snare Drum/Clean/Digital/C/SD C 808 Tone F 04.wav	26786	44100	24	1	0.18
808 From Mars/WAV/01. Individual Hits/02. Snare Drum/Clean/Digital/C/SD C 808 Tone F 05.wav	25964	44100	24	1	0.174
808 From Mars/WAV/01. Individual Hits/02. Snare Drum/Clean/Digital/C/SD C 808 Tone F 06.wav	27442	44100	24	1	0.181
808 From Mars/WAV/01. Individual Hits/02. Snare Drum/Clean/Tape/A/SD A 808 Tape Tone A 01.wav	23848	44100	24	1	0.155
808 From Mars/WAV/01. Individual Hits/02. Snare Drum/Clean/Tape/A/SD A 808 Tape Tone A 02.wav	18376	44100	24	1	0.133
808 From Mars/WAV/01. Individual Hits/02. Snare Drum/Clean/Tape/A/SD A 808 Tape Tone A 03.wav	19664	44100	24	1	0.143
808 From Mars/WAV/01. Individual Hits/02. Snare Drum/Clean/Tape/A/SD A 808 Tape Tone A 04.wav	20096	44100	24	1	0.146
808 From Mars/WAV/01. Individual Hits/02. Snare Drum/Clean/Tape/A/SD A 808 Tape Tone A 05.wav	22482	44100	24	1	0.164
808 From Mars/WAV/01. Individual Hits/02. Snare Drum/Clean/Tape/A/SD A 808 Tape Tone A 06.wav	20400	44100	24	1	0.148
808 From Mars/WAV/01. Individual Hits/02. Snare Drum/Clean/Tape/A/SD A 808 Tape Tone B 01.wav	23790	44100	24	1	0.155
808 From Mars/WAV/01. Individual Hits/02. Snare Drum/Clean/Tape/A/SD A 808 Tape Tone B 02.wav	21966	44100	24	1	0.16
808 From Mars/WAV/01. Individual Hits/02. Snare Drum/Clean/Tape/A/SD A 808 Tape Tone B 03.wav	22584	44100	24	1	0.165
808 From Mars/WAV/01. Individual Hits/02. Snare Drum/Clean/Tape/A/SD A 808 Tape Tone B 04.wav	18760	44100	24	1	0.136
808 From Mars/WAV/01. Individual Hits/02. Snare Drum/Clean/Tape/A/SD A 808 Tape Tone B 05.wav	19442	44100	24	1	0.141
808 From Mars/WAV/01. Individual Hits/02. Snare Drum/Clean/Tape/A/SD A 808 Tape Tone B 06.wav	18700	44100	24	1	0.136
808 From Mars/WAV/01. Individual Hits/02. Snare Drum/Clean/Tape/A/SD A 808 Tape Tone C 01.wav	23360	44100	24	1	0.152
808 From Mars/WAV/01. Individual Hits/02. Snare Drum/Clean/Tape/A/SD A 808 Tape Tone C 02.wav	19120	44100	24	1	0.139
808 From Mars/WAV/01. Individual Hits/02. Snare Drum/Clean/Tape/A/SD A 808 Tape Tone C 03.wav	26976	44100	24	1	0.197
808 From Mars/WAV/01. Individual Hits/02. Snare Drum/Clean/Tape/A/SD A 808 Tape Tone C 04.wav	18642	44100	24	1	0.135
808 From Mars/WAV/01. Individual Hits/02. Snare Drum/Clean/Tape/A/SD A 808 Tape Tone C 05.wav	20820	44100	24	1	0.151
808 From Mars/WAV/01. Individual Hits/02. Snare Drum/Clean/Tape/A/SD A 808 Tape Tone C 06.wav	16228	44100	24	1	0.117
808 From Mars/WAV/01. Individual Hits/02. Snare Drum/Clean/Tape/A/SD A 808 Tape Tone D 01.wav	23310	44100	24	1	0.152
808 From Mars/WAV/01. Individual Hits/02. Snare Drum/Clean/Tape/A/SD A 808 Tape Tone D 02.wav	14140	44100	24	1	0.102
808 From Mars/WAV/01. Individual Hits/02. Snare Drum/Clean/Tape/A/SD A 808 Tape Tone D 03.wav	17124	44100	24	1	0.124
808 From Mars/WAV/01. Individual Hits/02. Snare Drum/Clean/Tape/A/SD A 808 Tape Tone D 04.wav	18414	44100	24	1	0.134
808 From Mars/WAV/01. Individual Hits/02. Snare Drum/Clean/Tape/A/SD A 808 Tape Tone D 05.wav	19464	44100	24	1	0.141
808 From Mars/WAV/01. Individual Hits/02. Snare Drum/Clean/Tape/A/SD A 808 Tape Tone D 06.wav	18874	44100	24	1	0.137
808 From Mars/WAV/01. Individual Hits/02. Snare Drum/Clean/Tape/A/SD A 808 Tape Tone E 01.wav	19640	44100	24	1	0.125
808 From Mars/WAV/01. Individual Hits/02. Snare Drum/Clean/Tape/A/SD A 808 Tape Tone E 02.wav	18388	44100	24	1	0.133
808 From Mars/WAV/01. Individual Hits/02. Snare Drum/Clean/Tape/A/SD A 808 Tape Tone E 03.wav	17842	44100	24	1	0.129
808 From Mars/WAV/01. Individual Hits/02. Snare Drum/Clean/Tape/A/SD A 808 Tape Tone E 04.wav	17614	44100	24	1	0.128
808 From Mars/WAV/01. Individual Hits/02. Snare Drum/Clean/Tape/A/SD A 808 Tape Tone E 05.wav	19884	44100	24	1	0.145
808 From Mars/WAV/01. Individual Hits/02. Snare Drum/Clean/Tape/A/SD A 808 Tape Tone E 06.wav	18060	44100	24	1	0.131
808 From Mars/WAV/01. Individual Hits/02. Snare Drum/Clean/Tape/A/SD A 808 Tape Tone F 01.wav	16356	44100	24	1	0.107
808 From Mars/WAV/01. Individual Hits/02. Snare Drum/Clean/Tape/A/SD A 808 Tape Tone F 02.wav	14746	44100	24	1	0.106
808 From Mars/WAV/01. Individual Hits/02. Snare Drum/Clean/Tape/A/SD A 808 Tape Tone F 03.wav	18034	44100	24	1	0.131
808 From Mars/WAV/01. Individual Hits/02. Snare Drum/Clean/Tape/A/SD A 808 Tape Tone F 04.wav	17446	44100	24	1	0.126
808 From Mars/WAV/01. Individual Hits/02. Snare Drum/Clean/Tape/A/SD A 808 Tape Tone F 05.wav	18778	44100	24	1	0.136
808 From Mars/WAV/01. Individual Hits/02. Snare Drum/Clean/Tape/A/SD A 808 Tape Tone F 06.wav	20058	44100	24	1	0.146
808 From Mars/WAV/01. Individual Hits/02. Snare Drum/Clean/Tape/B/SD B 808 Tape Tone A 01.wav	25798	44100	24	1	0.172
808 From Mars/WAV/01. Individual Hits/02. Snare Drum/Clean/Tape/B/SD B 808 Tape Tone A 02.wav	17772	44100	24	1	0.129
808 From Mars/WAV/01. Individual Hits/02. Snare Drum/Clean/Tape/B/SD B 808 Tape Tone A 03.wav	19244	44100	24	1	0.14
808 From Mars/WAV/01. Individual Hits/02. Snare Drum/Clean/Tape/B/SD B 808 Tape Tone A 04.wav	18508	44100	24	1	0.134
808 From Mars/WAV/01. Individual Hits/02. Snare Drum/Clean/Tape/B/SD B 808 Tape Tone A 05.wav	20036	44100	24	1	0.146
808 From Mars/WAV/01. Individual Hits/02. Snare Drum/Clean/Tape/B/SD B 808 Tape Tone A 06.wav	18376	44100	24	1	0.133
808 From Mars/WAV/01. Individual Hits/02. Snare Drum/Clean/Tape/B/SD B 808 Tape Tone B 01.wav	25098	44100	24	1	0.166
808 From Mars/WAV/01. Individual Hits/02. Snare Drum/Clean/Tape/B/SD B 808 Tape Tone B 02.wav	19928	44100	24	1	0.145
808 From Mars/WAV/01. Individual Hits/02. Snare Drum/Clean/Tape/B/SD B 808 Tape Tone B 03.wav	20424	44100	24	1	0.149
808 From Mars/WAV/01. Individual Hits/02. Snare Drum/Clean/Tape/B/SD B 808 Tape Tone B 04.wav	20424	44100	24	1	0.149
808 From Mars/WAV/01. Individual Hits/02. Snare Drum/Clean/Tape/B/SD B 808 Tape Tone B 05.wav	18456	44100	24	1	0.134
808 From Mars/WAV/01. Individual Hits/02. Snare Drum/Clean/Tape/B/SD B 808 Tape Tone B 06.wav	18760	44100	24	1	0.136
808 From Mars/WAV/01. Individual Hits/02. Snare Drum/Clean/Tape/B/SD B 808 Tape Tone C 01.wav	24838	44100	24	1	0.165
808 From Mars/WAV/01. Individual Hits/02. Snare Drum/Clean/Tape/B/SD B 808 Tape Tone C 02.wav	15444	44100	24	1	0.111
808 From Mars/WAV/01. Individual Hits/02. Snare Drum/Clean/Tape/B/SD B 808 Tape Tone C 03.wav	16954	44100	24	1	0.123
808 From Mars/WAV/01. Individual Hits/02. Snare Drum/Clean/Tape/B/SD B 808 Tape Tone C 04.wav	17074	44100	24	1	0.124
808 From Mars/WAV/01. Individual Hits/02. Snare Drum/Clean/Tape/B/SD B 808 Tape Tone C 05.wav	18036	44100	24	1	0.131
808 From Mars/WAV/01. Individual Hits/02. Snare Drum/Clean/Tape/B/SD B 808 Tape Tone C 06.wav	17680	44100	24	1	0.128
808 From Mars/WAV/01. Individual Hits/02. Snare Drum/Clean/Tape/B/SD B 808 Tape Tone D 01.wav	22836	44100	24	1	0.15
808 From Mars/WAV/01. Individual Hits/02. Snare Drum/Clean/Tape/B/SD B 808 Tape Tone D 02.wav	14428	44100	24	1	0.104
808 From Mars/WAV/01. Individual Hits/02. Snare Drum/Clean/Tape/B/SD B 808 Tape Tone D 03.wav	15546	44100	24	1	0.112
808 From Mars/WAV/01. Individual Hits/02. Snare Drum/Clean/Tape/B/SD B 808 Tape Tone D 04.wav	18058	44100	24	1	0.131
808 From Mars/WAV/01. Individual Hits/02. Snare Drum/Clean/Tape/B/SD B 808 Tape Tone D 05.wav	17182	44100	24	1	0.124
808 From Mars/WAV/01. Individual Hits/02. Snare Drum/Clean/Tape/B/SD B 808 Tape Tone D 06.wav	18472	44100	24	1	0.134
808 From Mars/WAV/01. Individual Hits/02. Snare Drum/Clean/Tape/B/SD B 808 Tape Tone E 01.wav	20576	44100	24	1	0.132
808 From Mars/WAV/01. Individual Hits/02. Snare Drum/Clean/Tape/B/SD B 808 Tape Tone E 02.wav	15408	44100	24	1	0.111
808 From Mars/WAV/01. Individual Hits/02. Snare Drum/Clean/Tape/B/SD B 808 Tape Tone E 03.wav	16566	44100	24	1	0.12
808 From Mars/WAV/01. Individual Hits/02. Snare Drum/Clean/Tape/B/SD B 808 Tape Tone E 04.wav	16074	44100	24	1	0.116
808 From Mars/WAV/01. Individual Hits/02. Snare Drum/Clean/Tape/B/SD B 808 Tape Tone E 05.wav	18226	44100	24	1	0.132
808 From Mars/WAV/01. Individual Hits/02. Snare Drum/Clean/Tape/B/SD B 808 Tape Tone E 06.wav	18334	44100	24	1	0.133
808 From Mars/WAV/01. Individual Hits/02. Snare Drum/Clean/Tape/B/SD B 808 Tape Tone F 01.wav	18758	44100	24	1	0.12
808 From Mars/WAV/01. Individual Hits/02. Snare Drum/Clean/Tape/B/SD B 808 Tape Tone F 02.wav	15466	44100	24	1	0.112
808 From Mars/WAV/01. Individual Hits/02. Snare Drum/Clean/Tape/B/SD B 808 Tape Tone F 03.wav	18826	44100	24	1	0.137
808 From Mars/WAV/01. Individual Hits/02. Snare Drum/Clean/Tape/B/SD B 808 Tape Tone F 04.wav	18826	44100	24	1	0.137
808 From Mars/WAV/01. Individual Hits/02. Snare Drum/Clean/Tape/B/SD B 808 Tape Tone F 05.wav	19050	44100	24	1	0.138
808 From Mars/WAV/01. Individual Hits/02. Snare Drum/Clean/Tape/B/SD B 808 Tape Tone F 06.wav	15748	44100	24	1	0.114
808 From Mars/WAV/01. Individual Hits/02. Snare Drum/Clean/Tape/C/SD C 808 Tape Tone A 01.wav	27324	44100	24	1	0.183
808 From Mars/WAV/01. Individual Hits/02. Snare Drum/Clean/Tape/C/SD C 808 Tape Tone A 02.wav	21806	44100	24	1	0.159
808 From Mars/WAV/01. Individual Hits/02. Snare Drum/Clean/Tape/C/SD C 808 Tape Tone A 03.wav	21494	44100	24	1	0.157
808 From Mars/WAV/01. Individual Hits/02. Snare Drum/Clean/Tape/C/SD C 808 Tape Tone A 04.wav	21194	44100	24	1	0.154
808 From Mars/WAV/01. Individual Hits/02. Snare Drum/Clean/Tape/C/SD C 808 Tape Tone A 05.wav	22722	44100	24	1	0.166
808 From Mars/WAV/01. Individual Hits/02. Snare Drum/Clean/Tape/C/SD C 808 Tape Tone A 06.wav	21012	44100	24	1	0.153
808 From Mars/WAV/01. Individual Hits/02. Snare Drum/Clean/Tape/C/SD C 808 Tape Tone B 01.wav	27512	44100	24	1	0.186
808 From Mars/WAV/01. Individual Hits/02. Snare Drum/Clean/Tape/C/SD C 808 Tape Tone B 02.wav	18082	44100	24	1	0.131
808 From Mars/WAV/01. Individual Hits/02. Snare Drum/Clean/Tape/C/SD C 808 Tape Tone B 03.wav	18456	44100	24	1	0.134
808 From Mars/WAV/01. Individual Hits/02. Snare Drum/Clean/Tape/C/SD C 808 Tape Tone B 04.wav	19320	44100	24	1	0.14
808 From Mars/WAV/01. Individual Hits/02. Snare Drum/Clean/Tape/C/SD C 808 Tape Tone B 05.wav	19126	44100	24	1	0.139
808 From Mars/WAV/01. Individual Hits/02. Snare Drum/Clean/Tape/C/SD C 808 Tape Tone B 06.wav	19382	44100	24	1	0.141
808 From Mars/WAV/01. Individual Hits/02. Snare Drum/Clean/Tape/C/SD C 808 Tape Tone C 01.wav	25570	44100	24	1	0.171
808 From Mars/WAV/01. Individual Hits/02. Snare Drum/Clean/Tape/C/SD C 808 Tape Tone C 02.wav	18036	44100	24	1	0.131
808 From Mars/WAV/01. Individual Hits/02. Snare Drum/Clean/Tape/C/SD C 808 Tape Tone C 03.wav	16704	44100	24	1	0.121
808 From Mars/WAV/01. Individual Hits/02. Snare Drum/Clean/Tape/C/SD C 808 Tape Tone C 04.wav	20036	44100	24	1	0.146
808 From Mars/WAV/01. Individual Hits/02. Snare Drum/Clean/Tape/C/SD C 808 Tape Tone C 05.wav	21176	44100	24	1	0.154
808 From Mars/WAV/01. Individual Hits/02. Snare Drum/Clean/Tape/C/SD C 808 Tape Tone C 06.wav	20096	44100	24	1	0.146
808 From Mars/WAV/01. Individual Hits/02. Snare Drum/Clean/Tape/C/SD C 808 Tape Tone D 01.wav	22444	44100	24	1	0.148
808 From Mars/WAV/01. Individual Hits/02. Snare Drum/Clean/Tape/C/SD C 808 Tape Tone D 02.wav	18414	44100	24	1	0.134
808 From Mars/WAV/01. Individual Hits/02. Snare Drum/Clean/Tape/C/SD C 808 Tape Tone D 03.wav	17884	44100	24	1	0.13
808 From Mars/WAV/01. Individual Hits/02. Snare Drum/Clean/Tape/C/SD C 808 Tape Tone D 04.wav	19162	44100	24	1	0.139
808 From Mars/WAV/01. Individual Hits/02. Snare Drum/Clean/Tape/C/SD C 808 Tape Tone D 05.wav	19994	44100	24	1	0.145
808 From Mars/WAV/01. Individual Hits/02. Snare Drum/Clean/Tape/C/SD C 808 Tape Tone D 06.wav	18058	44100	24	1	0.131
808 From Mars/WAV/01. Individual Hits/02. Snare Drum/Clean/Tape/C/SD C 808 Tape Tone E 01.wav	20606	44100	24	1	0.134
808 From Mars/WAV/01. Individual Hits/02. Snare Drum/Clean/Tape/C/SD C 808 Tape Tone E 02.wav	17734	44100	24	1	0.129
808 From Mars/WAV/01. Individual Hits/02. Snare Drum/Clean/Tape/C/SD C 808 Tape Tone E 03.wav	17068	44100	24	1	0.124
808 From Mars/WAV/01. Individual Hits/02. Snare Drum/Clean/Tape/C/SD C 808 Tape Tone E 04.wav	20222	44100	24	1	0.147
808 From Mars/WAV/01. Individual Hits/02. Snare Drum/Clean/Tape/C/SD C 808 Tape Tone E 05.wav	20114	44100	24	1	0.146
808 From Mars/WAV/01. Individual Hits/02. Snare Drum/Clean/Tape/C/SD C 808 Tape Tone E 06.wav	18562	44100	24	1	0.135
808 From Mars/WAV/01. Individual Hits/02. Snare Drum/Clean/Tape/C/SD C 808 Tape Tone F 01.wav	19780	44100	24	1	0.128
808 From Mars/WAV/01. Individual Hits/02. Snare Drum/Clean/Tape/C/SD C 808 Tape Tone F 02.wav	14610	44100	24	1	0.105
808 From Mars/WAV/01. Individual Hits/02. Snare Drum/Clean/Tape/C/SD C 808 Tape Tone F 03.wav	17916	44100	24	1	0.13
808 From Mars/WAV/01. Individual Hits/02. Snare Drum/Clean/Tape/C/SD C 808 Tape Tone F 04.wav	17970	44100	24	1	0.13
808 From Mars/WAV/01. Individual Hits/02. Snare Drum/Clean/Tape/C/SD C 808 Tape Tone F 05.wav	17230	44100	24	1	0.125
808 From Mars/WAV/01. Individual Hits/02. Snare Drum/Clean/Tape/C/SD C 808 Tape Tone F 06.wav	15748	44100	24	1	0.114
808 From Mars/WAV/01. Individual Hits/02. Snare Drum/Color/Air/SD 808 Air 01.wav	261406	44100	24	1	1.892
808 From Mars/WAV/01. Individual Hits/02. Snare Drum/Color/Air/SD 808 Air 02.wav	85546	44100	24	1	0.615
808 From Mars/WAV/01. Individual Hits/02. Snare Drum/Color/Air/SD 808 Air 03.wav	233210	44100	24	1	1.705
808 From Mars/WAV/01. Individual Hits/02. Snare Drum/Color/Air/SD 808 Air 04.wav	86050	44100	24	1	0.614
808 From Mars/WAV/01. Individual Hits/02. Snare Drum/Color/Air/SD 808 Air 05.wav	264380	44100	24	1	1.925
808 From Mars/WAV/01. Individual Hits/02. Snare Drum/Color/Air/SD 808 Air 06.wav	310196	44100	24	1	2.27
808 From Mars/WAV/01. Individual Hits/02. Snare Drum/Color/Body/SD 808 Body 01.wav	22484	44100	24	1	0.15
808 From Mars/WAV/01. Individual Hits/02. Snare Drum/Color/Body/SD 808 Body 02.wav	25348	44100	24	1	0.173
808 From Mars/WAV/01. Individual Hits/02. Snare Drum/Color/Body/SD 808 Body 03.wav	26288	44100	24	1	0.179
808 From Mars/WAV/01. Individual Hits/02. Snare Drum/Color/Body/SD 808 Body 04.wav	27894	44100	24	1	0.191
808 From Mars/WAV/01. Individual Hits/02. Snare Drum/Color/Body/SD 808 Body 05.wav	28976	44100	24	1	0.2
808 From Mars/WAV/01. Individual Hits/02. Snare Drum/Color/Classic/SD 808 Classic 01.wav	21232	44100	24	1	0.142
808 From Mars/WAV/01. Individual Hits/02. Snare Drum/Color/Classic/SD 808 Classic 02.wav	21360	44100	24	1	0.143
808 From Mars/WAV/01. Individual Hits/02. Snare Drum/Color/Classic/SD 808 Classic 03.wav	22918	44100	24	1	0.154
808 From Mars/WAV/01. Individual Hits/02. Snare Drum/Color/Classic/SD 808 Classic 04.wav	27330	44100	24	1	0.187
808 From Mars/WAV/01. Individual Hits/02. Snare Drum/Color/Classic/SD 808 Classic 05.wav	27240	44100	24	1	0.187
808 From Mars/WAV/01. Individual Hits/02. Snare Drum/Color/Classic/SD 808 Classic 06.wav	32034	44100	24	1	0.222
808 From Mars/WAV/01. Individual Hits/02. Snare Drum/Color/Classic/SD 808 Classic 07.wav	38080	44100	24	1	0.267
808 From Mars/WAV/01. Individual Hits/02. Snare Drum/Color/Crisp/SD 808 Crisp A 01.wav	32814	44100	24	1	0.224
808 From Mars/WAV/01. Individual Hits/02. Snare Drum/Color/Crisp/SD 808 Crisp A 02.wav	32402	44100	24	1	0.223
808 From Mars/WAV/01. Individual Hits/02. Snare Drum/Color/Crisp/SD 808 Crisp A 03.wav	30732	44100	24	1	0.211
808 From Mars/WAV/01. Individual Hits/02. Snare Drum/Color/Crisp/SD 808 Crisp A 04.wav	29084	44100	24	1	0.196
808 From Mars/WAV/01. Individual Hits/02. Snare Drum/Color/Crisp/SD 808 Crisp A 05.wav	27820	44100	24	1	0.189
808 From Mars/WAV/01. Individual Hits/02. Snare Drum/Color/Crisp/SD 808 Crisp A 06.wav	25858	44100	24	1	0.172
808 From Mars/WAV/01. Individual Hits/02. Snare Drum/Color/Crisp/SD 808 Crisp A 07.wav	24440	44100	24	1	0.163
808 From Mars/WAV/01. Individual Hits/02. Snare Drum/Color/Crisp/SD 808 Crisp A 08.wav	26304	44100	24	1	0.177
808 From Mars/WAV/01. Individual Hits/02. Snare Drum/Color/Crisp/SD 808 Crisp B 01.wav	28212	44100	24	1	0.182
808 From Mars/WAV/01. Individual Hits/02. Snare Drum/Color/Crisp/SD 808 Crisp B 02.wav	22304	44100	24	1	0.145
808 From Mars/WAV/01. Individual Hits/02. Snare Drum/Color/Crisp/SD 808 Crisp B 03.wav	22182	44100	24	1	0.138
808 From Mars/WAV/01. Individual Hits/02. Snare Drum/Color/Crisp/SD 808 Crisp B 04.wav	21818	44100	24	1	0.143
808 From Mars/WAV/01. Individual Hits/02. Snare Drum/Color/Crisp/SD 808 Crisp B 05.wav	21892	44100	24	1	0.145
808 From Mars/WAV/01. Individual Hits/02. Snare Drum/Color/Crushed/SD 808 Crushed 01.wav	22802	44100	24	1	0.153
808 From Mars/WAV/01. Individual Hits/02. Snare Drum/Color/Crushed/SD 808 Crushed 02.wav	30546	44100	24	1	0.212
808 From Mars/WAV/01. Individual Hits/02. Snare Drum/Color/Crushed/SD 808 Crushed 03.wav	30866	44100	24	1	0.213
808 From Mars/WAV/01. Individual Hits/02. Snare Drum/Color/Crushed/SD 808 Crushed 04.wav	30588	44100	24	1	0.211
808 From Mars/WAV/01. Individual Hits/02. Snare Drum/Color/Crushed/SD 808 Crushed 05.wav	36636	44100	24	1	0.255
808 From Mars/WAV/01. Individual Hits/02. Snare Drum/Color/Filtered/SD 808 Filtered 01.wav	32992	44100	24	1	0.228
808 From Mars/WAV/01. Individual Hits/02. Snare Drum/Color/Filtered/SD 808 Filtered 02.wav	27192	44100	24	1	0.185
808 From Mars/WAV/01. Individual Hits/02. Snare Drum/Color/Filtered/SD 808 Filtered 03.wav	18764	44100	24	1	0.118
808 From Mars/WAV/01. Individual Hits/02. Snare Drum/Color/MPC60/SD 808 MPC60 Body.wav	30708	44100	24	1	0.225
808 From Mars/WAV/01. Individual Hits/02. Snare Drum/Color/MPC60/SD 808 MPC60 Snap.wav	29306	44100	24	1	0.214
808 From Mars/WAV/01. Individual Hits/02. Snare Drum/Color/MPC60/SD 808 MPC60 Tite.wav	16240	44100	24	1	0.117
808 From Mars/WAV/01. Individual Hits/02. Snare Drum/Color/Pitched/SD 808 Pitched 01.wav	57690	44100	24	1	0.412
808 From Mars/WAV/01. Individual Hits/02. Snare Drum/Color/Pitched/SD 808 Pitched 02.wav	62844	44100	24	1	0.45
808 From Mars/WAV/01. Individual Hits/02. Snare Drum/Color/Pitched/SD 808 Pitched 03.wav	58254	44100	24	1	0.416
808 From Mars/WAV/01. Individual Hits/02. Snare Drum/Color/Pitched/SD 808 Pitched 04.wav	54388	44100	24	1	0.388
808 From Mars/WAV/01. Individual Hits/02. Snare Drum/Color/Pitched/SD 808 Pitched 05.wav	38198	44100	24	1	0.268
808 From Mars/WAV/01. Individual Hits/02. Snare Drum/Color/Pitched/SD 808 Pitched 06.wav	36278	44100	24	1	0.254
808 From Mars/WAV/01. Individual Hits/02. Snare Drum/Color/Pitched/SD 808 Pitched 07.wav	31646	44100	24	1	0.22
808 From Mars/WAV/01. Individual Hits/02. Snare Drum/Color/Pitched/SD 808 Pitched 08.wav	37596	44100	24	1	0.264
808 From Mars/WAV/01. Individual Hits/02. Snare Drum/Color/Pitched/SD 808 Pitched 09.wav	37436	44100	24	1	0.262
808 From Mars/WAV/01. Individual Hits/02. Snare Drum/Color/Pitched/SD 808 Pitched 10.wav	37328	44100	24	1	0.262
808 From Mars/WAV/01. Individual Hits/02. Snare Drum/Color/Pitched/SD 808 Pitched 11.wav	39372	44100	24	1	0.277
808 From Mars/WAV/01. Individual Hits/02. Snare Drum/Color/Pitched/SD 808 Pitched 12.wav	36312	44100	24	1	0.254
808 From Mars/WAV/01. Individual Hits/02. Snare Drum/Color/Pitched/SD 808 Pitched 13.wav	36240	44100	24	1	0.255
808 From Mars/WAV/01. Individual Hits/02. Snare Drum/Color/Pitched/SD 808 Pitched 14.wav	33072	44100	24	1	0.231
808 From Mars/WAV/01. Individual Hits/02. Snare Drum/Color/Pitched/SD 808 Pitched 15.wav	19018	44100	24	1	0.128
808 From Mars/WAV/01. Individual Hits/02. Snare Drum/Color/Pitched/SD 808 Pitched 16.wav	18872	44100	24	1	0.126
808 From Mars/WAV/01. Individual Hits/02. Snare Drum/Color/Pitched/SD 808 Pitched 17.wav	17686	44100	24	1	0.117
808 From Mars/WAV/01. Individual Hits/02. Snare Drum/Color/Pitched/SD 808 Pitched 18.wav	15130	44100	24	1	0.098
808 From Mars/WAV/01. Individual Hits/02. Snare Drum/Color/Pitched/SD 808 Pitched 19.wav	18736	44100	24	1	0.125
808 From Mars/WAV/01. Individual Hits/02. Snare Drum/Color/Pitched/SD 808 Pitched 20.wav	19780	44100	24	1	0.133
808 From Mars/WAV/01. Individual Hits/02. Snare Drum/Color/Pitched/SD 808 Pitched 21.wav	17978	44100	24	1	0.12
808 From Mars/WAV/01. Individual Hits/02. Snare Drum/Color/Pitched/SD 808 Pitched 22.wav	26026	44100	24	1	0.178
808 From Mars/WAV/01. Individual Hits/02. Snare Drum/Color/Pitched/SD 808 Pitched 23.wav	25770	44100	24	1	0.177
808 From Mars/WAV/01. Individual Hits/02. Snare Drum/Color/Pitched/SD 808 Pitched 24.wav	23172	44100	24	1	0.158
808 From Mars/WAV/01. Individual Hits/02. Snare Drum/Color/Pitched/SD 808 Pitched 25.wav	25368	44100	24	1	0.174
808 From Mars/WAV/01. Individual Hits/02. Snare Drum/Color/Pitched/SD 808 Pitched 26.wav	16874	44100	24	1	0.112
808 From Mars/WAV/01. Individual Hits/02. Snare Drum/Color/Pitched/SD 808 Pitched 27.wav	21406	44100	24	1	0.144
808 From Mars/WAV/01. Individual Hits/02. Snare Drum/Color/Pitched/SD 808 Pitched 28.wav	17008	44100	24	1	0.113
808 From Mars/WAV/01. Individual Hits/02. Snare Drum/Color/Pitched/SD 808 Pitched 29.wav	15130	44100	24	1	0.098
808 From Mars/WAV/01. Individual Hits/02. Snare Drum/Color/Pitched/SD 808 Pitched 30.wav	14316	44100	24	1	0.092
808 From Mars/WAV/01. Individual Hits/02. Snare Drum/Color/Pitched/SD 808 Pitched 31.wav	13392	44100	24	1	0.086
808 From Mars/WAV/01. Individual Hits/02. Snare Drum/Color/Pitched/SD 808 Pitched 32.wav	12348	44100	24	1	0.078
808 From Mars/WAV/01. Individual Hits/02. Snare Drum/Color/Pitched/SD 808 Pitched 33.wav	11436	44100	24	1	0.071
808 From Mars/WAV/01. Individual Hits/02. Snare Drum/Color/Pitched/SD 808 Pitched 34.wav	16750	44100	24	1	0.11
808 From Mars/WAV/01. Individual Hits/02. Snare Drum/Color/Pitched/SD 808 Pitched 35.wav	14240	44100	24	1	0.092
808 From Mars/WAV/01. Individual Hits/02. Snare Drum/Color/Pitched/SD 808 Pitched 36.wav	11762	44100	24	1	0.074
808 From Mars/WAV/01. Individual Hits/02. Snare Drum/Color/Pitched/SD 808 Pitched 37.wav	15084	44100	24	1	0.098
808 From Mars/WAV/01. Individual Hits/02. Snare Drum/Color/Pitched/SD 808 Pitched 38.wav	14414	44100	24	1	0.093
808 From Mars/WAV/01. Individual Hits/02. Snare Drum/Color/Pitched/SD 808 Pitched 39.wav	12350	44100	24	1	0.078
808 From Mars/WAV/01. Individual Hits/02. Snare Drum/Color/Pitched/SD 808 Pitched 40.wav	12012	44100	24	1	0.075
808 From Mars/WAV/01. Individual Hits/02. Snare Drum/Color/Punch/SD 808 Punch A 01.wav	27756	44100	24	1	0.183
808 From Mars/WAV/01. Individual Hits/02. Snare Drum/Color/Punch/SD 808 Punch A 02.wav	40128	44100	24	1	0.282
808 From Mars/WAV/01. Individual Hits/02. Snare Drum/Color/Punch/SD 808 Punch A 03.wav	22660	44100	24	1	0.147
808 From Mars/WAV/01. Individual Hits/02. Snare Drum/Color/Punch/SD 808 Punch A 04.wav	25314	44100	24	1	0.165
808 From Mars/WAV/01. Individual Hits/02. Snare Drum/Color/Punch/SD 808 Punch A 05.wav	25592	44100	24	1	0.167
808 From Mars/WAV/01. Individual Hits/02. Snare Drum/Color/Punch/SD 808 Punch A 06.wav	64352	44100	24	1	0.462
808 From Mars/WAV/01. Individual Hits/02. Snare Drum/Color/Punch/SD 808 Punch A 07.wav	51864	44100	24	1	0.369
808 From Mars/WAV/01. Individual Hits/02. Snare Drum/Color/Punch/SD 808 Punch B 01.wav	22618	44100	24	1	0.146
808 From Mars/WAV/01. Individual Hits/02. Snare Drum/Color/Punch/SD 808 Punch B 02.wav	49754	44100	24	1	0.354
808 From Mars/WAV/01. Individual Hits/02. Snare Drum/Color/Punch/SD 808 Punch B 03.wav	48714	44100	24	1	0.346
808 From Mars/WAV/01. Individual Hits/02. Snare Drum/Color/Punch/SD 808 Punch B 04.wav	32086	44100	24	1	0.218
808 From Mars/WAV/01. Individual Hits/02. Snare Drum/Color/Saturated Tones/A/SD A 808 Sat A 01.wav	41600	44100	24	1	0.288
808 From Mars/WAV/01. Individual Hits/02. Snare Drum/Color/Saturated Tones/A/SD A 808 Sat A 02.wav	42446	44100	24	1	0.29
808 From Mars/WAV/01. Individual Hits/02. Snare Drum/Color/Saturated Tones/A/SD A 808 Sat A 03.wav	42860	44100	24	1	0.296
808 From Mars/WAV/01. Individual Hits/02. Snare Drum/Color/Saturated Tones/A/SD A 808 Sat A 04.wav	44290	44100	24	1	0.297
808 From Mars/WAV/01. Individual Hits/02. Snare Drum/Color/Saturated Tones/A/SD A 808 Sat B 01.wav	40972	44100	24	1	0.282
808 From Mars/WAV/01. Individual Hits/02. Snare Drum/Color/Saturated Tones/A/SD A 808 Sat B 02.wav	40722	44100	24	1	0.277
808 From Mars/WAV/01. Individual Hits/02. Snare Drum/Color/Saturated Tones/A/SD A 808 Sat B 03.wav	41002	44100	24	1	0.282
808 From Mars/WAV/01. Individual Hits/02. Snare Drum/Color/Saturated Tones/A/SD A 808 Sat B 04.wav	42286	44100	24	1	0.282
808 From Mars/WAV/01. Individual Hits/02. Snare Drum/Color/Saturated Tones/A/SD A 808 Sat C 01.wav	37962	44100	24	1	0.26
808 From Mars/WAV/01. Individual Hits/02. Snare Drum/Color/Saturated Tones/A/SD A 808 Sat C 02.wav	39748	44100	24	1	0.268
808 From Mars/WAV/01. Individual Hits/02. Snare Drum/Color/Saturated Tones/A/SD A 808 Sat C 03.wav	40622	44100	24	1	0.276
808 From Mars/WAV/01. Individual Hits/02. Snare Drum/Color/Saturated Tones/A/SD A 808 Sat C 04.wav	39956	44100	24	1	0.268
808 From Mars/WAV/01. Individual Hits/02. Snare Drum/Color/Saturated Tones/A/SD A 808 Sat D 01.wav	36170	44100	24	1	0.249
808 From Mars/WAV/01. Individual Hits/02. Snare Drum/Color/Saturated Tones/A/SD A 808 Sat D 02.wav	37170	44100	24	1	0.254
808 From Mars/WAV/01. Individual Hits/02. Snare Drum/Color/Saturated Tones/A/SD A 808 Sat D 03.wav	37742	44100	24	1	0.256
808 From Mars/WAV/01. Individual Hits/02. Snare Drum/Color/Saturated Tones/A/SD A 808 Sat D 04.wav	39484	44100	24	1	0.269
808 From Mars/WAV/01. Individual Hits/02. Snare Drum/Color/Saturated Tones/A/SD A 808 Sat E 01.wav	35612	44100	24	1	0.243
808 From Mars/WAV/01. Individual Hits/02. Snare Drum/Color/Saturated Tones/A/SD A 808 Sat E 02.wav	36242	44100	24	1	0.249
808 From Mars/WAV/01. Individual Hits/02. Snare Drum/Color/Saturated Tones/A/SD A 808 Sat E 03.wav	37046	44100	24	1	0.254
808 From Mars/WAV/01. Individual Hits/02. Snare Drum/Color/Saturated Tones/A/SD A 808 Sat E 04.wav	38044	44100	24	1	0.255
808 From Mars/WAV/01. Individual Hits/02. Snare Drum/Color/Saturated Tones/B/SD B 808 Sat A 01.wav	42688	44100	24	1	0.291
808 From Mars/WAV/01. Individual Hits/02. Snare Drum/Color/Saturated Tones/B/SD B 808 Sat A 02.wav	43140	44100	24	1	0.296
808 From Mars/WAV/01. Individual Hits/02. Snare Drum/Color/Saturated Tones/B/SD B 808 Sat A 03.wav	42822	44100	24	1	0.296
808 From Mars/WAV/01. Individual Hits/02. Snare Drum/Color/Saturated Tones/B/SD B 808 Sat A 04.wav	44654	44100	24	1	0.297
808 From Mars/WAV/01. Individual Hits/02. Snare Drum/Color/Saturated Tones/B/SD B 808 Sat B 01.wav	41302	44100	24	1	0.285
808 From Mars/WAV/01. Individual Hits/02. Snare Drum/Color/Saturated Tones/B/SD B 808 Sat B 02.wav	41410	44100	24	1	0.285
808 From Mars/WAV/01. Individual Hits/02. Snare Drum/Color/Saturated Tones/B/SD B 808 Sat B 03.wav	42178	44100	24	1	0.291
808 From Mars/WAV/01. Individual Hits/02. Snare Drum/Color/Saturated Tones/B/SD B 808 Sat B 04.wav	42540	44100	24	1	0.29
808 From Mars/WAV/01. Individual Hits/02. Snare Drum/Color/Saturated Tones/B/SD B 808 Sat C 01.wav	40418	44100	24	1	0.28
808 From Mars/WAV/01. Individual Hits/02. Snare Drum/Color/Saturated Tones/B/SD B 808 Sat C 02.wav	40886	44100	24	1	0.285
808 From Mars/WAV/01. Individual Hits/02. Snare Drum/Color/Saturated Tones/B/SD B 808 Sat C 03.wav	40368	44100	24	1	0.28
808 From Mars/WAV/01. Individual Hits/02. Snare Drum/Color/Saturated Tones/B/SD B 808 Sat C 04.wav	39458	44100	24	1	0.274
808 From Mars/WAV/01. Individual Hits/02. Snare Drum/Color/Saturated Tones/B/SD B 808 Sat D 01.wav	37808	44100	24	1	0.263
808 From Mars/WAV/01. Individual Hits/02. Snare Drum/Color/Saturated Tones/B/SD B 808 Sat D 02.wav	38632	44100	24	1	0.269
808 From Mars/WAV/01. Individual Hits/02. Snare Drum/Color/Saturated Tones/B/SD B 808 Sat D 03.wav	38232	44100	24	1	0.263
808 From Mars/WAV/01. Individual Hits/02. Snare Drum/Color/Saturated Tones/B/SD B 808 Sat D 04.wav	37746	44100	24	1	0.258
808 From Mars/WAV/01. Individual Hits/02. Snare Drum/Color/Tail/SD 808 Tail 01.wav	74678	44100	24	1	0.537
808 From Mars/WAV/01. Individual Hits/02. Snare Drum/Color/Tail/SD 808 Tail 02.wav	84308	44100	24	1	0.61
808 From Mars/WAV/01. Individual Hits/02. Snare Drum/Color/Tail/SD 808 Tail 03.wav	86066	44100	24	1	0.623
808 From Mars/WAV/01. Individual Hits/03. Low Tom/Clean/Digital/A/Tom Low A 808 01.wav	102578	44100	24	1	0.74
808 From Mars/WAV/01. Individual Hits/03. Low Tom/Clean/Digital/A/Tom Low A 808 02.wav	104098	44100	24	1	0.752
808 From Mars/WAV/01. Individual Hits/03. Low Tom/Clean/Digital/A/Tom Low A 808 03.wav	108406	44100	24	1	0.783
808 From Mars/WAV/01. Individual Hits/03. Low Tom/Clean/Digital/A/Tom Low A 808 04.wav	106588	44100	24	1	0.77
808 From Mars/WAV/01. Individual Hits/03. Low Tom/Clean/Digital/A/Tom Low A 808 05.wav	110064	44100	24	1	0.794
808 From Mars/WAV/01. Individual Hits/03. Low Tom/Clean/Digital/A/Tom Low A 808 06.wav	109702	44100	24	1	0.792
808 From Mars/WAV/01. Individual Hits/03. Low Tom/Clean/Digital/A/Tom Low A 808 07.wav	108000	44100	24	1	0.78
808 From Mars/WAV/01. Individual Hits/03. Low Tom/Clean/Digital/A/Tom Low A 808 08.wav	104972	44100	24	1	0.757
808 From Mars/WAV/01. Individual Hits/03. Low Tom/Clean/Digital/A/Tom Low A 808 09.wav	109494	44100	24	1	0.791
808 From Mars/WAV/01. Individual Hits/03. Low Tom/Clean/Digital/A/Tom Low A 808 10.wav	112582	44100	24	1	0.814
808 From Mars/WAV/01. Individual Hits/03. Low Tom/Clean/Digital/A/Tom Low A 808 11.wav	109194	44100	24	1	0.764
808 From Mars/WAV/01. Individual Hits/03. Low Tom/Clean/Digital/B/Tom Low B 808 01.wav	100614	44100	24	1	0.726
808 From Mars/WAV/01. Individual Hits/03. Low Tom/Clean/Digital/B/Tom Low B 808 02.wav	98968	44100	24	1	0.713
808 From Mars/WAV/01. Individual Hits/03. Low Tom/Clean/Digital/B/Tom Low B 808 03.wav	100872	44100	24	1	0.728
808 From Mars/WAV/01. Individual Hits/03. Low Tom/Clean/Digital/B/Tom Low B 808 04.wav	99718	44100	24	1	0.72
808 From Mars/WAV/01. Individual Hits/03. Low Tom/Clean/Digital/B/Tom Low B 808 05.wav	100026	44100	24	1	0.722
808 From Mars/WAV/01. Individual Hits/03. Low Tom/Clean/Digital/B/Tom Low B 808 06.wav	99192	44100	24	1	0.715
808 From Mars/WAV/01. Individual Hits/03. Low Tom/Clean/Digital/B/Tom Low B 808 07.wav	103858	44100	24	1	0.751
808 From Mars/WAV/01. Individual Hits/03. Low Tom/Clean/Digital/B/Tom Low B 808 08.wav	103460	44100	24	1	0.747
808 From Mars/WAV/01. Individual Hits/03. Low Tom/Clean/Digital/B/Tom Low B 808 09.wav	102196	44100	24	1	0.738
808 From Mars/WAV/01. Individual Hits/03. Low Tom/Clean/Digital/B/Tom Low B 808 10.wav	102914	44100	24	1	0.743
808 From Mars/WAV/01. Individual Hits/03. Low Tom/Clean/Digital/B/Tom Low B 808 11.wav	110254	44100	24	1	0.781
808 From Mars/WAV/01. Individual Hits/03. Low Tom/Clean/Digital/C/Tom Low C 808 01.wav	101802	44100	24	1	0.733
808 From Mars/WAV/01. Individual Hits/03. Low Tom/Clean/Digital/C/Tom Low C 808 02.wav	98628	44100	24	1	0.71
808 From Mars/WAV/01. Individual Hits/03. Low Tom/Clean/Digital/C/Tom Low C 808 03.wav	102512	44100	24	1	0.74
808 From Mars/WAV/01. Individual Hits/03. Low Tom/Clean/Digital/C/Tom Low C 808 04.wav	100400	44100	24	1	0.723
808 From Mars/WAV/01. Individual Hits/03. Low Tom/Clean/Digital/C/Tom Low C 808 05.wav	100446	44100	24	1	0.724
808 From Mars/WAV/01. Individual Hits/03. Low Tom/Clean/Digital/C/Tom Low C 808 06.wav	100838	44100	24	1	0.727
808 From Mars/WAV/01. Individual Hits/03. Low Tom/Clean/Digital/C/Tom Low C 808 07.wav	100348	44100	24	1	0.726
808 From Mars/WAV/01. Individual Hits/03. Low Tom/Clean/Digital/C/Tom Low C 808 08.wav	99452	44100	24	1	0.719
808 From Mars/WAV/01. Individual Hits/03. Low Tom/Clean/Digital/C/Tom Low C 808 09.wav	103792	44100	24	1	0.746
808 From Mars/WAV/01. Individual Hits/03. Low Tom/Clean/Digital/C/Tom Low C 808 10.wav	101992	44100	24	1	0.735
808 From Mars/WAV/01. Individual Hits/03. Low Tom/Clean/Digital/C/Tom Low C 808 11.wav	106608	44100	24	1	0.751
808 From Mars/WAV/01. Individual Hits/03. Low Tom/Clean/Tape/A/Tom Low A 808 Tape 01.wav	42784	44100	24	1	0.302
808 From Mars/WAV/01. Individual Hits/03. Low Tom/Clean/Tape/A/Tom Low A 808 Tape 02.wav	43186	44100	24	1	0.305
808 From Mars/WAV/01. Individual Hits/03. Low Tom/Clean/Tape/A/Tom Low A 808 Tape 03.wav	41496	44100	24	1	0.293
808 From Mars/WAV/01. Individual Hits/03. Low Tom/Clean/Tape/A/Tom Low A 808 Tape 04.wav	39144	44100	24	1	0.276
808 From Mars/WAV/01. Individual Hits/03. Low Tom/Clean/Tape/A/Tom Low A 808 Tape 05.wav	41304	44100	24	1	0.292
808 From Mars/WAV/01. Individual Hits/03. Low Tom/Clean/Tape/A/Tom Low A 808 Tape 06.wav	40312	44100	24	1	0.284
808 From Mars/WAV/01. Individual Hits/03. Low Tom/Clean/Tape/A/Tom Low A 808 Tape 07.wav	40120	44100	24	1	0.283
808 From Mars/WAV/01. Individual Hits/03. Low Tom/Clean/Tape/A/Tom Low A 808 Tape 08.wav	41496	44100	24	1	0.293
808 From Mars/WAV/01. Individual Hits/03. Low Tom/Clean/Tape/A/Tom Low A 808 Tape 09.wav	37768	44100	24	1	0.266
808 From Mars/WAV/01. Individual Hits/03. Low Tom/Clean/Tape/A/Tom Low A 808 Tape 10.wav	39144	44100	24	1	0.276
808 From Mars/WAV/01. Individual Hits/03. Low Tom/Clean/Tape/A/Tom Low A 808 Tape 11.wav	45608	44100	24	1	0.324
808 From Mars/WAV/01. Individual Hits/03. Low Tom/Clean/Tape/B/Tom Low B 808 Tape 01.wav	44162	44100	24	1	0.312
808 From Mars/WAV/01. Individual Hits/03. Low Tom/Clean/Tape/B/Tom Low B 808 Tape 02.wav	42382	44100	24	1	0.3
808 From Mars/WAV/01. Individual Hits/03. Low Tom/Clean/Tape/B/Tom Low B 808 Tape 03.wav	46784	44100	24	1	0.332
808 From Mars/WAV/01. Individual Hits/03. Low Tom/Clean/Tape/B/Tom Low B 808 Tape 04.wav	45158	44100	24	1	0.32
808 From Mars/WAV/01. Individual Hits/03. Low Tom/Clean/Tape/B/Tom Low B 808 Tape 05.wav	45620	44100	24	1	0.324
808 From Mars/WAV/01. Individual Hits/03. Low Tom/Clean/Tape/B/Tom Low B 808 Tape 06.wav	46542	44100	24	1	0.331
808 From Mars/WAV/01. Individual Hits/03. Low Tom/Clean/Tape/B/Tom Low B 808 Tape 07.wav	47228	44100	24	1	0.336
808 From Mars/WAV/01. Individual Hits/03. Low Tom/Clean/Tape/B/Tom Low B 808 Tape 08.wav	47870	44100	24	1	0.34
808 From Mars/WAV/01. Individual Hits/03. Low Tom/Clean/Tape/B/Tom Low B 808 Tape 09.wav	48600	44100	24	1	0.346
808 From Mars/WAV/01. Individual Hits/03. Low Tom/Clean/Tape/B/Tom Low B 808 Tape 10.wav	48760	44100	24	1	0.347
808 From Mars/WAV/01. Individual Hits/03. Low Tom/Clean/Tape/B/Tom Low B 808 Tape 11.wav	50736	44100	24	1	0.362
808 From Mars/WAV/01. Individual Hits/03. Low Tom/Clean/Tape/C/Tom Low C 808 Tape 01.wav	41570	44100	24	1	0.293
808 From Mars/WAV/01. Individual Hits/03. Low Tom/Clean/Tape/C/Tom Low C 808 Tape 02.wav	43482	44100	24	1	0.308
808 From Mars/WAV/01. Individual Hits/03. Low Tom/Clean/Tape/C/Tom Low C 808 Tape 03.wav	45344	44100	24	1	0.322
808 From Mars/WAV/01. Individual Hits/03. Low Tom/Clean/Tape/C/Tom Low C 808 Tape 04.wav	42136	44100	24	1	0.298
808 From Mars/WAV/01. Individual Hits/03. Low Tom/Clean/Tape/C/Tom Low C 808 Tape 05.wav	43570	44100	24	1	0.308
808 From Mars/WAV/01. Individual Hits/03. Low Tom/Clean/Tape/C/Tom Low C 808 Tape 06.wav	44816	44100	24	1	0.318
808 From Mars/WAV/01. Individual Hits/03. Low Tom/Clean/Tape/C/Tom Low C 808 Tape 07.wav	44320	44100	24	1	0.314
808 From Mars/WAV/01. Individual Hits/03. Low Tom/Clean/Tape/C/Tom Low C 808 Tape 08.wav	46204	44100	24	1	0.328
808 From Mars/WAV/01. Individual Hits/03. Low Tom/Clean/Tape/C/Tom Low C 808 Tape 09.wav	48056	44100	24	1	0.342
808 From Mars/WAV/01. Individual Hits/03. Low Tom/Clean/Tape/C/Tom Low C 808 Tape 10.wav	46566	44100	24	1	0.331
808 From Mars/WAV/01. Individual Hits/03. Low Tom/Clean/Tape/C/Tom Low C 808 Tape 11.wav	48138	44100	24	1	0.342
808 From Mars/WAV/01. Individual Hits/03. Low Tom/Color/Saturated/Tom Low 808 Sat A 01.wav	92130	44100	24	1	0.652
808 From Mars/WAV/01. Individual Hits/03. Low Tom/Color/Saturated/Tom Low 808 Sat A 02.wav	90642	44100	24	1	0.649
808 From Mars/WAV/01. Individual Hits/03. Low Tom/Color/Saturated/Tom Low 808 Sat A 03.wav	90998	44100	24	1	0.651
808 From Mars/WAV/01. Individual Hits/03. Low Tom/Color/Saturated/Tom Low 808 Sat A 04.wav	92636	44100	24	1	0.663
808 From Mars/WAV/01. Individual Hits/03. Low Tom/Color/Saturated/Tom Low 808 Sat A 05.wav	91472	44100	24	1	0.656
808 From Mars/WAV/01. Individual Hits/03. Low Tom/Color/Saturated/Tom Low 808 Sat A 06.wav	90568	44100	24	1	0.65
808 From Mars/WAV/01. Individual Hits/03. Low Tom/Color/Saturated/Tom Low 808 Sat A 07.wav	91060	44100	24	1	0.653
808 From Mars/WAV/01. Individual Hits/03. Low Tom/Color/Saturated/Tom Low 808 Sat A 08.wav	93338	44100	24	1	0.668
808 From Mars/WAV/01. Individual Hits/03. Low Tom/Color/Saturated/Tom Low 808 Sat A 09.wav	93520	44100	24	1	0.663
808 From Mars/WAV/01. Individual Hits/03. Low Tom/Color/Saturated/Tom Low 808 Sat A 10.wav	92666	44100	24	1	0.667
808 From Mars/WAV/01. Individual Hits/03. Low Tom/Color/Saturated/Tom Low 808 Sat A 11.wav	95560	44100	24	1	0.679
808 From Mars/WAV/01. Individual Hits/03. Low Tom/Color/Saturated/Tom Low 808 Sat B 01.wav	101886	44100	24	1	0.726
808 From Mars/WAV/01. Individual Hits/03. Low Tom/Color/Saturated/Tom Low 808 Sat B 02.wav	97392	44100	24	1	0.695
808 From Mars/WAV/01. Individual Hits/03. Low Tom/Color/Saturated/Tom Low 808 Sat B 03.wav	99816	44100	24	1	0.716
808 From Mars/WAV/01. Individual Hits/03. Low Tom/Color/Saturated/Tom Low 808 Sat B 04.wav	99714	44100	24	1	0.715
808 From Mars/WAV/01. Individual Hits/03. Low Tom/Color/Saturated/Tom Low 808 Sat B 05.wav	103056	44100	24	1	0.739
808 From Mars/WAV/01. Individual Hits/03. Low Tom/Color/Saturated/Tom Low 808 Sat B 06.wav	103326	44100	24	1	0.744
808 From Mars/WAV/01. Individual Hits/03. Low Tom/Color/Saturated/Tom Low 808 Sat B 07.wav	101566	44100	24	1	0.729
808 From Mars/WAV/01. Individual Hits/03. Low Tom/Color/Saturated/Tom Low 808 Sat B 08.wav	104754	44100	24	1	0.753
808 From Mars/WAV/01. Individual Hits/03. Low Tom/Color/Saturated/Tom Low 808 Sat B 09.wav	102724	44100	24	1	0.739
808 From Mars/WAV/01. Individual Hits/03. Low Tom/Color/Saturated/Tom Low 808 Sat B 10.wav	100720	44100	24	1	0.725
808 From Mars/WAV/01. Individual Hits/03. Low Tom/Color/Saturated/Tom Low 808 Sat B 11.wav	103344	44100	24	1	0.735
808 From Mars/WAV/01. Individual Hits/03. Low Tom/Color/Various/Tom Low 808 Color 01.wav	45348	44100	24	1	0.318
808 From Mars/WAV/01. Individual Hits/03. Low Tom/Color/Various/Tom Low 808 Color 02.wav	52894	44100	24	1	0.375
808 From Mars/WAV/01. Individual Hits/03. Low Tom/Color/Various/Tom Low 808 Color 03.wav	66322	44100	24	1	0.475
808 From Mars/WAV/01. Individual Hits/03. Low Tom/Color/Various/Tom Low 808 Color 04.wav	86916	44100	24	1	0.628
808 From Mars/WAV/01. Individual Hits/03. Low Tom/Color/Various/Tom Low 808 Color 05.wav	76230	44100	24	1	0.548
808 From Mars/WAV/01. Individual Hits/03. Low Tom/Color/Various/Tom Low 808 Color 06.wav	67884	44100	24	1	0.486
808 From Mars/WAV/01. Individual Hits/03. Low Tom/Color/Various/Tom Low 808 Color 07.wav	85780	44100	24	1	0.619
808 From Mars/WAV/01. Individual Hits/03. Low Tom/Color/Various/Tom Low 808 Color 08.wav	91660	44100	24	1	0.662
808 From Mars/WAV/01. Individual Hits/04. Mid Tom/Clean/Digital/A/Tom Mid A 808 01.wav	71160	44100	24	1	0.502
808 From Mars/WAV/01. Individual Hits/04. Mid Tom/Clean/Digital/A/Tom Mid A 808 02.wav	71444	44100	24	1	0.507
808 From Mars/WAV/01. Individual Hits/04. Mid Tom/Clean/Digital/A/Tom Mid A 808 03.wav	65892	44100	24	1	0.467
808 From Mars/WAV/01. Individual Hits/04. Mid Tom/Clean/Digital/A/Tom Mid A 808 04.wav	64590	44100	24	1	0.457
808 From Mars/WAV/01. Individual Hits/04. Mid Tom/Clean/Digital/A/Tom Mid A 808 05.wav	69280	44100	24	1	0.493
808 From Mars/WAV/01. Individual Hits/04. Mid Tom/Clean/Digital/A/Tom Mid A 808 06.wav	69398	44100	24	1	0.494
808 From Mars/WAV/01. Individual Hits/04. Mid Tom/Clean/Digital/A/Tom Mid A 808 07.wav	66600	44100	24	1	0.474
808 From Mars/WAV/01. Individual Hits/04. Mid Tom/Clean/Digital/A/Tom Mid A 808 08.wav	73136	44100	24	1	0.522
808 From Mars/WAV/01. Individual Hits/04. Mid Tom/Clean/Digital/A/Tom Mid A 808 09.wav	68234	44100	24	1	0.486
808 From Mars/WAV/01. Individual Hits/04. Mid Tom/Clean/Digital/A/Tom Mid A 808 10.wav	68490	44100	24	1	0.489
808 From Mars/WAV/01. Individual Hits/04. Mid Tom/Clean/Digital/A/Tom Mid A 808 11.wav	74158	44100	24	1	0.518
808 From Mars/WAV/01. Individual Hits/04. Mid Tom/Clean/Digital/B/Tom Mid B 808 01.wav	64600	44100	24	1	0.457
808 From Mars/WAV/01. Individual Hits/04. Mid Tom/Clean/Digital/B/Tom Mid B 808 02.wav	66070	44100	24	1	0.468
808 From Mars/WAV/01. Individual Hits/04. Mid Tom/Clean/Digital/B/Tom Mid B 808 03.wav	67566	44100	24	1	0.48
808 From Mars/WAV/01. Individual Hits/04. Mid Tom/Clean/Digital/B/Tom Mid B 808 04.wav	66802	44100	24	1	0.476
808 From Mars/WAV/01. Individual Hits/04. Mid Tom/Clean/Digital/B/Tom Mid B 808 05.wav	65494	44100	24	1	0.464
808 From Mars/WAV/01. Individual Hits/04. Mid Tom/Clean/Digital/B/Tom Mid B 808 06.wav	68956	44100	24	1	0.489
808 From Mars/WAV/01. Individual Hits/04. Mid Tom/Clean/Digital/B/Tom Mid B 808 07.wav	65322	44100	24	1	0.464
808 From Mars/WAV/01. Individual Hits/04. Mid Tom/Clean/Digital/B/Tom Mid B 808 08.wav	65726	44100	24	1	0.468
808 From Mars/WAV/01. Individual Hits/04. Mid Tom/Clean/Digital/B/Tom Mid B 808 09.wav	64632	44100	24	1	0.46
808 From Mars/WAV/01. Individual Hits/04. Mid Tom/Clean/Digital/B/Tom Mid B 808 10.wav	66580	44100	24	1	0.475
808 From Mars/WAV/01. Individual Hits/04. Mid Tom/Clean/Digital/B/Tom Mid B 808 11.wav	65892	44100	24	1	0.454
808 From Mars/WAV/01. Individual Hits/04. Mid Tom/Clean/Digital/C/Tom Mid C 808 01.wav	66662	44100	24	1	0.471
808 From Mars/WAV/01. Individual Hits/04. Mid Tom/Clean/Digital/C/Tom Mid C 808 02.wav	66006	44100	24	1	0.468
808 From Mars/WAV/01. Individual Hits/04. Mid Tom/Clean/Digital/C/Tom Mid C 808 03.wav	66738	44100	24	1	0.474
808 From Mars/WAV/01. Individual Hits/04. Mid Tom/Clean/Digital/C/Tom Mid C 808 04.wav	66684	44100	24	1	0.473
808 From Mars/WAV/01. Individual Hits/04. Mid Tom/Clean/Digital/C/Tom Mid C 808 05.wav	66232	44100	24	1	0.47
808 From Mars/WAV/01. Individual Hits/04. Mid Tom/Clean/Digital/C/Tom Mid C 808 06.wav	68470	44100	24	1	0.486
808 From Mars/WAV/01. Individual Hits/04. Mid Tom/Clean/Digital/C/Tom Mid C 808 07.wav	66558	44100	24	1	0.471
808 From Mars/WAV/01. Individual Hits/04. Mid Tom/Clean/Digital/C/Tom Mid C 808 08.wav	66356	44100	24	1	0.47
808 From Mars/WAV/01. Individual Hits/04. Mid Tom/Clean/Digital/C/Tom Mid C 808 09.wav	66608	44100	24	1	0.472
808 From Mars/WAV/01. Individual Hits/04. Mid Tom/Clean/Digital/C/Tom Mid C 808 10.wav	67732	44100	24	1	0.48
808 From Mars/WAV/01. Individual Hits/04. Mid Tom/Clean/Digital/C/Tom Mid C 808 11.wav	72280	44100	24	1	0.484
808 From Mars/WAV/01. Individual Hits/04. Mid Tom/Clean/Tape/A/Tom Mid A 808 Tape 01.wav	28040	44100	24	1	0.193
808 From Mars/WAV/01. Individual Hits/04. Mid Tom/Clean/Tape/A/Tom Mid A 808 Tape 02.wav	28782	44100	24	1	0.199
808 From Mars/WAV/01. Individual Hits/04. Mid Tom/Clean/Tape/A/Tom Mid A 808 Tape 03.wav	29608	44100	24	1	0.205
808 From Mars/WAV/01. Individual Hits/04. Mid Tom/Clean/Tape/A/Tom Mid A 808 Tape 04.wav	30012	44100	24	1	0.208
808 From Mars/WAV/01. Individual Hits/04. Mid Tom/Clean/Tape/A/Tom Mid A 808 Tape 05.wav	30838	44100	24	1	0.214
808 From Mars/WAV/01. Individual Hits/04. Mid Tom/Clean/Tape/A/Tom Mid A 808 Tape 06.wav	30524	44100	24	1	0.211
808 From Mars/WAV/01. Individual Hits/04. Mid Tom/Clean/Tape/A/Tom Mid A 808 Tape 07.wav	28360	44100	24	1	0.196
808 From Mars/WAV/01. Individual Hits/04. Mid Tom/Clean/Tape/A/Tom Mid A 808 Tape 08.wav	30434	44100	24	1	0.211
808 From Mars/WAV/01. Individual Hits/04. Mid Tom/Clean/Tape/A/Tom Mid A 808 Tape 09.wav	32912	44100	24	1	0.23
808 From Mars/WAV/01. Individual Hits/04. Mid Tom/Clean/Tape/A/Tom Mid A 808 Tape 10.wav	34362	44100	24	1	0.24
808 From Mars/WAV/01. Individual Hits/04. Mid Tom/Clean/Tape/A/Tom Mid A 808 Tape 11.wav	34158	44100	24	1	0.239
808 From Mars/WAV/01. Individual Hits/04. Mid Tom/Clean/Tape/B/Tom Mid B 808 Tape 01.wav	29696	44100	24	1	0.205
808 From Mars/WAV/01. Individual Hits/04. Mid Tom/Clean/Tape/B/Tom Mid B 808 Tape 02.wav	30012	44100	24	1	0.208
808 From Mars/WAV/01. Individual Hits/04. Mid Tom/Clean/Tape/B/Tom Mid B 808 Tape 03.wav	29406	44100	24	1	0.204
808 From Mars/WAV/01. Individual Hits/04. Mid Tom/Clean/Tape/B/Tom Mid B 808 Tape 04.wav	28580	44100	24	1	0.197
808 From Mars/WAV/01. Individual Hits/04. Mid Tom/Clean/Tape/B/Tom Mid B 808 Tape 05.wav	30434	44100	24	1	0.211
808 From Mars/WAV/01. Individual Hits/04. Mid Tom/Clean/Tape/B/Tom Mid B 808 Tape 06.wav	29696	44100	24	1	0.205
808 From Mars/WAV/01. Individual Hits/04. Mid Tom/Clean/Tape/B/Tom Mid B 808 Tape 07.wav	30838	44100	24	1	0.214
808 From Mars/WAV/01. Individual Hits/04. Mid Tom/Clean/Tape/B/Tom Mid B 808 Tape 08.wav	30638	44100	24	1	0.213
808 From Mars/WAV/01. Individual Hits/04. Mid Tom/Clean/Tape/B/Tom Mid B 808 Tape 09.wav	32086	44100	24	1	0.223
808 From Mars/WAV/01. Individual Hits/04. Mid Tom/Clean/Tape/B/Tom Mid B 808 Tape 10.wav	32710	44100	24	1	0.228
808 From Mars/WAV/01. Individual Hits/04. Mid Tom/Clean/Tape/B/Tom Mid B 808 Tape 11.wav	33116	44100	24	1	0.231
808 From Mars/WAV/01. Individual Hits/04. Mid Tom/Clean/Tape/C/Tom Mid C 808 Tape 01.wav	27820	44100	24	1	0.191
808 From Mars/WAV/01. Individual Hits/04. Mid Tom/Clean/Tape/C/Tom Mid C 808 Tape 02.wav	28782	44100	24	1	0.199
808 From Mars/WAV/01. Individual Hits/04. Mid Tom/Clean/Tape/C/Tom Mid C 808 Tape 03.wav	28782	44100	24	1	0.199
808 From Mars/WAV/01. Individual Hits/04. Mid Tom/Clean/Tape/C/Tom Mid C 808 Tape 04.wav	28782	44100	24	1	0.199
808 From Mars/WAV/01. Individual Hits/04. Mid Tom/Clean/Tape/C/Tom Mid C 808 Tape 05.wav	28782	44100	24	1	0.199
808 From Mars/WAV/01. Individual Hits/04. Mid Tom/Clean/Tape/C/Tom Mid C 808 Tape 06.wav	29186	44100	24	1	0.202
808 From Mars/WAV/01. Individual Hits/04. Mid Tom/Clean/Tape/C/Tom Mid C 808 Tape 07.wav	30434	44100	24	1	0.211
808 From Mars/WAV/01. Individual Hits/04. Mid Tom/Clean/Tape/C/Tom Mid C 808 Tape 08.wav	29608	44100	24	1	0.205
808 From Mars/WAV/01. Individual Hits/04. Mid Tom/Clean/Tape/C/Tom Mid C 808 Tape 09.wav	31756	44100	24	1	0.22
808 From Mars/WAV/01. Individual Hits/04. Mid Tom/Clean/Tape/C/Tom Mid C 808 Tape 10.wav	30838	44100	24	1	0.214
808 From Mars/WAV/01. Individual Hits/04. Mid Tom/Clean/Tape/C/Tom Mid C 808 Tape 11.wav	30838	44100	24	1	0.214
808 From Mars/WAV/01. Individual Hits/04. Mid Tom/Color/Saturated/Tom Mid 808 Sat A 01.wav	57126	44100	24	1	0.403
808 From Mars/WAV/01. Individual Hits/04. Mid Tom/Color/Saturated/Tom Mid 808 Sat A 02.wav	57860	44100	24	1	0.409
808 From Mars/WAV/01. Individual Hits/04. Mid Tom/Color/Saturated/Tom Mid 808 Sat A 03.wav	59446	44100	24	1	0.422
808 From Mars/WAV/01. Individual Hits/04. Mid Tom/Color/Saturated/Tom Mid 808 Sat A 04.wav	59862	44100	24	1	0.425
808 From Mars/WAV/01. Individual Hits/04. Mid Tom/Color/Saturated/Tom Mid 808 Sat A 05.wav	59584	44100	24	1	0.42
808 From Mars/WAV/01. Individual Hits/04. Mid Tom/Color/Saturated/Tom Mid 808 Sat A 06.wav	60166	44100	24	1	0.428
808 From Mars/WAV/01. Individual Hits/04. Mid Tom/Color/Saturated/Tom Mid 808 Sat A 07.wav	59378	44100	24	1	0.421
808 From Mars/WAV/01. Individual Hits/04. Mid Tom/Color/Saturated/Tom Mid 808 Sat A 08.wav	60418	44100	24	1	0.429
808 From Mars/WAV/01. Individual Hits/04. Mid Tom/Color/Saturated/Tom Mid 808 Sat A 09.wav	61150	44100	24	1	0.427
808 From Mars/WAV/01. Individual Hits/04. Mid Tom/Color/Saturated/Tom Mid 808 Sat A 10.wav	58302	44100	24	1	0.412
808 From Mars/WAV/01. Individual Hits/04. Mid Tom/Color/Saturated/Tom Mid 808 Sat A 11.wav	59870	44100	24	1	0.424
808 From Mars/WAV/01. Individual Hits/04. Mid Tom/Color/Saturated/Tom Mid 808 Sat B 01.wav	64980	44100	24	1	0.455
808 From Mars/WAV/01. Individual Hits/04. Mid Tom/Color/Saturated/Tom Mid 808 Sat B 02.wav	62754	44100	24	1	0.446
808 From Mars/WAV/01. Individual Hits/04. Mid Tom/Color/Saturated/Tom Mid 808 Sat B 03.wav	63260	44100	24	1	0.451
808 From Mars/WAV/01. Individual Hits/04. Mid Tom/Color/Saturated/Tom Mid 808 Sat B 04.wav	63710	44100	24	1	0.454
808 From Mars/WAV/01. Individual Hits/04. Mid Tom/Color/Saturated/Tom Mid 808 Sat B 05.wav	64872	44100	24	1	0.461
808 From Mars/WAV/01. Individual Hits/04. Mid Tom/Color/Saturated/Tom Mid 808 Sat B 06.wav	67650	44100	24	1	0.479
808 From Mars/WAV/01. Individual Hits/04. Mid Tom/Color/Saturated/Tom Mid 808 Sat B 07.wav	65362	44100	24	1	0.465
808 From Mars/WAV/01. Individual Hits/04. Mid Tom/Color/Saturated/Tom Mid 808 Sat B 08.wav	65562	44100	24	1	0.463
808 From Mars/WAV/01. Individual Hits/04. Mid Tom/Color/Saturated/Tom Mid 808 Sat B 09.wav	64176	44100	24	1	0.455
808 From Mars/WAV/01. Individual Hits/04. Mid Tom/Color/Saturated/Tom Mid 808 Sat B 10.wav	64850	44100	24	1	0.463
808 From Mars/WAV/01. Individual Hits/04. Mid Tom/Color/Saturated/Tom Mid 808 Sat B 11.wav	66136	44100	24	1	0.468
808 From Mars/WAV/01. Individual Hits/04. Mid Tom/Color/Various/Tom Mid 808 Color 01.wav	42732	44100	24	1	0.298
808 From Mars/WAV/01. Individual Hits/04. Mid Tom/Color/Various/Tom Mid 808 Color 02.wav	50828	44100	24	1	0.358
808 From Mars/WAV/01. Individual Hits/04. Mid Tom/Color/Various/Tom Mid 808 Color 03.wav	56414	44100	24	1	0.399
808 From Mars/WAV/01. Individual Hits/04. Mid Tom/Color/Various/Tom Mid 808 Color 04.wav	55724	44100	24	1	0.394
808 From Mars/WAV/01. Individual Hits/04. Mid Tom/Color/Various/Tom Mid 808 Color 05.wav	50590	44100	24	1	0.356
808 From Mars/WAV/01. Individual Hits/04. Mid Tom/Color/Various/Tom Mid 808 Color 06.wav	49388	44100	24	1	0.347
808 From Mars/WAV/01. Individual Hits/04. Mid Tom/Color/Various/Tom Mid 808 Color 07.wav	50262	44100	24	1	0.354
808 From Mars/WAV/01. Individual Hits/04. Mid Tom/Color/Various/Tom Mid 808 Color 08.wav	57182	44100	24	1	0.406
808 From Mars/WAV/01. Individual Hits/05. Hi Tom/Clean/Digital/A/Tom Hi A 808 01.wav	63282	44100	24	1	0.449
808 From Mars/WAV/01. Individual Hits/05. Hi Tom/Clean/Digital/A/Tom Hi A 808 02.wav	63944	44100	24	1	0.456
808 From Mars/WAV/01. Individual Hits/05. Hi Tom/Clean/Digital/A/Tom Hi A 808 03.wav	62258	44100	24	1	0.443
808 From Mars/WAV/01. Individual Hits/05. Hi Tom/Clean/Digital/A/Tom Hi A 808 04.wav	63026	44100	24	1	0.448
808 From Mars/WAV/01. Individual Hits/05. Hi Tom/Clean/Digital/A/Tom Hi A 808 05.wav	62442	44100	24	1	0.444
808 From Mars/WAV/01. Individual Hits/05. Hi Tom/Clean/Digital/A/Tom Hi A 808 06.wav	63038	44100	24	1	0.448
808 From Mars/WAV/01. Individual Hits/05. Hi Tom/Clean/Digital/A/Tom Hi A 808 07.wav	63092	44100	24	1	0.449
808 From Mars/WAV/01. Individual Hits/05. Hi Tom/Clean/Digital/A/Tom Hi A 808 08.wav	63132	44100	24	1	0.45
808 From Mars/WAV/01. Individual Hits/05. Hi Tom/Clean/Digital/A/Tom Hi A 808 09.wav	63552	44100	24	1	0.451
808 From Mars/WAV/01. Individual Hits/05. Hi Tom/Clean/Digital/A/Tom Hi A 808 10.wav	64490	44100	24	1	0.459
808 From Mars/WAV/01. Individual Hits/05. Hi Tom/Clean/Digital/A/Tom Hi A 808 11.wav	67216	44100	24	1	0.465
808 From Mars/WAV/01. Individual Hits/05. Hi Tom/Clean/Digital/B/Tom Hi B 808 01.wav	63228	44100	24	1	0.449
808 From Mars/WAV/01. Individual Hits/05. Hi Tom/Clean/Digital/B/Tom Hi B 808 02.wav	63888	44100	24	1	0.456
808 From Mars/WAV/01. Individual Hits/05. Hi Tom/Clean/Digital/B/Tom Hi B 808 03.wav	62234	44100	24	1	0.443
808 From Mars/WAV/01. Individual Hits/05. Hi Tom/Clean/Digital/B/Tom Hi B 808 04.wav	62792	44100	24	1	0.448
808 From Mars/WAV/01. Individual Hits/05. Hi Tom/Clean/Digital/B/Tom Hi B 808 05.wav	62370	44100	24	1	0.444
808 From Mars/WAV/01. Individual Hits/05. Hi Tom/Clean/Digital/B/Tom Hi B 808 06.wav	62972	44100	24	1	0.448
808 From Mars/WAV/01. Individual Hits/05. Hi Tom/Clean/Digital/B/Tom Hi B 808 07.wav	63040	44100	24	1	0.449
808 From Mars/WAV/01. Individual Hits/05. Hi Tom/Clean/Digital/B/Tom Hi B 808 08.wav	63204	44100	24	1	0.45
808 From Mars/WAV/01. Individual Hits/05. Hi Tom/Clean/Digital/B/Tom Hi B 808 09.wav	63352	44100	24	1	0.451
808 From Mars/WAV/01. Individual Hits/05. Hi Tom/Clean/Digital/B/Tom Hi B 808 10.wav	64294	44100	24	1	0.459
808 From Mars/WAV/01. Individual Hits/05. Hi Tom/Clean/Digital/B/Tom Hi B 808 11.wav	66358	44100	24	1	0.465
808 From Mars/WAV/01. Individual Hits/05. Hi Tom/Clean/Digital/C/Tom Hi C 808 01.wav	63518	44100	24	1	0.449
808 From Mars/WAV/01. Individual Hits/05. Hi Tom/Clean/Digital/C/Tom Hi C 808 02.wav	64442	44100	24	1	0.456
808 From Mars/WAV/01. Individual Hits/05. Hi Tom/Clean/Digital/C/Tom Hi C 808 03.wav	62246	44100	24	1	0.443
808 From Mars/WAV/01. Individual Hits/05. Hi Tom/Clean/Digital/C/Tom Hi C 808 04.wav	62988	44100	24	1	0.448
808 From Mars/WAV/01. Individual Hits/05. Hi Tom/Clean/Digital/C/Tom Hi C 808 05.wav	62248	44100	24	1	0.444
808 From Mars/WAV/01. Individual Hits/05. Hi Tom/Clean/Digital/C/Tom Hi C 808 06.wav	62816	44100	24	1	0.448
808 From Mars/WAV/01. Individual Hits/05. Hi Tom/Clean/Digital/C/Tom Hi C 808 07.wav	62918	44100	24	1	0.449
808 From Mars/WAV/01. Individual Hits/05. Hi Tom/Clean/Digital/C/Tom Hi C 808 08.wav	63176	44100	24	1	0.45
808 From Mars/WAV/01. Individual Hits/05. Hi Tom/Clean/Digital/C/Tom Hi C 808 09.wav	63228	44100	24	1	0.451
808 From Mars/WAV/01. Individual Hits/05. Hi Tom/Clean/Digital/C/Tom Hi C 808 10.wav	64284	44100	24	1	0.459
808 From Mars/WAV/01. Individual Hits/05. Hi Tom/Clean/Digital/C/Tom Hi C 808 11.wav	66646	44100	24	1	0.465
808 From Mars/WAV/01. Individual Hits/05. Hi Tom/Clean/Tape/A/Tom Hi A 808 Tape 01.wav	24722	44100	24	1	0.168
808 From Mars/WAV/01. Individual Hits/05. Hi Tom/Clean/Tape/A/Tom Hi A 808 Tape 02.wav	25472	44100	24	1	0.174
808 From Mars/WAV/01. Individual Hits/05. Hi Tom/Clean/Tape/A/Tom Hi A 808 Tape 03.wav	24646	44100	24	1	0.168
808 From Mars/WAV/01. Individual Hits/05. Hi Tom/Clean/Tape/A/Tom Hi A 808 Tape 04.wav	25472	44100	24	1	0.174
808 From Mars/WAV/01. Individual Hits/05. Hi Tom/Clean/Tape/A/Tom Hi A 808 Tape 05.wav	26304	44100	24	1	0.181
808 From Mars/WAV/01. Individual Hits/05. Hi Tom/Clean/Tape/A/Tom Hi A 808 Tape 06.wav	25676	44100	24	1	0.176
808 From Mars/WAV/01. Individual Hits/05. Hi Tom/Clean/Tape/A/Tom Hi A 808 Tape 07.wav	25676	44100	24	1	0.176
808 From Mars/WAV/01. Individual Hits/05. Hi Tom/Clean/Tape/A/Tom Hi A 808 Tape 08.wav	26080	44100	24	1	0.179
808 From Mars/WAV/01. Individual Hits/05. Hi Tom/Clean/Tape/A/Tom Hi A 808 Tape 09.wav	26708	44100	24	1	0.184
808 From Mars/WAV/01. Individual Hits/05. Hi Tom/Clean/Tape/A/Tom Hi A 808 Tape 10.wav	27334	44100	24	1	0.188
808 From Mars/WAV/01. Individual Hits/05. Hi Tom/Clean/Tape/A/Tom Hi A 808 Tape 11.wav	27130	44100	24	1	0.187
808 From Mars/WAV/01. Individual Hits/05. Hi Tom/Clean/Tape/B/Tom Hi B 808 Tape 01.wav	23368	44100	24	1	0.158
808 From Mars/WAV/01. Individual Hits/05. Hi Tom/Clean/Tape/B/Tom Hi B 808 Tape 02.wav	24428	44100	24	1	0.167
808 From Mars/WAV/01. Individual Hits/05. Hi Tom/Clean/Tape/B/Tom Hi B 808 Tape 03.wav	25472	44100	24	1	0.174
808 From Mars/WAV/01. Individual Hits/05. Hi Tom/Clean/Tape/B/Tom Hi B 808 Tape 04.wav	25254	44100	24	1	0.173
808 From Mars/WAV/01. Individual Hits/05. Hi Tom/Clean/Tape/B/Tom Hi B 808 Tape 05.wav	24224	44100	24	1	0.165
808 From Mars/WAV/01. Individual Hits/05. Hi Tom/Clean/Tape/B/Tom Hi B 808 Tape 06.wav	25754	44100	24	1	0.176
808 From Mars/WAV/01. Individual Hits/05. Hi Tom/Clean/Tape/B/Tom Hi B 808 Tape 07.wav	26508	44100	24	1	0.182
808 From Mars/WAV/01. Individual Hits/05. Hi Tom/Clean/Tape/B/Tom Hi B 808 Tape 08.wav	25676	44100	24	1	0.176
808 From Mars/WAV/01. Individual Hits/05. Hi Tom/Clean/Tape/B/Tom Hi B 808 Tape 09.wav	25876	44100	24	1	0.178
808 From Mars/WAV/01. Individual Hits/05. Hi Tom/Clean/Tape/B/Tom Hi B 808 Tape 10.wav	27534	44100	24	1	0.19
808 From Mars/WAV/01. Individual Hits/05. Hi Tom/Clean/Tape/B/Tom Hi B 808 Tape 11.wav	26080	44100	24	1	0.179
808 From Mars/WAV/01. Individual Hits/05. Hi Tom/Clean/Tape/C/Tom Hi C 808 Tape 01.wav	23470	44100	24	1	0.159
808 From Mars/WAV/01. Individual Hits/05. Hi Tom/Clean/Tape/C/Tom Hi C 808 Tape 02.wav	25254	44100	24	1	0.173
808 From Mars/WAV/01. Individual Hits/05. Hi Tom/Clean/Tape/C/Tom Hi C 808 Tape 03.wav	25050	44100	24	1	0.171
808 From Mars/WAV/01. Individual Hits/05. Hi Tom/Clean/Tape/C/Tom Hi C 808 Tape 04.wav	25254	44100	24	1	0.173
808 From Mars/WAV/01. Individual Hits/05. Hi Tom/Clean/Tape/C/Tom Hi C 808 Tape 05.wav	26080	44100	24	1	0.179
808 From Mars/WAV/01. Individual Hits/05. Hi Tom/Clean/Tape/C/Tom Hi C 808 Tape 06.wav	26508	44100	24	1	0.182
808 From Mars/WAV/01. Individual Hits/05. Hi Tom/Clean/Tape/C/Tom Hi C 808 Tape 07.wav	26080	44100	24	1	0.179
808 From Mars/WAV/01. Individual Hits/05. Hi Tom/Clean/Tape/C/Tom Hi C 808 Tape 08.wav	27334	44100	24	1	0.188
808 From Mars/WAV/01. Individual Hits/05. Hi Tom/Clean/Tape/C/Tom Hi C 808 Tape 09.wav	25256	44100	24	1	0.173
808 From Mars/WAV/01. Individual Hits/05. Hi Tom/Clean/Tape/C/Tom Hi C 808 Tape 10.wav	26306	44100	24	1	0.181
808 From Mars/WAV/01. Individual Hits/05. Hi Tom/Clean/Tape/C/Tom Hi C 808 Tape 11.wav	25256	44100	24	1	0.173
808 From Mars/WAV/01. Individual Hits/05. Hi Tom/Color/Saturated/Tom Hi 808 Sat A 01.wav	39448	44100	24	1	0.268
808 From Mars/WAV/01. Individual Hits/05. Hi Tom/Color/Saturated/Tom Hi 808 Sat A 02.wav	39374	44100	24	1	0.273
808 From Mars/WAV/01. Individual Hits/05. Hi Tom/Color/Saturated/Tom Hi 808 Sat A 03.wav	39532	44100	24	1	0.274
808 From Mars/WAV/01. Individual Hits/05. Hi Tom/Color/Saturated/Tom Hi 808 Sat A 04.wav	41040	44100	24	1	0.279
808 From Mars/WAV/01. Individual Hits/05. Hi Tom/Color/Saturated/Tom Hi 808 Sat A 05.wav	40010	44100	24	1	0.275
808 From Mars/WAV/01. Individual Hits/05. Hi Tom/Color/Saturated/Tom Hi 808 Sat A 06.wav	40770	44100	24	1	0.283
808 From Mars/WAV/01. Individual Hits/05. Hi Tom/Color/Saturated/Tom Hi 808 Sat A 07.wav	40788	44100	24	1	0.281
808 From Mars/WAV/01. Individual Hits/05. Hi Tom/Color/Saturated/Tom Hi 808 Sat A 08.wav	41676	44100	24	1	0.284
808 From Mars/WAV/01. Individual Hits/05. Hi Tom/Color/Saturated/Tom Hi 808 Sat A 09.wav	42110	44100	24	1	0.293
808 From Mars/WAV/01. Individual Hits/05. Hi Tom/Color/Saturated/Tom Hi 808 Sat A 10.wav	40226	44100	24	1	0.28
808 From Mars/WAV/01. Individual Hits/05. Hi Tom/Color/Saturated/Tom Hi 808 Sat A 11.wav	41426	44100	24	1	0.286
808 From Mars/WAV/01. Individual Hits/05. Hi Tom/Color/Saturated/Tom Hi 808 Sat B 01.wav	47672	44100	24	1	0.332
808 From Mars/WAV/01. Individual Hits/05. Hi Tom/Color/Saturated/Tom Hi 808 Sat B 02.wav	45896	44100	24	1	0.322
808 From Mars/WAV/01. Individual Hits/05. Hi Tom/Color/Saturated/Tom Hi 808 Sat B 03.wav	46932	44100	24	1	0.329
808 From Mars/WAV/01. Individual Hits/05. Hi Tom/Color/Saturated/Tom Hi 808 Sat B 04.wav	44974	44100	24	1	0.314
808 From Mars/WAV/01. Individual Hits/05. Hi Tom/Color/Saturated/Tom Hi 808 Sat B 05.wav	45480	44100	24	1	0.318
808 From Mars/WAV/01. Individual Hits/05. Hi Tom/Color/Saturated/Tom Hi 808 Sat B 06.wav	45108	44100	24	1	0.316
808 From Mars/WAV/01. Individual Hits/05. Hi Tom/Color/Saturated/Tom Hi 808 Sat B 07.wav	45628	44100	24	1	0.319
808 From Mars/WAV/01. Individual Hits/05. Hi Tom/Color/Saturated/Tom Hi 808 Sat B 08.wav	45414	44100	24	1	0.319
808 From Mars/WAV/01. Individual Hits/05. Hi Tom/Color/Saturated/Tom Hi 808 Sat B 09.wav	47990	44100	24	1	0.337
808 From Mars/WAV/01. Individual Hits/05. Hi Tom/Color/Saturated/Tom Hi 808 Sat B 10.wav	50046	44100	24	1	0.353
808 From Mars/WAV/01. Individual Hits/05. Hi Tom/Color/Saturated/Tom Hi 808 Sat B 11.wav	51490	44100	24	1	0.356
808 From Mars/WAV/01. Individual Hits/05. Hi Tom/Color/Various/Tom Hi 808 Color 01.wav	33984	44100	24	1	0.235
808 From Mars/WAV/01. Individual Hits/05. Hi Tom/Color/Various/Tom Hi 808 Color 02.wav	37212	44100	24	1	0.261
808 From Mars/WAV/01. Individual Hits/05. Hi Tom/Color/Various/Tom Hi 808 Color 03.wav	42374	44100	24	1	0.298
808 From Mars/WAV/01. Individual Hits/05. Hi Tom/Color/Various/Tom Hi 808 Color 04.wav	39604	44100	24	1	0.278
808 From Mars/WAV/01. Individual Hits/05. Hi Tom/Color/Various/Tom Hi 808 Color 05.wav	38946	44100	24	1	0.274
808 From Mars/WAV/01. Individual Hits/05. Hi Tom/Color/Various/Tom Hi 808 Color 06.wav	37384	44100	24	1	0.263
808 From Mars/WAV/01. Individual Hits/05. Hi Tom/Color/Various/Tom Hi 808 Color 07.wav	43384	44100	24	1	0.306
808 From Mars/WAV/01. Individual Hits/05. Hi Tom/Color/Various/Tom Hi 808 Color 08.wav	46078	44100	24	1	0.326
808 From Mars/WAV/01. Individual Hits/06. Low Conga/Clean/Digital/A/Conga Low A 808 01.wav	92468	44100	24	1	0.664
808 From Mars/WAV/01. Individual Hits/06. Low Conga/Clean/Digital/A/Conga Low A 808 02.wav	92170	44100	24	1	0.664
808 From Mars/WAV/01. Individual Hits/06. Low Conga/Clean/Digital/A/Conga Low A 808 03.wav	92634	44100	24	1	0.664
808 From Mars/WAV/01. Individual Hits/06. Low Conga/Clean/Digital/A/Conga Low A 808 04.wav	92206	44100	24	1	0.664
808 From Mars/WAV/01. Individual Hits/06. Low Conga/Clean/Digital/A/Conga Low A 808 05.wav	92182	44100	24	1	0.664
808 From Mars/WAV/01. Individual Hits/06. Low Conga/Clean/Digital/A/Conga Low A 808 06.wav	92206	44100	24	1	0.664
808 From Mars/WAV/01. Individual Hits/06. Low Conga/Clean/Digital/A/Conga Low A 808 07.wav	92334	44100	24	1	0.664
808 From Mars/WAV/01. Individual Hits/06. Low Conga/Clean/Digital/A/Conga Low A 808 08.wav	91974	44100	24	1	0.664
808 From Mars/WAV/01. Individual Hits/06. Low Conga/Clean/Digital/A/Conga Low A 808 09.wav	92022	44100	24	1	0.664
808 From Mars/WAV/01. Individual Hits/06. Low Conga/Clean/Digital/A/Conga Low A 808 10.wav	92202	44100	24	1	0.664
808 From Mars/WAV/01. Individual Hits/06. Low Conga/Clean/Digital/A/Conga Low A 808 11.wav	93168	44100	24	1	0.664
808 From Mars/WAV/01. Individual Hits/06. Low Conga/Clean/Digital/B/Conga Low B 808 01.wav	95822	44100	24	1	0.691
808 From Mars/WAV/01. Individual Hits/06. Low Conga/Clean/Digital/B/Conga Low B 808 02.wav	89276	44100	24	1	0.642
808 From Mars/WAV/01. Individual Hits/06. Low Conga/Clean/Digital/B/Conga Low B 808 03.wav	91074	44100	24	1	0.658
808 From Mars/WAV/01. Individual Hits/06. Low Conga/Clean/Digital/B/Conga Low B 808 04.wav	92366	44100	24	1	0.667
808 From Mars/WAV/01. Individual Hits/06. Low Conga/Clean/Digital/B/Conga Low B 808 05.wav	88944	44100	24	1	0.642
808 From Mars/WAV/01. Individual Hits/06. Low Conga/Clean/Digital/B/Conga Low B 808 06.wav	88246	44100	24	1	0.636
808 From Mars/WAV/01. Individual Hits/06. Low Conga/Clean/Digital/B/Conga Low B 808 07.wav	88770	44100	24	1	0.64
808 From Mars/WAV/01. Individual Hits/06. Low Conga/Clean/Digital/B/Conga Low B 808 08.wav	87876	44100	24	1	0.633
808 From Mars/WAV/01. Individual Hits/06. Low Conga/Clean/Digital/B/Conga Low B 808 09.wav	88134	44100	24	1	0.635
808 From Mars/WAV/01. Individual Hits/06. Low Conga/Clean/Digital/B/Conga Low B 808 10.wav	91010	44100	24	1	0.657
808 From Mars/WAV/01. Individual Hits/06. Low Conga/Clean/Digital/B/Conga Low B 808 11.wav	91660	44100	24	1	0.648
808 From Mars/WAV/01. Individual Hits/06. Low Conga/Clean/Tape/A/Conga Low A 808 Tape 01.wav	33108	44100	24	1	0.23
808 From Mars/WAV/01. Individual Hits/06. Low Conga/Clean/Tape/A/Conga Low A 808 Tape 02.wav	33016	44100	24	1	0.23
808 From Mars/WAV/01. Individual Hits/06. Low Conga/Clean/Tape/A/Conga Low A 808 Tape 03.wav	33536	44100	24	1	0.234
808 From Mars/WAV/01. Individual Hits/06. Low Conga/Clean/Tape/A/Conga Low A 808 Tape 04.wav	34042	44100	24	1	0.238
808 From Mars/WAV/01. Individual Hits/06. Low Conga/Clean/Tape/A/Conga Low A 808 Tape 05.wav	33382	44100	24	1	0.233
808 From Mars/WAV/01. Individual Hits/06. Low Conga/Clean/Tape/A/Conga Low A 808 Tape 06.wav	34986	44100	24	1	0.245
808 From Mars/WAV/01. Individual Hits/06. Low Conga/Clean/Tape/A/Conga Low A 808 Tape 07.wav	34986	44100	24	1	0.245
808 From Mars/WAV/01. Individual Hits/06. Low Conga/Clean/Tape/A/Conga Low A 808 Tape 08.wav	37464	44100	24	1	0.263
808 From Mars/WAV/01. Individual Hits/06. Low Conga/Clean/Tape/A/Conga Low A 808 Tape 09.wav	35592	44100	24	1	0.249
808 From Mars/WAV/01. Individual Hits/06. Low Conga/Clean/Tape/A/Conga Low A 808 Tape 10.wav	37464	44100	24	1	0.263
808 From Mars/WAV/01. Individual Hits/06. Low Conga/Clean/Tape/A/Conga Low A 808 Tape 11.wav	37668	44100	24	1	0.265
808 From Mars/WAV/01. Individual Hits/06. Low Conga/Clean/Tape/B/Conga Low B 808 Tape 01.wav	33636	44100	24	1	0.234
808 From Mars/WAV/01. Individual Hits/06. Low Conga/Clean/Tape/B/Conga Low B 808 Tape 02.wav	32390	44100	24	1	0.226
808 From Mars/WAV/01. Individual Hits/06. Low Conga/Clean/Tape/B/Conga Low B 808 Tape 03.wav	33740	44100	24	1	0.236
808 From Mars/WAV/01. Individual Hits/06. Low Conga/Clean/Tape/B/Conga Low B 808 Tape 04.wav	34364	44100	24	1	0.24
808 From Mars/WAV/01. Individual Hits/06. Low Conga/Clean/Tape/B/Conga Low B 808 Tape 05.wav	34986	44100	24	1	0.245
808 From Mars/WAV/01. Individual Hits/06. Low Conga/Clean/Tape/B/Conga Low B 808 Tape 06.wav	35290	44100	24	1	0.247
808 From Mars/WAV/01. Individual Hits/06. Low Conga/Clean/Tape/B/Conga Low B 808 Tape 07.wav	32710	44100	24	1	0.228
808 From Mars/WAV/01. Individual Hits/06. Low Conga/Clean/Tape/B/Conga Low B 808 Tape 08.wav	35596	44100	24	1	0.25
808 From Mars/WAV/01. Individual Hits/06. Low Conga/Clean/Tape/B/Conga Low B 808 Tape 09.wav	35190	44100	24	1	0.246
808 From Mars/WAV/01. Individual Hits/06. Low Conga/Clean/Tape/B/Conga Low B 808 Tape 10.wav	36218	44100	24	1	0.254
808 From Mars/WAV/01. Individual Hits/06. Low Conga/Clean/Tape/B/Conga Low B 808 Tape 11.wav	36948	44100	24	1	0.259
808 From Mars/WAV/01. Individual Hits/06. Low Conga/Color/Saturated/Conga Low 808 Sat A 01.wav	70006	44100	24	1	0.495
808 From Mars/WAV/01. Individual Hits/06. Low Conga/Color/Saturated/Conga Low 808 Sat A 02.wav	69652	44100	24	1	0.496
808 From Mars/WAV/01. Individual Hits/06. Low Conga/Color/Saturated/Conga Low 808 Sat A 03.wav	69704	44100	24	1	0.495
808 From Mars/WAV/01. Individual Hits/06. Low Conga/Color/Saturated/Conga Low 808 Sat A 04.wav	70222	44100	24	1	0.496
808 From Mars/WAV/01. Individual Hits/06. Low Conga/Color/Saturated/Conga Low 808 Sat A 05.wav	70248	44100	24	1	0.5
808 From Mars/WAV/01. Individual Hits/06. Low Conga/Color/Saturated/Conga Low 808 Sat A 06.wav	70272	44100	24	1	0.5
808 From Mars/WAV/01. Individual Hits/06. Low Conga/Color/Saturated/Conga Low 808 Sat A 07.wav	70268	44100	24	1	0.499
808 From Mars/WAV/01. Individual Hits/06. Low Conga/Color/Saturated/Conga Low 808 Sat A 08.wav	70094	44100	24	1	0.499
808 From Mars/WAV/01. Individual Hits/06. Low Conga/Color/Saturated/Conga Low 808 Sat A 09.wav	69552	44100	24	1	0.495
808 From Mars/WAV/01. Individual Hits/06. Low Conga/Color/Saturated/Conga Low 808 Sat A 10.wav	70396	44100	24	1	0.5
808 From Mars/WAV/01. Individual Hits/06. Low Conga/Color/Saturated/Conga Low 808 Sat A 11.wav	70324	44100	24	1	0.495
808 From Mars/WAV/01. Individual Hits/06. Low Conga/Color/Saturated/Conga Low 808 Sat B 01.wav	76990	44100	24	1	0.554
808 From Mars/WAV/01. Individual Hits/06. Low Conga/Color/Saturated/Conga Low 808 Sat B 02.wav	78960	44100	24	1	0.57
808 From Mars/WAV/01. Individual Hits/06. Low Conga/Color/Saturated/Conga Low 808 Sat B 03.wav	77996	44100	24	1	0.563
808 From Mars/WAV/01. Individual Hits/06. Low Conga/Color/Saturated/Conga Low 808 Sat B 04.wav	78938	44100	24	1	0.57
808 From Mars/WAV/01. Individual Hits/06. Low Conga/Color/Saturated/Conga Low 808 Sat B 05.wav	78686	44100	24	1	0.568
808 From Mars/WAV/01. Individual Hits/06. Low Conga/Color/Saturated/Conga Low 808 Sat B 06.wav	78838	44100	24	1	0.569
808 From Mars/WAV/01. Individual Hits/06. Low Conga/Color/Saturated/Conga Low 808 Sat B 07.wav	72916	44100	24	1	0.525
808 From Mars/WAV/01. Individual Hits/06. Low Conga/Color/Saturated/Conga Low 808 Sat B 08.wav	74456	44100	24	1	0.537
808 From Mars/WAV/01. Individual Hits/06. Low Conga/Color/Saturated/Conga Low 808 Sat B 09.wav	74524	44100	24	1	0.537
808 From Mars/WAV/01. Individual Hits/06. Low Conga/Color/Saturated/Conga Low 808 Sat B 10.wav	75002	44100	24	1	0.541
808 From Mars/WAV/01. Individual Hits/06. Low Conga/Color/Saturated/Conga Low 808 Sat B 11.wav	76292	44100	24	1	0.548
808 From Mars/WAV/01. Individual Hits/06. Low Conga/Color/Various/Conga Low 808 Color 01.wav	39286	44100	24	1	0.272
808 From Mars/WAV/01. Individual Hits/06. Low Conga/Color/Various/Conga Low 808 Color 02.wav	46912	44100	24	1	0.329
808 From Mars/WAV/01. Individual Hits/06. Low Conga/Color/Various/Conga Low 808 Color 03.wav	48938	44100	24	1	0.344
808 From Mars/WAV/01. Individual Hits/06. Low Conga/Color/Various/Conga Low 808 Color 04.wav	45848	44100	24	1	0.321
808 From Mars/WAV/01. Individual Hits/06. Low Conga/Color/Various/Conga Low 808 Color 05.wav	51664	44100	24	1	0.365
808 From Mars/WAV/01. Individual Hits/06. Low Conga/Color/Various/Conga Low 808 Color 06.wav	75328	44100	24	1	0.541
808 From Mars/WAV/01. Individual Hits/06. Low Conga/Color/Various/Conga Low 808 Color 07.wav	80150	44100	24	1	0.577
808 From Mars/WAV/01. Individual Hits/06. Low Conga/Color/Various/Conga Low 808 Color 08.wav	71134	44100	24	1	0.51
808 From Mars/WAV/01. Individual Hits/06. Low Conga/Color/Various/Conga Low 808 Color 09.wav	71962	44100	24	1	0.517
808 From Mars/WAV/01. Individual Hits/06. Low Conga/Color/Various/Conga Low 808 Color 10.wav	82426	44100	24	1	0.594
808 From Mars/WAV/01. Individual Hits/06. Low Conga/Color/Various/Conga Low 808 Color 11.wav	78754	44100	24	1	0.564
808 From Mars/WAV/01. Individual Hits/07. Mid Conga/Clean/Digital/A/Conga Mid A 808 01.wav	54108	44100	24	1	0.381
808 From Mars/WAV/01. Individual Hits/07. Mid Conga/Clean/Digital/A/Conga Mid A 808 02.wav	53996	44100	24	1	0.381
808 From Mars/WAV/01. Individual Hits/07. Mid Conga/Clean/Digital/A/Conga Mid A 808 03.wav	53984	44100	24	1	0.381
808 From Mars/WAV/01. Individual Hits/07. Mid Conga/Clean/Digital/A/Conga Mid A 808 04.wav	54048	44100	24	1	0.381
808 From Mars/WAV/01. Individual Hits/07. Mid Conga/Clean/Digital/A/Conga Mid A 808 05.wav	53964	44100	24	1	0.381
808 From Mars/WAV/01. Individual Hits/07. Mid Conga/Clean/Digital/A/Conga Mid A 808 06.wav	53824	44100	24	1	0.381
808 From Mars/WAV/01. Individual Hits/07. Mid Conga/Clean/Digital/A/Conga Mid A 808 07.wav	53800	44100	24	1	0.381
808 From Mars/WAV/01. Individual Hits/07. Mid Conga/Clean/Digital/A/Conga Mid A 808 08.wav	53852	44100	24	1	0.381
808 From Mars/WAV/01. Individual Hits/07. Mid Conga/Clean/Digital/A/Conga Mid A 808 09.wav	53804	44100	24	1	0.381
808 From Mars/WAV/01. Individual Hits/07. Mid Conga/Clean/Digital/A/Conga Mid A 808 10.wav	53776	44100	24	1	0.381
808 From Mars/WAV/01. Individual Hits/07. Mid Conga/Clean/Digital/A/Conga Mid A 808 11.wav	56168	44100	24	1	0.381
808 From Mars/WAV/01. Individual Hits/07. Mid Conga/Clean/Digital/B/Conga Mid B 808 01.wav	47586	44100	24	1	0.332
808 From Mars/WAV/01. Individual Hits/07. Mid Conga/Clean/Digital/B/Conga Mid B 808 02.wav	47730	44100	24	1	0.336
808 From Mars/WAV/01. Individual Hits/07. Mid Conga/Clean/Digital/B/Conga Mid B 808 03.wav	47956	44100	24	1	0.337
808 From Mars/WAV/01. Individual Hits/07. Mid Conga/Clean/Digital/B/Conga Mid B 808 04.wav	49730	44100	24	1	0.349
808 From Mars/WAV/01. Individual Hits/07. Mid Conga/Clean/Digital/B/Conga Mid B 808 05.wav	48336	44100	24	1	0.34
808 From Mars/WAV/01. Individual Hits/07. Mid Conga/Clean/Digital/B/Conga Mid B 808 06.wav	47896	44100	24	1	0.336
808 From Mars/WAV/01. Individual Hits/07. Mid Conga/Clean/Digital/B/Conga Mid B 808 07.wav	55044	44100	24	1	0.389
808 From Mars/WAV/01. Individual Hits/07. Mid Conga/Clean/Digital/B/Conga Mid B 808 08.wav	46248	44100	24	1	0.324
808 From Mars/WAV/01. Individual Hits/07. Mid Conga/Clean/Digital/B/Conga Mid B 808 09.wav	47006	44100	24	1	0.33
808 From Mars/WAV/01. Individual Hits/07. Mid Conga/Clean/Digital/B/Conga Mid B 808 10.wav	49466	44100	24	1	0.347
808 From Mars/WAV/01. Individual Hits/07. Mid Conga/Clean/Digital/B/Conga Mid B 808 11.wav	48332	44100	24	1	0.334
808 From Mars/WAV/01. Individual Hits/07. Mid Conga/Clean/Tape/A/Conga Mid A 808 Tape 01.wav	20988	44100	24	1	0.141
808 From Mars/WAV/01. Individual Hits/07. Mid Conga/Clean/Tape/A/Conga Mid A 808 Tape 02.wav	20704	44100	24	1	0.139
808 From Mars/WAV/01. Individual Hits/07. Mid Conga/Clean/Tape/A/Conga Mid A 808 Tape 03.wav	21714	44100	24	1	0.146
808 From Mars/WAV/01. Individual Hits/07. Mid Conga/Clean/Tape/A/Conga Mid A 808 Tape 04.wav	21126	44100	24	1	0.142
808 From Mars/WAV/01. Individual Hits/07. Mid Conga/Clean/Tape/A/Conga Mid A 808 Tape 05.wav	22374	44100	24	1	0.152
808 From Mars/WAV/01. Individual Hits/07. Mid Conga/Clean/Tape/A/Conga Mid A 808 Tape 06.wav	21748	44100	24	1	0.147
808 From Mars/WAV/01. Individual Hits/07. Mid Conga/Clean/Tape/A/Conga Mid A 808 Tape 07.wav	21748	44100	24	1	0.147
808 From Mars/WAV/01. Individual Hits/07. Mid Conga/Clean/Tape/A/Conga Mid A 808 Tape 08.wav	22374	44100	24	1	0.152
808 From Mars/WAV/01. Individual Hits/07. Mid Conga/Clean/Tape/A/Conga Mid A 808 Tape 09.wav	22374	44100	24	1	0.152
808 From Mars/WAV/01. Individual Hits/07. Mid Conga/Clean/Tape/A/Conga Mid A 808 Tape 10.wav	22154	44100	24	1	0.15
808 From Mars/WAV/01. Individual Hits/07. Mid Conga/Clean/Tape/A/Conga Mid A 808 Tape 11.wav	22928	44100	24	1	0.156
808 From Mars/WAV/01. Individual Hits/07. Mid Conga/Clean/Tape/B/Conga Mid B 808 Tape 01.wav	21292	44100	24	1	0.143
808 From Mars/WAV/01. Individual Hits/07. Mid Conga/Clean/Tape/B/Conga Mid B 808 Tape 02.wav	20820	44100	24	1	0.14
808 From Mars/WAV/01. Individual Hits/07. Mid Conga/Clean/Tape/B/Conga Mid B 808 Tape 03.wav	21646	44100	24	1	0.146
808 From Mars/WAV/01. Individual Hits/07. Mid Conga/Clean/Tape/B/Conga Mid B 808 Tape 04.wav	21226	44100	24	1	0.143
808 From Mars/WAV/01. Individual Hits/07. Mid Conga/Clean/Tape/B/Conga Mid B 808 Tape 05.wav	22154	44100	24	1	0.15
808 From Mars/WAV/01. Individual Hits/07. Mid Conga/Clean/Tape/B/Conga Mid B 808 Tape 06.wav	21748	44100	24	1	0.147
808 From Mars/WAV/01. Individual Hits/07. Mid Conga/Clean/Tape/B/Conga Mid B 808 Tape 07.wav	22154	44100	24	1	0.15
808 From Mars/WAV/01. Individual Hits/07. Mid Conga/Clean/Tape/B/Conga Mid B 808 Tape 08.wav	21646	44100	24	1	0.146
808 From Mars/WAV/01. Individual Hits/07. Mid Conga/Clean/Tape/B/Conga Mid B 808 Tape 09.wav	22472	44100	24	1	0.152
808 From Mars/WAV/01. Individual Hits/07. Mid Conga/Clean/Tape/B/Conga Mid B 808 Tape 10.wav	21952	44100	24	1	0.148
808 From Mars/WAV/01. Individual Hits/07. Mid Conga/Clean/Tape/B/Conga Mid B 808 Tape 11.wav	22256	44100	24	1	0.151
808 From Mars/WAV/01. Individual Hits/07. Mid Conga/Color/Saturated/Conga Mid 808 Sat A 01.wav	42340	44100	24	1	0.289
808 From Mars/WAV/01. Individual Hits/07. Mid Conga/Color/Saturated/Conga Mid 808 Sat A 02.wav	41792	44100	24	1	0.288
808 From Mars/WAV/01. Individual Hits/07. Mid Conga/Color/Saturated/Conga Mid 808 Sat A 03.wav	41942	44100	24	1	0.288
808 From Mars/WAV/01. Individual Hits/07. Mid Conga/Color/Saturated/Conga Mid 808 Sat A 04.wav	42100	44100	24	1	0.289
808 From Mars/WAV/01. Individual Hits/07. Mid Conga/Color/Saturated/Conga Mid 808 Sat A 05.wav	41784	44100	24	1	0.288
808 From Mars/WAV/01. Individual Hits/07. Mid Conga/Color/Saturated/Conga Mid 808 Sat A 06.wav	41948	44100	24	1	0.29
808 From Mars/WAV/01. Individual Hits/07. Mid Conga/Color/Saturated/Conga Mid 808 Sat A 07.wav	42200	44100	24	1	0.289
808 From Mars/WAV/01. Individual Hits/07. Mid Conga/Color/Saturated/Conga Mid 808 Sat A 08.wav	41838	44100	24	1	0.289
808 From Mars/WAV/01. Individual Hits/07. Mid Conga/Color/Saturated/Conga Mid 808 Sat A 09.wav	42320	44100	24	1	0.29
808 From Mars/WAV/01. Individual Hits/07. Mid Conga/Color/Saturated/Conga Mid 808 Sat A 10.wav	42168	44100	24	1	0.29
808 From Mars/WAV/01. Individual Hits/07. Mid Conga/Color/Saturated/Conga Mid 808 Sat A 11.wav	43050	44100	24	1	0.29
808 From Mars/WAV/01. Individual Hits/07. Mid Conga/Color/Saturated/Conga Mid 808 Sat B 01.wav	44328	44100	24	1	0.313
808 From Mars/WAV/01. Individual Hits/07. Mid Conga/Color/Saturated/Conga Mid 808 Sat B 02.wav	44530	44100	24	1	0.315
808 From Mars/WAV/01. Individual Hits/07. Mid Conga/Color/Saturated/Conga Mid 808 Sat B 03.wav	44052	44100	24	1	0.312
808 From Mars/WAV/01. Individual Hits/07. Mid Conga/Color/Saturated/Conga Mid 808 Sat B 04.wav	44674	44100	24	1	0.314
808 From Mars/WAV/01. Individual Hits/07. Mid Conga/Color/Saturated/Conga Mid 808 Sat B 05.wav	44582	44100	24	1	0.315
808 From Mars/WAV/01. Individual Hits/07. Mid Conga/Color/Saturated/Conga Mid 808 Sat B 06.wav	44952	44100	24	1	0.318
808 From Mars/WAV/01. Individual Hits/07. Mid Conga/Color/Saturated/Conga Mid 808 Sat B 07.wav	44406	44100	24	1	0.314
808 From Mars/WAV/01. Individual Hits/07. Mid Conga/Color/Saturated/Conga Mid 808 Sat B 08.wav	45004	44100	24	1	0.318
808 From Mars/WAV/01. Individual Hits/07. Mid Conga/Color/Saturated/Conga Mid 808 Sat B 09.wav	44730	44100	24	1	0.316
808 From Mars/WAV/01. Individual Hits/07. Mid Conga/Color/Saturated/Conga Mid 808 Sat B 10.wav	44808	44100	24	1	0.317
808 From Mars/WAV/01. Individual Hits/07. Mid Conga/Color/Saturated/Conga Mid 808 Sat B 11.wav	45108	44100	24	1	0.317
808 From Mars/WAV/01. Individual Hits/07. Mid Conga/Color/Various/Conga Mid 808 Color 01.wav	24442	44100	24	1	0.162
808 From Mars/WAV/01. Individual Hits/07. Mid Conga/Color/Various/Conga Mid 808 Color 02.wav	25300	44100	24	1	0.169
808 From Mars/WAV/01. Individual Hits/07. Mid Conga/Color/Various/Conga Mid 808 Color 03.wav	26242	44100	24	1	0.176
808 From Mars/WAV/01. Individual Hits/07. Mid Conga/Color/Various/Conga Mid 808 Color 04.wav	26858	44100	24	1	0.18
808 From Mars/WAV/01. Individual Hits/07. Mid Conga/Color/Various/Conga Mid 808 Color 05.wav	30338	44100	24	1	0.206
808 From Mars/WAV/01. Individual Hits/07. Mid Conga/Color/Various/Conga Mid 808 Color 06.wav	40154	44100	24	1	0.279
808 From Mars/WAV/01. Individual Hits/07. Mid Conga/Color/Various/Conga Mid 808 Color 07.wav	40352	44100	24	1	0.281
808 From Mars/WAV/01. Individual Hits/07. Mid Conga/Color/Various/Conga Mid 808 Color 08.wav	34782	44100	24	1	0.24
808 From Mars/WAV/01. Individual Hits/07. Mid Conga/Color/Various/Conga Mid 808 Color 09.wav	35908	44100	24	1	0.248
808 From Mars/WAV/01. Individual Hits/07. Mid Conga/Color/Various/Conga Mid 808 Color 10.wav	42118	44100	24	1	0.294
808 From Mars/WAV/01. Individual Hits/07. Mid Conga/Color/Various/Conga Mid 808 Color 11.wav	41946	44100	24	1	0.291
808 From Mars/WAV/01. Individual Hits/08. Hi Conga/Clean/Digital/A/Conga Hi A 808 01.wav	48426	44100	24	1	0.338
808 From Mars/WAV/01. Individual Hits/08. Hi Conga/Clean/Digital/A/Conga Hi A 808 02.wav	48244	44100	24	1	0.338
808 From Mars/WAV/01. Individual Hits/08. Hi Conga/Clean/Digital/A/Conga Hi A 808 03.wav	48272	44100	24	1	0.338
808 From Mars/WAV/01. Individual Hits/08. Hi Conga/Clean/Digital/A/Conga Hi A 808 04.wav	48232	44100	24	1	0.338
808 From Mars/WAV/01. Individual Hits/08. Hi Conga/Clean/Digital/A/Conga Hi A 808 05.wav	48542	44100	24	1	0.338
808 From Mars/WAV/01. Individual Hits/08. Hi Conga/Clean/Digital/A/Conga Hi A 808 06.wav	48340	44100	24	1	0.338
808 From Mars/WAV/01. Individual Hits/08. Hi Conga/Clean/Digital/A/Conga Hi A 808 07.wav	48284	44100	24	1	0.338
808 From Mars/WAV/01. Individual Hits/08. Hi Conga/Clean/Digital/A/Conga Hi A 808 08.wav	48684	44100	24	1	0.338
808 From Mars/WAV/01. Individual Hits/08. Hi Conga/Clean/Digital/A/Conga Hi A 808 09.wav	48208	44100	24	1	0.338
808 From Mars/WAV/01. Individual Hits/08. Hi Conga/Clean/Digital/A/Conga Hi A 808 10.wav	48236	44100	24	1	0.338
808 From Mars/WAV/01. Individual Hits/08. Hi Conga/Clean/Digital/A/Conga Hi A 808 11.wav	49434	44100	24	1	0.338
808 From Mars/WAV/01. Individual Hits/08. Hi Conga/Clean/Digital/B/Conga Hi B 808 01.wav	49748	44100	24	1	0.348
808 From Mars/WAV/01. Individual Hits/08. Hi Conga/Clean/Digital/B/Conga Hi B 808 02.wav	45202	44100	24	1	0.312
808 From Mars/WAV/01. Individual Hits/08. Hi Conga/Clean/Digital/B/Conga Hi B 808 03.wav	46024	44100	24	1	0.319
808 From Mars/WAV/01. Individual Hits/08. Hi Conga/Clean/Digital/B/Conga Hi B 808 04.wav	45368	44100	24	1	0.315
808 From Mars/WAV/01. Individual Hits/08. Hi Conga/Clean/Digital/B/Conga Hi B 808 05.wav	45802	44100	24	1	0.318
808 From Mars/WAV/01. Individual Hits/08. Hi Conga/Clean/Digital/B/Conga Hi B 808 06.wav	53674	44100	24	1	0.378
808 From Mars/WAV/01. Individual Hits/08. Hi Conga/Clean/Digital/B/Conga Hi B 808 07.wav	44304	44100	24	1	0.307
808 From Mars/WAV/01. Individual Hits/08. Hi Conga/Clean/Digital/B/Conga Hi B 808 08.wav	43682	44100	24	1	0.303
808 From Mars/WAV/01. Individual Hits/08. Hi Conga/Clean/Digital/B/Conga Hi B 808 09.wav	53948	44100	24	1	0.377
808 From Mars/WAV/01. Individual Hits/08. Hi Conga/Clean/Digital/B/Conga Hi B 808 10.wav	49934	44100	24	1	0.349
808 From Mars/WAV/01. Individual Hits/08. Hi Conga/Clean/Digital/B/Conga Hi B 808 11.wav	46188	44100	24	1	0.319
808 From Mars/WAV/01. Individual Hits/08. Hi Conga/Clean/Tape/A/Conga Hi A 808 Tape 01.wav	24826	44100	24	1	0.169
808 From Mars/WAV/01. Individual Hits/08. Hi Conga/Clean/Tape/A/Conga Hi A 808 Tape 02.wav	25474	44100	24	1	0.174
808 From Mars/WAV/01. Individual Hits/08. Hi Conga/Clean/Tape/A/Conga Hi A 808 Tape 03.wav	24648	44100	24	1	0.168
808 From Mars/WAV/01. Individual Hits/08. Hi Conga/Clean/Tape/A/Conga Hi A 808 Tape 04.wav	24430	44100	24	1	0.167
808 From Mars/WAV/01. Individual Hits/08. Hi Conga/Clean/Tape/A/Conga Hi A 808 Tape 05.wav	25256	44100	24	1	0.173
808 From Mars/WAV/01. Individual Hits/08. Hi Conga/Clean/Tape/A/Conga Hi A 808 Tape 06.wav	25052	44100	24	1	0.171
808 From Mars/WAV/01. Individual Hits/08. Hi Conga/Clean/Tape/A/Conga Hi A 808 Tape 07.wav	25678	44100	24	1	0.176
808 From Mars/WAV/01. Individual Hits/08. Hi Conga/Clean/Tape/A/Conga Hi A 808 Tape 08.wav	25356	44100	24	1	0.174
808 From Mars/WAV/01. Individual Hits/08. Hi Conga/Clean/Tape/A/Conga Hi A 808 Tape 09.wav	25726	44100	24	1	0.176
808 From Mars/WAV/01. Individual Hits/08. Hi Conga/Clean/Tape/A/Conga Hi A 808 Tape 10.wav	25576	44100	24	1	0.175
808 From Mars/WAV/01. Individual Hits/08. Hi Conga/Clean/Tape/A/Conga Hi A 808 Tape 11.wav	25878	44100	24	1	0.178
808 From Mars/WAV/01. Individual Hits/08. Hi Conga/Clean/Tape/B/Conga Hi B 808 Tape 01.wav	24402	44100	24	1	0.166
808 From Mars/WAV/01. Individual Hits/08. Hi Conga/Clean/Tape/B/Conga Hi B 808 Tape 02.wav	24430	44100	24	1	0.167
808 From Mars/WAV/01. Individual Hits/08. Hi Conga/Clean/Tape/B/Conga Hi B 808 Tape 03.wav	24750	44100	24	1	0.169
808 From Mars/WAV/01. Individual Hits/08. Hi Conga/Clean/Tape/B/Conga Hi B 808 Tape 04.wav	25052	44100	24	1	0.171
808 From Mars/WAV/01. Individual Hits/08. Hi Conga/Clean/Tape/B/Conga Hi B 808 Tape 05.wav	24530	44100	24	1	0.168
808 From Mars/WAV/01. Individual Hits/08. Hi Conga/Clean/Tape/B/Conga Hi B 808 Tape 06.wav	25256	44100	24	1	0.173
808 From Mars/WAV/01. Individual Hits/08. Hi Conga/Clean/Tape/B/Conga Hi B 808 Tape 07.wav	25154	44100	24	1	0.172
808 From Mars/WAV/01. Individual Hits/08. Hi Conga/Clean/Tape/B/Conga Hi B 808 Tape 08.wav	25356	44100	24	1	0.174
808 From Mars/WAV/01. Individual Hits/08. Hi Conga/Clean/Tape/B/Conga Hi B 808 Tape 09.wav	25256	44100	24	1	0.173
808 From Mars/WAV/01. Individual Hits/08. Hi Conga/Clean/Tape/B/Conga Hi B 808 Tape 10.wav	25052	44100	24	1	0.171
808 From Mars/WAV/01. Individual Hits/08. Hi Conga/Clean/Tape/B/Conga Hi B 808 Tape 11.wav	25256	44100	24	1	0.173
808 From Mars/WAV/01. Individual Hits/08. Hi Conga/Color/Saturated/Conga Hi 808 Sat A 01.wav	41530	44100	24	1	0.281
808 From Mars/WAV/01. Individual Hits/08. Hi Conga/Color/Saturated/Conga Hi 808 Sat A 02.wav	41156	44100	24	1	0.281
808 From Mars/WAV/01. Individual Hits/08. Hi Conga/Color/Saturated/Conga Hi 808 Sat A 03.wav	41078	44100	24	1	0.28
808 From Mars/WAV/01. Individual Hits/08. Hi Conga/Color/Saturated/Conga Hi 808 Sat A 04.wav	41158	44100	24	1	0.281
808 From Mars/WAV/01. Individual Hits/08. Hi Conga/Color/Saturated/Conga Hi 808 Sat A 05.wav	40762	44100	24	1	0.281
808 From Mars/WAV/01. Individual Hits/08. Hi Conga/Color/Saturated/Conga Hi 808 Sat A 06.wav	40734	44100	24	1	0.28
808 From Mars/WAV/01. Individual Hits/08. Hi Conga/Color/Saturated/Conga Hi 808 Sat A 07.wav	40480	44100	24	1	0.279
808 From Mars/WAV/01. Individual Hits/08. Hi Conga/Color/Saturated/Conga Hi 808 Sat A 08.wav	40352	44100	24	1	0.278
808 From Mars/WAV/01. Individual Hits/08. Hi Conga/Color/Saturated/Conga Hi 808 Sat A 09.wav	40458	44100	24	1	0.279
808 From Mars/WAV/01. Individual Hits/08. Hi Conga/Color/Saturated/Conga Hi 808 Sat A 10.wav	40346	44100	24	1	0.277
808 From Mars/WAV/01. Individual Hits/08. Hi Conga/Color/Saturated/Conga Hi 808 Sat A 11.wav	41002	44100	24	1	0.275
808 From Mars/WAV/01. Individual Hits/08. Hi Conga/Color/Saturated/Conga Hi 808 Sat B 01.wav	45082	44100	24	1	0.318
808 From Mars/WAV/01. Individual Hits/08. Hi Conga/Color/Saturated/Conga Hi 808 Sat B 02.wav	44470	44100	24	1	0.315
808 From Mars/WAV/01. Individual Hits/08. Hi Conga/Color/Saturated/Conga Hi 808 Sat B 03.wav	43700	44100	24	1	0.309
808 From Mars/WAV/01. Individual Hits/08. Hi Conga/Color/Saturated/Conga Hi 808 Sat B 04.wav	43180	44100	24	1	0.305
808 From Mars/WAV/01. Individual Hits/08. Hi Conga/Color/Saturated/Conga Hi 808 Sat B 05.wav	43558	44100	24	1	0.308
808 From Mars/WAV/01. Individual Hits/08. Hi Conga/Color/Saturated/Conga Hi 808 Sat B 06.wav	43340	44100	24	1	0.306
808 From Mars/WAV/01. Individual Hits/08. Hi Conga/Color/Saturated/Conga Hi 808 Sat B 07.wav	44486	44100	24	1	0.315
808 From Mars/WAV/01. Individual Hits/08. Hi Conga/Color/Saturated/Conga Hi 808 Sat B 08.wav	43726	44100	24	1	0.309
808 From Mars/WAV/01. Individual Hits/08. Hi Conga/Color/Saturated/Conga Hi 808 Sat B 09.wav	44636	44100	24	1	0.316
808 From Mars/WAV/01. Individual Hits/08. Hi Conga/Color/Saturated/Conga Hi 808 Sat B 10.wav	43604	44100	24	1	0.308
808 From Mars/WAV/01. Individual Hits/08. Hi Conga/Color/Saturated/Conga Hi 808 Sat B 11.wav	42846	44100	24	1	0.301
808 From Mars/WAV/01. Individual Hits/08. Hi Conga/Color/Various/Conga Hi 808 Color 01.wav	23824	44100	24	1	0.161
808 From Mars/WAV/01. Individual Hits/08. Hi Conga/Color/Various/Conga Hi 808 Color 02.wav	24576	44100	24	1	0.165
808 From Mars/WAV/01. Individual Hits/08. Hi Conga/Color/Various/Conga Hi 808 Color 03.wav	23648	44100	24	1	0.16
808 From Mars/WAV/01. Individual Hits/08. Hi Conga/Color/Various/Conga Hi 808 Color 04.wav	24494	44100	24	1	0.167
808 From Mars/WAV/01. Individual Hits/08. Hi Conga/Color/Various/Conga Hi 808 Color 05.wav	26770	44100	24	1	0.183
808 From Mars/WAV/01. Individual Hits/08. Hi Conga/Color/Various/Conga Hi 808 Color 06.wav	34564	44100	24	1	0.24
808 From Mars/WAV/01. Individual Hits/08. Hi Conga/Color/Various/Conga Hi 808 Color 07.wav	37020	44100	24	1	0.258
808 From Mars/WAV/01. Individual Hits/08. Hi Conga/Color/Various/Conga Hi 808 Color 08.wav	41118	44100	24	1	0.282
808 From Mars/WAV/01. Individual Hits/08. Hi Conga/Color/Various/Conga Hi 808 Color 09.wav	33268	44100	24	1	0.232
808 From Mars/WAV/01. Individual Hits/08. Hi Conga/Color/Various/Conga Hi 808 Color 10.wav	38232	44100	24	1	0.267
808 From Mars/WAV/01. Individual Hits/08. Hi Conga/Color/Various/Conga Hi 808 Color 11.wav	42198	44100	24	1	0.293
808 From Mars/WAV/01. Individual Hits/09. Rim Shot/Clean/Digital/Rim Shot A 808.wav	8132	44100	24	1	0.026
808 From Mars/WAV/01. Individual Hits/09. Rim Shot/Clean/Digital/Rim Shot B 808.wav	8888	44100	24	1	0.039
808 From Mars/WAV/01. Individual Hits/09. Rim Shot/Clean/Tape/Rim Shot A 808 Tape.wav	8010	44100	24	1	0.026
808 From Mars/WAV/01. Individual Hits/09. Rim Shot/Clean/Tape/Rim Shot B 808 Tape.wav	7446	44100	24	1	0.029
808 From Mars/WAV/01. Individual Hits/09. Rim Shot/Color/Rim Shot 808 Dark 01.wav	6746	44100	24	1	0.025
808 From Mars/WAV/01. Individual Hits/09. Rim Shot/Color/Rim Shot 808 Dark 02.wav	12552	44100	24	1	0.078
808 From Mars/WAV/01. Individual Hits/09. Rim Shot/Color/Rim Shot 808 Dark 03.wav	5968	44100	24	1	0.024
808 From Mars/WAV/01. Individual Hits/09. Rim Shot/Color/Rim Shot 808 Lite.wav	6166	44100	24	1	0.03
808 From Mars/WAV/01. Individual Hits/09. Rim Shot/Color/Rim Shot 808 Sat 01.wav	8302	44100	24	1	0.043
808 From Mars/WAV/01. Individual Hits/09. Rim Shot/Color/Rim Shot 808 Sat 02.wav	8206	44100	24	1	0.035
808 From Mars/WAV/01. Individual Hits/09. Rim Shot/Color/Rim Shot 808 Sat 03.wav	10610	44100	24	1	0.063
808 From Mars/WAV/01. Individual Hits/10. Hand Clap/Clean/Digital/Clap A 808.wav	157228	44100	24	1	1.148
808 From Mars/WAV/01. Individual Hits/10. Hand Clap/Clean/Digital/Clap B 808.wav	140478	44100	24	1	1.024
808 From Mars/WAV/01. Individual Hits/10. Hand Clap/Clean/Tape/Clap A 808 Tape.wav	130510	44100	24	1	0.965
808 From Mars/WAV/01. Individual Hits/10. Hand Clap/Clean/Tape/Clap B 808 Tape.wav	109678	44100	24	1	0.811
808 From Mars/WAV/01. Individual Hits/10. Hand Clap/Color/Multi Saturated/Clap 808 Sat A 01.wav	79558	44100	24	1	0.565
808 From Mars/WAV/01. Individual Hits/10. Hand Clap/Color/Multi Saturated/Clap 808 Sat A 02.wav	134966	44100	24	1	0.967
808 From Mars/WAV/01. Individual Hits/10. Hand Clap/Color/Multi Saturated/Clap 808 Sat A 03.wav	158364	44100	24	1	1.146
808 From Mars/WAV/01. Individual Hits/10. Hand Clap/Color/Multi Saturated/Clap 808 Sat A 04.wav	231184	44100	24	1	1.685
808 From Mars/WAV/01. Individual Hits/10. Hand Clap/Color/Multi Saturated/Clap 808 Sat A 05.wav	250398	44100	24	1	1.83
808 From Mars/WAV/01. Individual Hits/10. Hand Clap/Color/Multi Saturated/Clap 808 Sat B 01.wav	101698	44100	24	1	0.724
808 From Mars/WAV/01. Individual Hits/10. Hand Clap/Color/Multi Saturated/Clap 808 Sat B 02.wav	150788	44100	24	1	1.091
808 From Mars/WAV/01. Individual Hits/10. Hand Clap/Color/Multi Saturated/Clap 808 Sat B 03.wav	203900	44100	24	1	1.479
808 From Mars/WAV/01. Individual Hits/10. Hand Clap/Color/Multi Saturated/Clap 808 Sat B 04.wav	243240	44100	24	1	1.768
808 From Mars/WAV/01. Individual Hits/10. Hand Clap/Color/Multi Saturated/Clap 808 Sat B 05.wav	322224	44100	24	1	2.355
808 From Mars/WAV/01. Individual Hits/10. Hand Clap/Color/Various/Clap 808 Color 01.wav	47798	44100	24	1	0.333
808 From Mars/WAV/01. Individual Hits/10. Hand Clap/Color/Various/Clap 808 Color 02.wav	84494	44100	24	1	0.605
808 From Mars/WAV/01. Individual Hits/10. Hand Clap/Color/Various/Clap 808 Color 03.wav	84344	44100	24	1	0.604
808 From Mars/WAV/01. Individual Hits/10. Hand Clap/Color/Various/Clap 808 Color 04.wav	114696	44100	24	1	0.825
808 From Mars/WAV/01. Individual Hits/10. Hand Clap/Color/Various/Clap 808 Color 05.wav	125672	44100	24	1	0.911
808 From Mars/WAV/01. Individual Hits/10. Hand Clap/Color/Various/Clap 808 Color 06.wav	139236	44100	24	1	1.01
808 From Mars/WAV/01. Individual Hits/10. Hand Clap/Color/Various/Clap 808 Color 07.wav	162588	44100	24	1	1.181
808 From Mars/WAV/01. Individual Hits/10. Hand Clap/Color/Various/Clap 808 Color 08.wav	194234	44100	24	1	1.42
808 From Mars/WAV/01. Individual Hits/10. Hand Clap/Color/Various/Clap 808 Color 09.wav	146508	44100	24	1	1.065
808 From Mars/WAV/01. Individual Hits/10. Hand Clap/Color/Various/Clap 808 Color 10.wav	289786	44100	24	1	2.141
808 From Mars/WAV/01. Individual Hits/10. Hand Clap/Color/Various/Clap 808 Color 11.wav	183846	44100	24	1	1.325
808 From Mars/WAV/01. Individual Hits/10. Hand Clap/Color/Various/Clap 808 Color 12.wav	273590	44100	24	1	1.989
808 From Mars/WAV/01. Individual Hits/11. Claves/Clean/Digital/Claves A 808.wav	9908	44100	24	1	0.049
808 From Mars/WAV/01. Individual Hits/11. Claves/Clean/Digital/Claves B 808.wav	8452	44100	24	1	0.039
808 From Mars/WAV/01. Individual Hits/11. Claves/Clean/Tape/Claves A 808 Tape.wav	3786	44100	24	1	0.025
808 From Mars/WAV/01. Individual Hits/11. Claves/Clean/Tape/Claves B 808 Tape.wav	3770	44100	24	1	0.024
808 From Mars/WAV/01. Individual Hits/11. Claves/Color/Claves 808 Bright.wav	8114	44100	24	1	0.041
808 From Mars/WAV/01. Individual Hits/11. Claves/Color/Claves 808 Dark.wav	18908	44100	24	1	0.121
808 From Mars/WAV/01. Individual Hits/11. Claves/Color/Claves 808 Mid.wav	18508	44100	24	1	0.118
808 From Mars/WAV/01. Individual Hits/11. Claves/Color/Claves 808 Sat 01.wav	8750	44100	24	1	0.041
808 From Mars/WAV/01. Individual Hits/11. Claves/Color/Claves 808 Sat 02.wav	9246	44100	24	1	0.044
808 From Mars/WAV/01. Individual Hits/11. Claves/Color/Claves 808 Sat 03.wav	10804	44100	24	1	0.053
808 From Mars/WAV/01. Individual Hits/12. Maracas/Clean/Digital/Maracas A 808.wav	7584	44100	24	1	0.039
808 From Mars/WAV/01. Individual Hits/12. Maracas/Clean/Digital/Maracas B 808.wav	11880	44100	24	1	0.065
808 From Mars/WAV/01. Individual Hits/12. Maracas/Clean/Tape/Maracas A 808 Tape.wav	6486	44100	24	1	0.03
808 From Mars/WAV/01. Individual Hits/12. Maracas/Clean/Tape/Maracas B 808 Tape.wav	8890	44100	24	1	0.043
808 From Mars/WAV/01. Individual Hits/12. Maracas/Color/Pitched/Maracas 808 Pitched 01.wav	12908	44100	24	1	0.087
808 From Mars/WAV/01. Individual Hits/12. Maracas/Color/Pitched/Maracas 808 Pitched 02.wav	12728	44100	24	1	0.086
808 From Mars/WAV/01. Individual Hits/12. Maracas/Color/Pitched/Maracas 808 Pitched 03.wav	12526	44100	24	1	0.085
808 From Mars/WAV/01. Individual Hits/12. Maracas/Color/Pitched/Maracas 808 Pitched 04.wav	9410	44100	24	1	0.066
808 From Mars/WAV/01. Individual Hits/12. Maracas/Color/Pitched/Maracas 808 Pitched 05.wav	6122	44100	24	1	0.042
808 From Mars/WAV/01. Individual Hits/12. Maracas/Color/Pitched/Maracas 808 Pitched 06.wav	6226	44100	24	1	0.043
808 From Mars/WAV/01. Individual Hits/12. Maracas/Color/Pitched/Maracas 808 Pitched 07.wav	5946	44100	24	1	0.041
808 From Mars/WAV/01. Individual Hits/12. Maracas/Color/Pitched/Maracas 808 Pitched 08.wav	7076	44100	24	1	0.044
808 From Mars/WAV/01. Individual Hits/12. Maracas/Color/Pitched/Maracas 808 Pitched 09.wav	6178	44100	24	1	0.038
808 From Mars/WAV/01. Individual Hits/12. Maracas/Color/Various/Maracas 808 Color 01.wav	4736	44100	24	1	0.032
808 From Mars/WAV/01. Individual Hits/12. Maracas/Color/Various/Maracas 808 Color 02.wav	6156	44100	24	1	0.042
808 From Mars/WAV/01. Individual Hits/12. Maracas/Color/Various/Maracas 808 Color 03.wav	7434	44100	24	1	0.033
808 From Mars/WAV/01. Individual Hits/12. Maracas/Color/Various/Maracas 808 Color 04.wav	8322	44100	24	1	0.038
808 From Mars/WAV/01. Individual Hits/12. Maracas/Color/Various/Maracas 808 Color 05.wav	6150	44100	24	1	0.042
808 From Mars/WAV/01. Individual Hits/12. Maracas/Color/Various/Maracas 808 Color 06.wav	7850	44100	24	1	0.035
808 From Mars/WAV/01. Individual Hits/12. Maracas/Color/Various/Maracas 808 Color 08.wav	4514	44100	24	1	0.03
808 From Mars/WAV/01. Individual Hits/12. Maracas/Color/Various/Maracas 808 Color 09.wav	4480	44100	24	1	0.03
808 From Mars/WAV/01. Individual Hits/12. Maracas/Color/Various/Maracas 808 Color 10.wav	5092	44100	24	1	0.034
808 From Mars/WAV/01. Individual Hits/12. Maracas/Color/Various/Maracas 808 Color 11.wav	5616	44100	24	1	0.038
808 From Mars/WAV/01. Individual Hits/12. Maracas/Color/Various/Maracas 808 Color 12.wav	12116	44100	24	1	0.076
808 From Mars/WAV/01. Individual Hits/12. Maracas/Color/Various/Maracas 808 Color 13.wav	15362	44100	24	1	0.099
808 From Mars/WAV/01. Individual Hits/12. Maracas/Color/Various/Maracas 808 Color 14.wav	10618	44100	24	1	0.064
808 From Mars/WAV/01. Individual Hits/12. Maracas/Color/Various/Maracas 808 Color 15.wav	14948	44100	24	1	0.096
808 From Mars/WAV/01. Individual Hits/12. Maracas/Color/Various/Maracas 808 Color 16.wav	14256	44100	24	1	0.09
808 From Mars/WAV/01. Individual Hits/12. Maracas/Color/Various/Maracas 808 Color 17.wav	13406	44100	24	1	0.084
808 From Mars/WAV/01. Individual Hits/12. Maracas/Color/Various/Maracas 808 Color 18.wav	12024	44100	24	1	0.074
808 From Mars/WAV/01. Individual Hits/13. Cowbell/Clean/Digital/Cowbell A 808.wav	175850	44100	24	1	1.284
808 From Mars/WAV/01. Individual Hits/13. Cowbell/Clean/Digital/Cowbell B 808.wav	175770	44100	24	1	1.284
808 From Mars/WAV/01. Individual Hits/13. Cowbell/Clean/Tape/Cowbell A 808 Tape.wav	69424	44100	24	1	0.494
808 From Mars/WAV/01. Individual Hits/13. Cowbell/Clean/Tape/Cowbell B 808 Tape.wav	81786	44100	24	1	0.587
808 From Mars/WAV/01. Individual Hits/13. Cowbell/Color/Cowbell 808 Color 01.wav	117700	44100	24	1	0.853
808 From Mars/WAV/01. Individual Hits/13. Cowbell/Color/Cowbell 808 Color 02.wav	133928	44100	24	1	0.966
808 From Mars/WAV/01. Individual Hits/13. Cowbell/Color/Cowbell 808 Color 03.wav	140696	44100	24	1	1.022
808 From Mars/WAV/01. Individual Hits/13. Cowbell/Color/Cowbell 808 Color Short 01.wav	56894	44100	24	1	0.398
808 From Mars/WAV/01. Individual Hits/13. Cowbell/Color/Cowbell 808 Color Short 02.wav	69224	44100	24	1	0.495
808 From Mars/WAV/01. Individual Hits/13. Cowbell/Color/Cowbell 808 Color Short 03.wav	67710	44100	24	1	0.486
808 From Mars/WAV/01. Individual Hits/14. Cymbal/Clean/Digital/A/Cym A 808 Decay A 01.wav	325484	44100	24	1	2.386
808 From Mars/WAV/01. Individual Hits/14. Cymbal/Clean/Digital/A/Cym A 808 Decay A 02.wav	363690	44100	24	1	2.672
808 From Mars/WAV/01. Individual Hits/14. Cymbal/Clean/Digital/A/Cym A 808 Decay A 03.wav	321776	44100	24	1	2.364
808 From Mars/WAV/01. Individual Hits/14. Cymbal/Clean/Digital/A/Cym A 808 Decay A 04.wav	167994	44100	24	1	1.214
808 From Mars/WAV/01. Individual Hits/14. Cymbal/Clean/Digital/A/Cym A 808 Decay B 01.wav	382414	44100	24	1	2.802
808 From Mars/WAV/01. Individual Hits/14. Cymbal/Clean/Digital/A/Cym A 808 Decay B 02.wav	405786	44100	24	1	2.978
808 From Mars/WAV/01. Individual Hits/14. Cymbal/Clean/Digital/A/Cym A 808 Decay B 03.wav	416072	44100	24	1	3.057
808 From Mars/WAV/01. Individual Hits/14. Cymbal/Clean/Digital/A/Cym A 808 Decay B 04.wav	384570	44100	24	1	2.815
808 From Mars/WAV/01. Individual Hits/14. Cymbal/Clean/Digital/A/Cym A 808 Decay C 01.wav	680694	44100	24	1	5.012
808 From Mars/WAV/01. Individual Hits/14. Cymbal/Clean/Digital/A/Cym A 808 Decay C 02.wav	705270	44100	24	1	5.179
808 From Mars/WAV/01. Individual Hits/14. Cymbal/Clean/Digital/A/Cym A 808 Decay C 03.wav	698076	44100	24	1	5.108
808 From Mars/WAV/01. Individual Hits/14. Cymbal/Clean/Digital/A/Cym A 808 Decay C 04.wav	674856	44100	24	1	4.943
808 From Mars/WAV/01. Individual Hits/14. Cymbal/Clean/Digital/B/Cym B 808 Decay A 01.wav	352780	44100	24	1	2.586
808 From Mars/WAV/01. Individual Hits/14. Cymbal/Clean/Digital/B/Cym B 808 Decay A 02.wav	280178	44100	24	1	2.046
808 From Mars/WAV/01. Individual Hits/14. Cymbal/Clean/Digital/B/Cym B 808 Decay A 03.wav	308298	44100	24	1	2.26
808 From Mars/WAV/01. Individual Hits/14. Cymbal/Clean/Digital/B/Cym B 808 Decay A 04.wav	208520	44100	24	1	1.519
808 From Mars/WAV/01. Individual Hits/14. Cymbal/Clean/Digital/B/Cym B 808 Decay B 01.wav	409884	44100	24	1	3.005
808 From Mars/WAV/01. Individual Hits/14. Cymbal/Clean/Digital/B/Cym B 808 Decay B 02.wav	430018	44100	24	1	3.154
808 From Mars/WAV/01. Individual Hits/14. Cymbal/Clean/Digital/B/Cym B 808 Decay B 03.wav	427990	44100	24	1	3.148
808 From Mars/WAV/01. Individual Hits/14. Cymbal/Clean/Digital/B/Cym B 808 Decay B 04.wav	434208	44100	24	1	3.185
808 From Mars/WAV/01. Individual Hits/14. Cymbal/Clean/Digital/B/Cym B 808 Decay C 01.wav	776316	44100	24	1	5.702
808 From Mars/WAV/01. Individual Hits/14. Cymbal/Clean/Digital/B/Cym B 808 Decay C 02.wav	806368	44100	24	1	5.933
808 From Mars/WAV/01. Individual Hits/14. Cymbal/Clean/Digital/B/Cym B 808 Decay C 03.wav	808180	44100	24	1	5.946
808 From Mars/WAV/01. Individual Hits/14. Cymbal/Clean/Digital/B/Cym B 808 Decay C 04.wav	812358	44100	24	1	5.944
808 From Mars/WAV/01. Individual Hits/14. Cymbal/Clean/Tape/A/Cym A 808 Tape Decay A 01.wav	172362	44100	24	1	1.249
808 From Mars/WAV/01. Individual Hits/14. Cymbal/Clean/Tape/A/Cym A 808 Tape Decay A 02.wav	164138	44100	24	1	1.191
808 From Mars/WAV/01. Individual Hits/14. Cymbal/Clean/Tape/A/Cym A 808 Tape Decay A 03.wav	175064	44100	24	1	1.272
808 From Mars/WAV/01. Individual Hits/14. Cymbal/Clean/Tape/A/Cym A 808 Tape Decay A 04.wav	176736	44100	24	1	1.279
808 From Mars/WAV/01. Individual Hits/14. Cymbal/Clean/Tape/A/Cym A 808 Tape Decay B 01.wav	329064	44100	24	1	2.412
808 From Mars/WAV/01. Individual Hits/14. Cymbal/Clean/Tape/A/Cym A 808 Tape Decay B 02.wav	342722	44100	24	1	2.516
808 From Mars/WAV/01. Individual Hits/14. Cymbal/Clean/Tape/A/Cym A 808 Tape Decay B 03.wav	322634	44100	24	1	2.361
808 From Mars/WAV/01. Individual Hits/14. Cymbal/Clean/Tape/A/Cym A 808 Tape Decay B 04.wav	353882	44100	24	1	2.594
808 From Mars/WAV/01. Individual Hits/14. Cymbal/Clean/Tape/A/Cym A 808 Tape Decay C 01.wav	684184	44100	24	1	5.039
808 From Mars/WAV/01. Individual Hits/14. Cymbal/Clean/Tape/A/Cym A 808 Tape Decay C 02.wav	709452	44100	24	1	5.198
808 From Mars/WAV/01. Individual Hits/14. Cymbal/Clean/Tape/A/Cym A 808 Tape Decay C 03.wav	701742	44100	24	1	5.15
808 From Mars/WAV/01. Individual Hits/14. Cymbal/Clean/Tape/A/Cym A 808 Tape Decay C 04.wav	682316	44100	24	1	5.0
808 From Mars/WAV/01. Individual Hits/14. Cymbal/Clean/Tape/B/Cym B 808 Tape Decay A 01.wav	229256	44100	24	1	1.669
808 From Mars/WAV/01. Individual Hits/14. Cymbal/Clean/Tape/B/Cym B 808 Tape Decay A 02.wav	229132	44100	24	1	1.663
808 From Mars/WAV/01. Individual Hits/14. Cymbal/Clean/Tape/B/Cym B 808 Tape Decay A 03.wav	208958	44100	24	1	1.521
808 From Mars/WAV/01. Individual Hits/14. Cymbal/Clean/Tape/B/Cym B 808 Tape Decay A 04.wav	210262	44100	24	1	1.536
808 From Mars/WAV/01. Individual Hits/14. Cymbal/Clean/Tape/B/Cym B 808 Tape Decay B 01.wav	393246	44100	24	1	2.889
808 From Mars/WAV/01. Individual Hits/14. Cymbal/Clean/Tape/B/Cym B 808 Tape Decay B 02.wav	424258	44100	24	1	3.121
808 From Mars/WAV/01. Individual Hits/14. Cymbal/Clean/Tape/B/Cym B 808 Tape Decay B 03.wav	478770	44100	24	1	3.527
808 From Mars/WAV/01. Individual Hits/14. Cymbal/Clean/Tape/B/Cym B 808 Tape Decay B 04.wav	462204	44100	24	1	3.393
808 From Mars/WAV/01. Individual Hits/14. Cymbal/Clean/Tape/B/Cym B 808 Tape Decay C 01.wav	736836	44100	24	1	5.409
808 From Mars/WAV/01. Individual Hits/14. Cymbal/Clean/Tape/B/Cym B 808 Tape Decay C 02.wav	790474	44100	24	1	5.811
808 From Mars/WAV/01. Individual Hits/14. Cymbal/Clean/Tape/B/Cym B 808 Tape Decay C 03.wav	922078	44100	24	1	6.803
808 From Mars/WAV/01. Individual Hits/14. Cymbal/Clean/Tape/B/Cym B 808 Tape Decay C 04.wav	997096	44100	24	1	7.336
808 From Mars/WAV/01. Individual Hits/14. Cymbal/Color/Multi Saturated/Cym A 808 Sat Decay A 01.wav	203796	44100	24	1	1.486
808 From Mars/WAV/01. Individual Hits/14. Cymbal/Color/Multi Saturated/Cym A 808 Sat Decay A 02.wav	205986	44100	24	1	1.506
808 From Mars/WAV/01. Individual Hits/14. Cymbal/Color/Multi Saturated/Cym A 808 Sat Decay A 03.wav	288854	44100	24	1	2.12
808 From Mars/WAV/01. Individual Hits/14. Cymbal/Color/Multi Saturated/Cym A 808 Sat Decay A 04.wav	314882	44100	24	1	2.312
808 From Mars/WAV/01. Individual Hits/14. Cymbal/Color/Multi Saturated/Cym A 808 Sat Decay A 05.wav	350914	44100	24	1	2.574
808 From Mars/WAV/01. Individual Hits/14. Cymbal/Color/Multi Saturated/Cym A 808 Sat Decay B 01.wav	549974	44100	24	1	4.043
808 From Mars/WAV/01. Individual Hits/14. Cymbal/Color/Multi Saturated/Cym A 808 Sat Decay B 02.wav	561552	44100	24	1	4.129
808 From Mars/WAV/01. Individual Hits/14. Cymbal/Color/Multi Saturated/Cym A 808 Sat Decay B 03.wav	583804	44100	24	1	4.29
808 From Mars/WAV/01. Individual Hits/14. Cymbal/Color/Multi Saturated/Cym A 808 Sat Decay B 04.wav	599870	44100	24	1	4.411
808 From Mars/WAV/01. Individual Hits/14. Cymbal/Color/Multi Saturated/Cym A 808 Sat Decay B 05.wav	665414	44100	24	1	4.894
808 From Mars/WAV/01. Individual Hits/14. Cymbal/Color/Multi Saturated/Cym B 808 Sat Decay A 01.wav	169970	44100	24	1	1.238
808 From Mars/WAV/01. Individual Hits/14. Cymbal/Color/Multi Saturated/Cym B 808 Sat Decay A 02.wav	187220	44100	24	1	1.359
808 From Mars/WAV/01. Individual Hits/14. Cymbal/Color/Multi Saturated/Cym B 808 Sat Decay A 03.wav	201066	44100	24	1	1.461
808 From Mars/WAV/01. Individual Hits/14. Cymbal/Color/Multi Saturated/Cym B 808 Sat Decay A 04.wav	241224	44100	24	1	1.767
808 From Mars/WAV/01. Individual Hits/14. Cymbal/Color/Multi Saturated/Cym B 808 Sat Decay A 05.wav	317702	44100	24	1	2.331
808 From Mars/WAV/01. Individual Hits/14. Cymbal/Color/Multi Saturated/Cym B 808 Sat Decay B 01.wav	568850	44100	24	1	4.193
808 From Mars/WAV/01. Individual Hits/14. Cymbal/Color/Multi Saturated/Cym B 808 Sat Decay B 02.wav	585412	44100	24	1	4.314
808 From Mars/WAV/01. Individual Hits/14. Cymbal/Color/Multi Saturated/Cym B 808 Sat Decay B 03.wav	583942	44100	24	1	4.29
808 From Mars/WAV/01. Individual Hits/14. Cymbal/Color/Multi Saturated/Cym B 808 Sat Decay B 04.wav	593066	44100	24	1	4.373
808 From Mars/WAV/01. Individual Hits/14. Cymbal/Color/Multi Saturated/Cym B 808 Sat Decay B 05.wav	622616	44100	24	1	4.575
808 From Mars/WAV/01. Individual Hits/14. Cymbal/Color/Various/Cym 808 Color 01.wav	304262	44100	24	1	2.22
808 From Mars/WAV/01. Individual Hits/14. Cymbal/Color/Various/Cym 808 Color 02.wav	486030	44100	24	1	3.567
808 From Mars/WAV/01. Individual Hits/14. Cymbal/Color/Various/Cym 808 Color 03.wav	503414	44100	24	1	3.694
808 From Mars/WAV/01. Individual Hits/14. Cymbal/Color/Various/Cym 808 Color 04.wav	380776	44100	24	1	2.784
808 From Mars/WAV/01. Individual Hits/14. Cymbal/Color/Various/Cym 808 Color 05.wav	653872	44100	24	1	4.8
808 From Mars/WAV/01. Individual Hits/14. Cymbal/Color/Various/Cym 808 Color 06.wav	643504	44100	24	1	4.75
808 From Mars/WAV/01. Individual Hits/14. Cymbal/Color/Various/Cym 808 Color 07.wav	586546	44100	24	1	4.319
808 From Mars/WAV/01. Individual Hits/14. Cymbal/Color/Various/Cym 808 Color 08.wav	595936	44100	24	1	4.392
808 From Mars/WAV/01. Individual Hits/14. Cymbal/Color/Various/Cym 808 Color 09.wav	588130	44100	24	1	4.328
808 From Mars/WAV/01. Individual Hits/14. Cymbal/Color/Various/Cym 808 Color 10.wav	358706	44100	24	1	2.633
808 From Mars/WAV/01. Individual Hits/14. Cymbal/Color/Various/Cym 808 Color 11.wav	563016	44100	24	1	4.144
808 From Mars/WAV/01. Individual Hits/14. Cymbal/Color/Various/Cym 808 Color 12.wav	312438	44100	24	1	2.283
808 From Mars/WAV/01. Individual Hits/14. Cymbal/Color/Various/Cym 808 Color 13.wav	372662	44100	24	1	2.728
808 From Mars/WAV/01. Individual Hits/14. Cymbal/Color/Various/Cym 808 Color 14.wav	364812	44100	24	1	2.68
808 From Mars/WAV/01. Individual Hits/14. Cymbal/Color/Various/Cym 808 Color 15.wav	631860	44100	24	1	4.587
808 From Mars/WAV/01. Individual Hits/15. Open HH/Clean/Digital/OH 808 Decay 01.wav	18490	44100	24	1	0.113
808 From Mars/WAV/01. Individual Hits/15. Open HH/Clean/Digital/OH 808 Decay 02.wav	23678	44100	24	1	0.151
808 From Mars/WAV/01. Individual Hits/15. Open HH/Clean/Digital/OH 808 Decay 03.wav	30116	44100	24	1	0.198
808 From Mars/WAV/01. Individual Hits/15. Open HH/Clean/Digital/OH 808 Decay 04.wav	54674	44100	24	1	0.382
808 From Mars/WAV/01. Individual Hits/15. Open HH/Clean/Digital/OH 808 Decay 05.wav	90278	44100	24	1	0.642
808 From Mars/WAV/01. Individual Hits/15. Open HH/Clean/Digital/OH Combo 808.wav	47720	44100	24	1	0.329
808 From Mars/WAV/01. Individual Hits/15. Open HH/Clean/Tape/OH 808 Tape Decay 01.wav	18490	44100	24	1	0.113
808 From Mars/WAV/01. Individual Hits/15. Open HH/Clean/Tape/OH 808 Tape Decay 02.wav	23678	44100	24	1	0.151
808 From Mars/WAV/01. Individual Hits/15. Open HH/Clean/Tape/OH 808 Tape Decay 03.wav	30116	44100	24	1	0.198
808 From Mars/WAV/01. Individual Hits/15. Open HH/Clean/Tape/OH 808 Tape Decay 04.wav	54674	44100	24	1	0.382
808 From Mars/WAV/01. Individual Hits/15. Open HH/Clean/Tape/OH 808 Tape Decay 05.wav	90158	44100	24	1	0.642
808 From Mars/WAV/01. Individual Hits/15. Open HH/Clean/Tape/OH Combo 808 Tape.wav	47604	44100	24	1	0.329
808 From Mars/WAV/01. Individual Hits/15. Open HH/Color/OH 808 Color A 01.wav	17972	44100	24	1	0.116
808 From Mars/WAV/01. Individual Hits/15. Open HH/Color/OH 808 Color A 02.wav	16652	44100	24	1	0.109
808 From Mars/WAV/01. Individual Hits/15. Open HH/Color/OH 808 Color A 03.wav	17702	44100	24	1	0.112
808 From Mars/WAV/01. Individual Hits/15. Open HH/Color/OH 808 Color A 04.wav	18346	44100	24	1	0.11
808 From Mars/WAV/01. Individual Hits/15. Open HH/Color/OH 808 Color A 05.wav	27910	44100	24	1	0.184
808 From Mars/WAV/01. Individual Hits/15. Open HH/Color/OH 808 Color A 06.wav	47840	44100	24	1	0.329
808 From Mars/WAV/01. Individual Hits/15. Open HH/Color/OH 808 Color B 01.wav	90662	44100	24	1	0.638
808 From Mars/WAV/01. Individual Hits/15. Open HH/Color/OH 808 Color B 02.wav	88560	44100	24	1	0.64
808 From Mars/WAV/01. Individual Hits/15. Open HH/Color/OH 808 Color B 03.wav	89782	44100	24	1	0.637
808 From Mars/WAV/01. Individual Hits/15. Open HH/Color/OH 808 Color B 04.wav	88644	44100	24	1	0.631
808 From Mars/WAV/01. Individual Hits/15. Open HH/Color/OH 808 Color B 05.wav	89410	44100	24	1	0.644
808 From Mars/WAV/01. Individual Hits/15. Open HH/Color/OH 808 Color B 06.wav	89468	44100	24	1	0.645
808 From Mars/WAV/01. Individual Hits/15. Open HH/Color/OH 808 Sat 01.wav	94980	44100	24	1	0.687
808 From Mars/WAV/01. Individual Hits/15. Open HH/Color/OH 808 Sat 02.wav	98298	44100	24	1	0.711
808 From Mars/WAV/01. Individual Hits/15. Open HH/Color/OH 808 Sat 03.wav	103236	44100	24	1	0.748
808 From Mars/WAV/01. Individual Hits/15. Open HH/Color/OH 808 Sat 04.wav	101320	44100	24	1	0.734
808 From Mars/WAV/01. Individual Hits/15. Open HH/Color/OH 808 Sat 05.wav	104640	44100	24	1	0.759
808 From Mars/WAV/01. Individual Hits/15. Open HH/Color/OH 808 Sat 06.wav	103434	44100	24	1	0.75
808 From Mars/WAV/01. Individual Hits/16. Closed HH/Clean/Digital/CH A 808.wav	32838	44100	24	1	0.224
808 From Mars/WAV/01. Individual Hits/16. Closed HH/Clean/Digital/CH B 808.wav	32722	44100	24	1	0.224
808 From Mars/WAV/01. Individual Hits/16. Closed HH/Clean/Digital/CH Combo 808.wav	15670	44100	24	1	0.093
808 From Mars/WAV/01. Individual Hits/16. Closed HH/Clean/Tape/CH A 808 Tape.wav	22012	44100	24	1	0.144
808 From Mars/WAV/01. Individual Hits/16. Closed HH/Clean/Tape/CH B 808 Tape.wav	23614	44100	24	1	0.157
808 From Mars/WAV/01. Individual Hits/16. Closed HH/Clean/Tape/CH Combo 808 Tape.wav	15670	44100	24	1	0.093
808 From Mars/WAV/01. Individual Hits/16. Closed HH/Color/CH 808 Color A 01.wav	23020	44100	24	1	0.156
808 From Mars/WAV/01. Individual Hits/16. Closed HH/Color/CH 808 Color A 02.wav	25130	44100	24	1	0.171
808 From Mars/WAV/01. Individual Hits/16. Closed HH/Color/CH 808 Color A 03.wav	34952	44100	24	1	0.241
808 From Mars/WAV/01. Individual Hits/16. Closed HH/Color/CH 808 Color A 04.wav	28334	44100	24	1	0.193
808 From Mars/WAV/01. Individual Hits/16. Closed HH/Color/CH 808 Color A 05.wav	29444	44100	24	1	0.203
808 From Mars/WAV/01. Individual Hits/16. Closed HH/Color/CH 808 Color A 06.wav	31086	44100	24	1	0.215
808 From Mars/WAV/01. Individual Hits/16. Closed HH/Color/CH 808 Color B 01.wav	16382	44100	24	1	0.102
808 From Mars/WAV/01. Individual Hits/16. Closed HH/Color/CH 808 Color B 02.wav	17588	44100	24	1	0.111
808 From Mars/WAV/01. Individual Hits/16. Closed HH/Color/CH 808 Color B 03.wav	20498	44100	24	1	0.133
808 From Mars/WAV/01. Individual Hits/16. Closed HH/Color/CH 808 Color B 04.wav	21998	44100	24	1	0.144
808 From Mars/WAV/02. Kits/01. Clean Kit 01/BD A 808 Decay C 04.wav	135874	44100	24	1	0.974
808 From Mars/WAV/02. Kits/01. Clean Kit 01/BD A 808 Decay F 04.wav	1052812	44100	24	1	7.754
808 From Mars/WAV/02. Kits/01. Clean Kit 01/BD B 808 Decay C 02.wav	128402	44100	24	1	0.923
808 From Mars/WAV/02. Kits/01. Clean Kit 01/CH Combo 808.wav	15670	44100	24	1	0.093
808 From Mars/WAV/02. Kits/01. Clean Kit 01/Clap A 808 Tape.wav	130510	44100	24	1	0.965
808 From Mars/WAV/02. Kits/01. Clean Kit 01/Claves A 808.wav	9908	44100	24	1	0.049
808 From Mars/WAV/02. Kits/01. Clean Kit 01/Cowbell A 808.wav	175850	44100	24	1	1.284
808 From Mars/WAV/02. Kits/01. Clean Kit 01/Cym A 808 Decay C 01.wav	680694	44100	24	1	5.012
808 From Mars/WAV/02. Kits/01. Clean Kit 01/Maracas B 808.wav	11880	44100	24	1	0.065
808 From Mars/WAV/02. Kits/01. Clean Kit 01/OH 808 Decay 05.wav	90278	44100	24	1	0.642
808 From Mars/WAV/02. Kits/01. Clean Kit 01/Rim Shot A 808.wav	8132	44100	24	1	0.026
808 From Mars/WAV/02. Kits/01. Clean Kit 01/SD C 808 Tone A 05.wav	32206	44100	24	1	0.22
808 From Mars/WAV/02. Kits/01. Clean Kit 01/SD C 808 Tone C 05.wav	29094	44100	24	1	0.196
808 From Mars/WAV/02. Kits/01. Clean Kit 01/Tom Hi B 808 08.wav	63204	44100	24	1	0.45
808 From Mars/WAV/02. Kits/01. Clean Kit 01/Tom Low B 808 11.wav	110254	44100	24	1	0.781
808 From Mars/WAV/02. Kits/01. Clean Kit 01/Tom Mid B 808 11.wav	65892	44100	24	1	0.454
808 From Mars/WAV/02. Kits/02. Clean Kit 02/BD A 808 Decay F 06.wav	1053582	44100	24	1	7.784
808 From Mars/WAV/02. Kits/02. Clean Kit 02/BD A 808 Tape Decay B 05.wav	22066	44100	24	1	0.143
808 From Mars/WAV/02. Kits/02. Clean Kit 02/BD B 808 Decay C 04.wav	127956	44100	24	1	0.923
808 From Mars/WAV/02. Kits/02. Clean Kit 02/CH B 808 Tape.wav	23592	44100	24	1	0.157
808 From Mars/WAV/02. Kits/02. Clean Kit 02/Clap B 808.wav	140478	44100	24	1	1.024
808 From Mars/WAV/02. Kits/02. Clean Kit 02/Conga Hi B 808 08.wav	43804	44100	24	1	0.303
808 From Mars/WAV/02. Kits/02. Clean Kit 02/Conga Low B 808 09.wav	88370	44100	24	1	0.635
808 From Mars/WAV/02. Kits/02. Clean Kit 02/Conga Mid B 808 11.wav	48464	44100	24	1	0.334
808 From Mars/WAV/02. Kits/02. Clean Kit 02/Cym B 808 Decay A 01.wav	352780	44100	24	1	2.586
808 From Mars/WAV/02. Kits/02. Clean Kit 02/OH 808 Tape Decay 01.wav	18490	44100	24	1	0.113
808 From Mars/WAV/02. Kits/02. Clean Kit 02/OH 808 Tape Decay 04.wav	54674	44100	24	1	0.382
808 From Mars/WAV/02. Kits/02. Clean Kit 02/Rim Shot B 808.wav	8888	44100	24	1	0.039
808 From Mars/WAV/02. Kits/02. Clean Kit 02/SD B 808 Tone B 03.wav	30724	44100	24	1	0.208
808 From Mars/WAV/02. Kits/02. Clean Kit 02/SD C 808 Tone A 01.wav	30854	44100	24	1	0.208
808 From Mars/WAV/02. Kits/02. Clean Kit 02/SD C 808 Tone B 05.wav	30476	44100	24	1	0.208
808 From Mars/WAV/02. Kits/02. Clean Kit 02/Tom Low C 808 01.wav	101802	44100	24	1	0.733
808 From Mars/WAV/02. Kits/03. Cleancut Kit/BD 808 Mid Color A 05.wav	41446	44100	24	1	0.283
808 From Mars/WAV/02. Kits/03. Cleancut Kit/BD 808 Noise 01.wav	400218	44100	24	1	2.929
808 From Mars/WAV/02. Kits/03. Cleancut Kit/BD 808 Sat Click Decay B 02.wav	86126	44100	24	1	0.621
808 From Mars/WAV/02. Kits/03. Cleancut Kit/CH A 808 Tape.wav	22012	44100	24	1	0.144
808 From Mars/WAV/02. Kits/03. Cleancut Kit/Clap 808 Color 03.wav	84276	44100	24	1	0.604
808 From Mars/WAV/02. Kits/03. Cleancut Kit/Clap A 808.wav	157228	44100	24	1	1.148
808 From Mars/WAV/02. Kits/03. Cleancut Kit/Cowbell 808 Color Short 03.wav	67664	44100	24	1	0.486
808 From Mars/WAV/02. Kits/03. Cleancut Kit/Cym A 808 Tape Decay C 01.wav	684184	44100	24	1	5.039
808 From Mars/WAV/02. Kits/03. Cleancut Kit/Maracas B 808 Tape.wav	8890	44100	24	1	0.043
808 From Mars/WAV/02. Kits/03. Cleancut Kit/OH 808 Tape Decay 02.wav	23678	44100	24	1	0.151
808 From Mars/WAV/02. Kits/03. Cleancut Kit/Rim Shot A 808 Tape.wav	8010	44100	24	1	0.026
808 From Mars/WAV/02. Kits/03. Cleancut Kit/SD 808 Crisp B 02.wav	22370	44100	24	1	0.145
808 From Mars/WAV/02. Kits/03. Cleancut Kit/SD B 808 Tape Tone C 06.wav	17742	44100	24	1	0.128
808 From Mars/WAV/02. Kits/03. Cleancut Kit/Tom Hi A 808 08.wav	63304	44100	24	1	0.45
808 From Mars/WAV/02. Kits/03. Cleancut Kit/Tom Low A 808 03.wav	108406	44100	24	1	0.783
808 From Mars/WAV/02. Kits/03. Cleancut Kit/Tom Mid A 808 08.wav	73136	44100	24	1	0.522
808 From Mars/WAV/02. Kits/04. MPC Dirt Kit/BD 808 02 MPC60 Nice F.wav	823642	44100	24	1	6.064
808 From Mars/WAV/02. Kits/04. MPC Dirt Kit/BD 808 02 MPC60 Smooth F.wav	793974	44100	24	1	5.835
808 From Mars/WAV/02. Kits/04. MPC Dirt Kit/BD 808 Mid Color A 04.wav	62176	44100	24	1	0.439
808 From Mars/WAV/02. Kits/04. MPC Dirt Kit/CH 808 Color A 01.wav	23020	44100	24	1	0.156
808 From Mars/WAV/02. Kits/04. MPC Dirt Kit/CH 808 Color A 03.wav	34806	44100	24	1	0.241
808 From Mars/WAV/02. Kits/04. MPC Dirt Kit/CH Combo 808 Tape.wav	15670	44100	24	1	0.093
808 From Mars/WAV/02. Kits/04. MPC Dirt Kit/Conga Hi 808 Color 02.wav	24650	44100	24	1	0.165
808 From Mars/WAV/02. Kits/04. MPC Dirt Kit/Cym A 808 Sat Decay B 03.wav	583460	44100	24	1	4.29
808 From Mars/WAV/02. Kits/04. MPC Dirt Kit/Maracas 808 Pitched 06.wav	6224	44100	24	1	0.043
808 From Mars/WAV/02. Kits/04. MPC Dirt Kit/OH 808 Color A 04.wav	18346	44100	24	1	0.11
808 From Mars/WAV/02. Kits/04. MPC Dirt Kit/OH 808 Color A 05.wav	27910	44100	24	1	0.184
808 From Mars/WAV/02. Kits/04. MPC Dirt Kit/Rim Shot 808 Dark 01.wav	6716	44100	24	1	0.025
808 From Mars/WAV/02. Kits/04. MPC Dirt Kit/SD 808 Crushed 03.wav	30782	44100	24	1	0.213
808 From Mars/WAV/02. Kits/04. MPC Dirt Kit/SD 808 Punch A 06.wav	64528	44100	24	1	0.462
808 From Mars/WAV/02. Kits/04. MPC Dirt Kit/SD 808 Tail 03.wav	86298	44100	24	1	0.623
808 From Mars/WAV/02. Kits/04. MPC Dirt Kit/Tom Low 808 Sat A 03.wav	90998	44100	24	1	0.651
808 From Mars/WAV/02. Kits/05. Heavy Sat Kit/BD 808 Mid Color B 01.wav	101236	44100	24	1	0.748
808 From Mars/WAV/02. Kits/05. Heavy Sat Kit/BD 808 Sat Mid Decay B 03.wav	94354	44100	24	1	0.682
808 From Mars/WAV/02. Kits/05. Heavy Sat Kit/BD 808 Smooth C 05.wav	573558	44100	24	1	4.203
808 From Mars/WAV/02. Kits/05. Heavy Sat Kit/BD 808 Smooth C 09.wav	648430	44100	24	1	4.762
808 From Mars/WAV/02. Kits/05. Heavy Sat Kit/CH 808 Color A 04.wav	28226	44100	24	1	0.193
808 From Mars/WAV/02. Kits/05. Heavy Sat Kit/CH 808 Color A 06.wav	31086	44100	24	1	0.215
808 From Mars/WAV/02. Kits/05. Heavy Sat Kit/Clap 808 Sat B 03.wav	203900	44100	24	1	1.479
808 From Mars/WAV/02. Kits/05. Heavy Sat Kit/Cym A 808 Sat Decay B 02.wav	561552	44100	24	1	4.129
808 From Mars/WAV/02. Kits/05. Heavy Sat Kit/Maracas 808 Color 13.wav	15354	44100	24	1	0.099
808 From Mars/WAV/02. Kits/05. Heavy Sat Kit/OH 808 Sat 02.wav	98250	44100	24	1	0.711
808 From Mars/WAV/02. Kits/05. Heavy Sat Kit/OH 808 Sat 06.wav	103434	44100	24	1	0.75
808 From Mars/WAV/02. Kits/05. Heavy Sat Kit/Rim Shot 808 Dark 03.wav	5938	44100	24	1	0.024
808 From Mars/WAV/02. Kits/05. Heavy Sat Kit/SD 808 Classic 06.wav	32034	44100	24	1	0.222
808 From Mars/WAV/02. Kits/05. Heavy Sat Kit/SD 808 MPC60 Snap.wav	29294	44100	24	1	0.214
808 From Mars/WAV/02. Kits/05. Heavy Sat Kit/Tom Mid 808 Sat A 05.wav	59746	44100	24	1	0.42
808 From Mars/WAV/02. Kits/05. Heavy Sat Kit/Tom Mid 808 Sat B 09.wav	64350	44100	24	1	0.455
808 From Mars/WAV/02. Kits/06. Subby Toms Kit/BD 808 01 MPC60 Nice E.wav	875938	44100	24	1	6.432
808 From Mars/WAV/02. Kits/06. Subby Toms Kit/BD 808 04 MPC60 Nice G.wav	736886	44100	24	1	5.417
808 From Mars/WAV/02. Kits/06. Subby Toms Kit/BD 808 10 MPC60 Noise C#.wav	526306	44100	24	1	3.85
808 From Mars/WAV/02. Kits/06. Subby Toms Kit/CH 808 Color B 04.wav	21998	44100	24	1	0.144
808 From Mars/WAV/02. Kits/06. Subby Toms Kit/Clap 808 Sat B 04.wav	243240	44100	24	1	1.768
808 From Mars/WAV/02. Kits/06. Subby Toms Kit/Claves 808 Sat 01.wav	8746	44100	24	1	0.041
808 From Mars/WAV/02. Kits/06. Subby Toms Kit/Cym A 808 Sat Decay A 02.wav	206522	44100	24	1	1.506
808 From Mars/WAV/02. Kits/06. Subby Toms Kit/Cym B 808 Sat Decay B 01.wav	570312	44100	24	1	4.193
808 From Mars/WAV/02. Kits/06. Subby Toms Kit/OH 808 Sat 01.wav	94980	44100	24	1	0.687
808 From Mars/WAV/02. Kits/06. Subby Toms Kit/OH 808 Sat 04.wav	101282	44100	24	1	0.734
808 From Mars/WAV/02. Kits/06. Subby Toms Kit/Tom Hi 808 Sat A 04.wav	40982	44100	24	1	0.279
808 From Mars/WAV/02. Kits/06. Subby Toms Kit/Tom Hi 808 Sat B 04.wav	45100	44100	24	1	0.314
808 From Mars/WAV/02. Kits/06. Subby Toms Kit/Tom Low 808 Sat A 01.wav	92130	44100	24	1	0.652
808 From Mars/WAV/02. Kits/06. Subby Toms Kit/Tom Low 808 Sat B 01.wav	101886	44100	24	1	0.726
808 From Mars/WAV/02. Kits/06. Subby Toms Kit/Tom Mid 808 Sat A 11.wav	59870	44100	24	1	0.424
808 From Mars/WAV/02. Kits/06. Subby Toms Kit/Tom Mid 808 Sat B 11.wav	66094	44100	24	1	0.468
808 From Mars/WAV/02. Kits/07. Tight & Crisp Kit/BD 808 Click Color 01.wav	33972	44100	24	1	0.249
808 From Mars/WAV/02. Kits/07. Tight & Crisp Kit/BD 808 Click Color 03.wav	29620	44100	24	1	0.2
808 From Mars/WAV/02. Kits/07. Tight & Crisp Kit/BD 808 Sat Mid Decay A 02.wav	44594	44100	24	1	0.313
808 From Mars/WAV/02. Kits/07. Tight & Crisp Kit/CH 808 Color B 02.wav	17588	44100	24	1	0.111
808 From Mars/WAV/02. Kits/07. Tight & Crisp Kit/Clap 808 Color 01.wav	47826	44100	24	1	0.333
808 From Mars/WAV/02. Kits/07. Tight & Crisp Kit/Cowbell 808 Color 01.wav	117700	44100	24	1	0.853
808 From Mars/WAV/02. Kits/07. Tight & Crisp Kit/Cowbell 808 Color Short 01.wav	56862	44100	24	1	0.398
808 From Mars/WAV/02. Kits/07. Tight & Crisp Kit/Cym B 808 Decay C 03.wav	808180	44100	24	1	5.946
808 From Mars/WAV/02. Kits/07. Tight & Crisp Kit/OH 808 Color A 01.wav	17972	44100	24	1	0.116
808 From Mars/WAV/02. Kits/07. Tight & Crisp Kit/OH 808 Color A 06.wav	47840	44100	24	1	0.329
808 From Mars/WAV/02. Kits/07. Tight & Crisp Kit/Rim Shot 808 Dark 02.wav	12552	44100	24	1	0.078
808 From Mars/WAV/02. Kits/07. Tight & Crisp Kit/SD 808 Crisp A 04.wav	29084	44100	24	1	0.196
808 From Mars/WAV/02. Kits/07. Tight & Crisp Kit/SD 808 Crisp A 08.wav	26304	44100	24	1	0.177
808 From Mars/WAV/02. Kits/07. Tight & Crisp Kit/SD 808 Pitched 01.wav	57690	44100	24	1	0.412
808 From Mars/WAV/02. Kits/07. Tight & Crisp Kit/SD 808 Pitched 05.wav	38198	44100	24	1	0.268
808 From Mars/WAV/02. Kits/07. Tight & Crisp Kit/SD A 808 Sat A 01.wav	41600	44100	24	1	0.288
808 From Mars/WAV/02. Kits/08. Distorted Kit/BD 808 Click Color 04.wav	61918	44100	24	1	0.439
808 From Mars/WAV/02. Kits/08. Distorted Kit/BD 808 Lo Color 02.wav	96462	44100	24	1	0.692
808 From Mars/WAV/02. Kits/08. Distorted Kit/BD 808 Mid Color B 02.wav	101110	44100	24	1	0.732
808 From Mars/WAV/02. Kits/08. Distorted Kit/CH 808 Color A 05.wav	29444	44100	24	1	0.203
808 From Mars/WAV/02. Kits/08. Distorted Kit/Clap 808 Color 04.wav	114574	44100	24	1	0.825
808 From Mars/WAV/02. Kits/08. Distorted Kit/Clap 808 Color 10.wav	290398	44100	24	1	2.141
808 From Mars/WAV/02. Kits/08. Distorted Kit/Claves 808 Bright.wav	8114	44100	24	1	0.041
808 From Mars/WAV/02. Kits/08. Distorted Kit/Claves 808 Sat 03.wav	10794	44100	24	1	0.053
808 From Mars/WAV/02. Kits/08. Distorted Kit/Conga Mid 808 Sat B 08.wav	45130	44100	24	1	0.318
808 From Mars/WAV/02. Kits/08. Distorted Kit/Maracas 808 Color 12.wav	12098	44100	24	1	0.076
808 From Mars/WAV/02. Kits/08. Distorted Kit/OH 808 Color A 02.wav	16652	44100	24	1	0.109
808 From Mars/WAV/02. Kits/08. Distorted Kit/OH 808 Sat 03.wav	103196	44100	24	1	0.748
808 From Mars/WAV/02. Kits/08. Distorted Kit/OH 808 Sat 05.wav	104610	44100	24	1	0.759
808 From Mars/WAV/02. Kits/08. Distorted Kit/SD 808 Air 06.wav	310196	44100	24	1	2.27
808 From Mars/WAV/02. Kits/08. Distorted Kit/SD 808 Punch B 04.wav	32178	44100	24	1	0.218
808 From Mars/WAV/02. Kits/08. Distorted Kit/Tom Low 808 Sat B 11.wav	103330	44100	24	1	0.735
808 From Mars/WAV/02. Kits/09. Toms N Color/CH 808 Color A 02.wav	25130	44100	24	1	0.171
808 From Mars/WAV/02. Kits/09. Toms N Color/CH 808 Color B 03.wav	20498	44100	24	1	0.133
808 From Mars/WAV/02. Kits/09. Toms N Color/Clap 808 Color 02.wav	84494	44100	24	1	0.605
808 From Mars/WAV/02. Kits/09. Toms N Color/Cym A 808 Sat Decay A 01.wav	203796	44100	24	1	1.486
808 From Mars/WAV/02. Kits/09. Toms N Color/OH 808 Color A 03.wav	17702	44100	24	1	0.112
808 From Mars/WAV/02. Kits/09. Toms N Color/OH 808 Color B 04.wav	88644	44100	24	1	0.631
808 From Mars/WAV/02. Kits/09. Toms N Color/SD A 808 Sat B 01.wav	40972	44100	24	1	0.282
808 From Mars/WAV/02. Kits/09. Toms N Color/SD A 808 Sat B 02.wav	40722	44100	24	1	0.277
808 From Mars/WAV/02. Kits/09. Toms N Color/SD A 808 Sat B 04.wav	42286	44100	24	1	0.282
808 From Mars/WAV/02. Kits/09. Toms N Color/Tom Hi 808 Sat A 09.wav	42110	44100	24	1	0.293
808 From Mars/WAV/02. Kits/09. Toms N Color/Tom Low 808 Color 02.wav	52894	44100	24	1	0.375
808 From Mars/WAV/02. Kits/09. Toms N Color/Tom Low 808 Color 03.wav	66322	44100	24	1	0.475
808 From Mars/WAV/02. Kits/09. Toms N Color/Tom Low 808 Color 04.wav	86916	44100	24	1	0.628
808 From Mars/WAV/02. Kits/09. Toms N Color/Tom Low 808 Color 05.wav	76230	44100	24	1	0.548
808 From Mars/WAV/02. Kits/09. Toms N Color/Tom Low 808 Color 07.wav	85780	44100	24	1	0.619
808 From Mars/WAV/02. Kits/09. Toms N Color/Tom Mid 808 Sat A 04.wav	59862	44100	24	1	0.425
808 From Mars/WAV/02. Kits/10. Quirky Kit/BD 808 Lo Color 01.wav	114364	44100	24	1	0.845
808 From Mars/WAV/02. Kits/10. Quirky Kit/BD 808 Moog 01.wav	641238	44100	24	1	4.711
808 From Mars/WAV/02. Kits/10. Quirky Kit/CH B 808.wav	32722	44100	24	1	0.224
808 From Mars/WAV/02. Kits/10. Quirky Kit/Clap 808 Color 07.wav	162292	44100	24	1	1.181
808 From Mars/WAV/02. Kits/10. Quirky Kit/Claves 808 Mid.wav	18508	44100	24	1	0.118
808 From Mars/WAV/02. Kits/10. Quirky Kit/Conga Hi 808 Color 04.wav	24568	44100	24	1	0.167
808 From Mars/WAV/02. Kits/10. Quirky Kit/Conga Low 808 Color 03.wav	49074	44100	24	1	0.344
808 From Mars/WAV/02. Kits/10. Quirky Kit/Conga Mid 808 Color 02.wav	25376	44100	24	1	0.169
808 From Mars/WAV/02. Kits/10. Quirky Kit/Cym A 808 Sat Decay A 03.wav	289602	44100	24	1	2.12
808 From Mars/WAV/02. Kits/10. Quirky Kit/Maracas 808 Color 03.wav	7434	44100	24	1	0.033
808 From Mars/WAV/02. Kits/10. Quirky Kit/Maracas 808 Pitched 07.wav	5946	44100	24	1	0.041
808 From Mars/WAV/02. Kits/10. Quirky Kit/OH Combo 808 Tape.wav	47604	44100	24	1	0.329
808 From Mars/WAV/02. Kits/10. Quirky Kit/Rim Shot B 808 Tape.wav	7446	44100	24	1	0.029
808 From Mars/WAV/02. Kits/10. Quirky Kit/SD 808 Crisp A 07.wav	24394	44100	24	1	0.163
808 From Mars/WAV/02. Kits/10. Quirky Kit/SD 808 Pitched 08.wav	37596	44100	24	1	0.264
808 From Mars/WAV/02. Kits/10. Quirky Kit/SD 808 Pitched 30.wav	14294	44100	24	1	0.092
808 From Mars/WAV/02. Kits/11. Fortune Kit/BD 808 04 MPC60 Smooth G.wav	707670	44100	24	1	5.195
808 From Mars/WAV/02. Kits/11. Fortune Kit/BD 808 Sat Click Decay A 04.wav	45718	44100	24	1	0.319
808 From Mars/WAV/02. Kits/11. Fortune Kit/BD 808 Sat Lo Decay B 01.wav	82922	44100	24	1	0.595
808 From Mars/WAV/02. Kits/11. Fortune Kit/BD 808 Sat Mid Decay A 03.wav	47264	44100	24	1	0.334
808 From Mars/WAV/02. Kits/11. Fortune Kit/CH A 808.wav	32838	44100	24	1	0.224
808 From Mars/WAV/02. Kits/11. Fortune Kit/Conga Hi 808 Color 03.wav	23720	44100	24	1	0.16
808 From Mars/WAV/02. Kits/11. Fortune Kit/Conga Low 808 Color 02.wav	47042	44100	24	1	0.329
808 From Mars/WAV/02. Kits/11. Fortune Kit/Conga Mid 808 Color 03.wav	26320	44100	24	1	0.176
808 From Mars/WAV/02. Kits/11. Fortune Kit/Cym 808 Color 01.wav	304262	44100	24	1	2.22
808 From Mars/WAV/02. Kits/11. Fortune Kit/Cym B 808 Tape Decay A 01.wav	229256	44100	24	1	1.669
808 From Mars/WAV/02. Kits/11. Fortune Kit/OH 808 Tape Decay 05.wav	90158	44100	24	1	0.642
808 From Mars/WAV/02. Kits/11. Fortune Kit/SD 808 Punch B 03.wav	48850	44100	24	1	0.346
808 From Mars/WAV/02. Kits/11. Fortune Kit/SD B 808 Tone A 03.wav	31184	44100	24	1	0.209
808 From Mars/WAV/02. Kits/11. Fortune Kit/Tom Hi A 808 Tape 08.wav	26158	44100	24	1	0.179
808 From Mars/WAV/02. Kits/11. Fortune Kit/Tom Low A 808 Tape 10.wav	39256	44100	24	1	0.276
808 From Mars/WAV/02. Kits/11. Fortune Kit/Tom Mid A 808 Tape 08.wav	30524	44100	24	1	0.211
808 From Mars/WAV/02. Kits/12. MPC Chromatic/BD 808 01 MPC60 Click E.wav	875648	44100	24	1	6.433
808 From Mars/WAV/02. Kits/12. MPC Chromatic/BD 808 01 MPC60 Noise E.wav	875028	44100	24	1	6.442
808 From Mars/WAV/02. Kits/12. MPC Chromatic/BD 808 02 MPC60 Click F.wav	825762	44100	24	1	6.072
808 From Mars/WAV/02. Kits/12. MPC Chromatic/BD 808 02 MPC60 Noise F.wav	826836	44100	24	1	6.081
808 From Mars/WAV/02. Kits/12. MPC Chromatic/BD 808 03 MPC60 Click F#.wav	782172	44100	24	1	5.745
808 From Mars/WAV/02. Kits/12. MPC Chromatic/BD 808 03 MPC60 Noise F#.wav	781726	44100	24	1	5.746
808 From Mars/WAV/02. Kits/12. MPC Chromatic/BD 808 04 MPC60 Click G.wav	737760	44100	24	1	5.425
808 From Mars/WAV/02. Kits/12. MPC Chromatic/BD 808 04 MPC60 Noise G.wav	738098	44100	24	1	5.426
808 From Mars/WAV/02. Kits/12. MPC Chromatic/BD 808 05 MPC60 Click G#.wav	695280	44100	24	1	5.108
808 From Mars/WAV/02. Kits/12. MPC Chromatic/BD 808 05 MPC60 Noise G#.wav	694446	44100	24	1	5.113
808 From Mars/WAV/02. Kits/12. MPC Chromatic/BD 808 06 MPC60 Click A.wav	655120	44100	24	1	4.828
808 From Mars/WAV/02. Kits/12. MPC Chromatic/BD 808 06 MPC60 Noise A.wav	658518	44100	24	1	4.838
808 From Mars/WAV/02. Kits/12. MPC Chromatic/BD 808 07 MPC60 Click A#.wav	621430	44100	24	1	4.556
808 From Mars/WAV/02. Kits/12. MPC Chromatic/BD 808 07 MPC60 Noise A#.wav	621494	44100	24	1	4.562
808 From Mars/WAV/02. Kits/12. MPC Chromatic/BD 808 08 MPC60 Click B.wav	586594	44100	24	1	4.302
808 From Mars/WAV/02. Kits/12. MPC Chromatic/BD 808 08 MPC60 Noise B.wav	588414	44100	24	1	4.309
