path	bytes	sample_rate	bits	channels	seconds
808 From Mars - Legacy/WAV/1. Individual Hits/01. Bass Drum/1. Clean/1. Digital/1. No Accent/BD_Clean_NoAcc_A_808_01.wav	29628	44100	24	1	0.191
808 From Mars - Legacy/WAV/1. Individual Hits/01. Bass Drum/1. Clean/1. Digital/1. No Accent/BD_Clean_NoAcc_A_808_02.wav	29878	44100	24	1	0.198
808 From Mars - Legacy/WAV/1. Individual Hits/01. Bass Drum/1. Clean/1. Digital/1. No Accent/BD_Clean_NoAcc_A_808_03.wav	25318	44100	24	1	0.17
808 From Mars - Legacy/WAV/1. Individual Hits/01. Bass Drum/1. Clean/1. Digital/1. No Accent/BD_Clean_NoAcc_A_808_04.wav	25714	44100	24	1	0.171
808 From Mars - Legacy/WAV/1. Individual Hits/01. Bass Drum/1. Clean/1. Digital/1. No Accent/BD_Clean_NoAcc_A_808_05.wav	24746	44100	24	1	0.166
808 From Mars - Legacy/WAV/1. Individual Hits/01. Bass Drum/1. Clean/1. Digital/1. No Accent/BD_Clean_NoAcc_A_808_06.wav	26710	44100	24	1	0.173
808 From Mars - Legacy/WAV/1. Individual Hits/01. Bass Drum/1. Clean/1. Digital/1. No Accent/BD_Clean_NoAcc_B_808_01.wav	60900	44100	24	1	0.43
808 From Mars - Legacy/WAV/1. Individual Hits/01. Bass Drum/1. Clean/1. Digital/1. No Accent/BD_Clean_NoAcc_B_808_02.wav	63406	44100	24	1	0.451
808 From Mars - Legacy/WAV/1. Individual Hits/01. Bass Drum/1. Clean/1. Digital/1. No Accent/BD_Clean_NoAcc_B_808_03.wav	63044	44100	24	1	0.449
808 From Mars - Legacy/WAV/1. Individual Hits/01. Bass Drum/1. Clean/1. Digital/1. No Accent/BD_Clean_NoAcc_B_808_04.wav	62458	44100	24	1	0.447
808 From Mars - Legacy/WAV/1. Individual Hits/01. Bass Drum/1. Clean/1. Digital/1. No Accent/BD_Clean_NoAcc_B_808_05.wav	64754	44100	24	1	0.463
808 From Mars - Legacy/WAV/1. Individual Hits/01. Bass Drum/1. Clean/1. Digital/1. No Accent/BD_Clean_NoAcc_B_808_06.wav	62924	44100	24	1	0.45
808 From Mars - Legacy/WAV/1. Individual Hits/01. Bass Drum/1. Clean/1. Digital/1. No Accent/BD_Clean_NoAcc_C_808_01.wav	139616	44100	24	1	1.018
808 From Mars - Legacy/WAV/1. Individual Hits/01. Bass Drum/1. Clean/1. Digital/1. No Accent/BD_Clean_NoAcc_C_808_02.wav	138324	44100	24	1	1.009
808 From Mars - Legacy/WAV/1. Individual Hits/01. Bass Drum/1. Clean/1. Digital/1. No Accent/BD_Clean_NoAcc_C_808_03.wav	146302	44100	24	1	1.069
808 From Mars - Legacy/WAV/1. Individual Hits/01. Bass Drum/1. Clean/1. Digital/1. No Accent/BD_Clean_NoAcc_C_808_04.wav	143376	44100	24	1	1.046
808 From Mars - Legacy/WAV/1. Individual Hits/01. Bass Drum/1. Clean/1. Digital/1. No Accent/BD_Clean_NoAcc_C_808_05.wav	141768	44100	24	1	1.034
808 From Mars - Legacy/WAV/1. Individual Hits/01. Bass Drum/1. Clean/1. Digital/1. No Accent/BD_Clean_NoAcc_C_808_06.wav	143562	44100	24	1	1.046
808 From Mars - Legacy/WAV/1. Individual Hits/01. Bass Drum/1. Clean/1. Digital/1. No Accent/BD_Clean_NoAcc_D_808_01.wav	238370	44100	24	1	1.749
808 From Mars - Legacy/WAV/1. Individual Hits/01. Bass Drum/1. Clean/1. Digital/1. No Accent/BD_Clean_NoAcc_D_808_02.wav	238294	44100	24	1	1.747
808 From Mars - Legacy/WAV/1. Individual Hits/01. Bass Drum/1. Clean/1. Digital/1. No Accent/BD_Clean_NoAcc_D_808_03.wav	238684	44100	24	1	1.747
808 From Mars - Legacy/WAV/1. Individual Hits/01. Bass Drum/1. Clean/1. Digital/1. No Accent/BD_Clean_NoAcc_D_808_04.wav	237940	44100	24	1	1.744
808 From Mars - Legacy/WAV/1. Individual Hits/01. Bass Drum/1. Clean/1. Digital/1. No Accent/BD_Clean_NoAcc_D_808_05.wav	241674	44100	24	1	1.771
808 From Mars - Legacy/WAV/1. Individual Hits/01. Bass Drum/1. Clean/1. Digital/1. No Accent/BD_Clean_NoAcc_D_808_06.wav	238576	44100	24	1	1.748
808 From Mars - Legacy/WAV/1. Individual Hits/01. Bass Drum/1. Clean/1. Digital/1. No Accent/BD_Clean_NoAcc_E_808_01.wav	353448	44100	24	1	2.598
808 From Mars - Legacy/WAV/1. Individual Hits/01. Bass Drum/1. Clean/1. Digital/1. No Accent/BD_Clean_NoAcc_E_808_02.wav	346382	44100	24	1	2.548
808 From Mars - Legacy/WAV/1. Individual Hits/01. Bass Drum/1. Clean/1. Digital/1. No Accent/BD_Clean_NoAcc_E_808_03.wav	360300	44100	24	1	2.649
808 From Mars - Legacy/WAV/1. Individual Hits/01. Bass Drum/1. Clean/1. Digital/1. No Accent/BD_Clean_NoAcc_E_808_04.wav	352052	44100	24	1	2.589
808 From Mars - Legacy/WAV/1. Individual Hits/01. Bass Drum/1. Clean/1. Digital/1. No Accent/BD_Clean_NoAcc_E_808_05.wav	340480	44100	24	1	2.502
808 From Mars - Legacy/WAV/1. Individual Hits/01. Bass Drum/1. Clean/1. Digital/1. No Accent/BD_Clean_NoAcc_E_808_06.wav	370662	44100	24	1	2.725
808 From Mars - Legacy/WAV/1. Individual Hits/01. Bass Drum/1. Clean/1. Digital/1. No Accent/BD_Clean_NoAcc_F_808_01.wav	436572	44100	24	1	3.214
808 From Mars - Legacy/WAV/1. Individual Hits/01. Bass Drum/1. Clean/1. Digital/1. No Accent/BD_Clean_NoAcc_F_808_02.wav	441718	44100	24	1	3.25
808 From Mars - Legacy/WAV/1. Individual Hits/01. Bass Drum/1. Clean/1. Digital/1. No Accent/BD_Clean_NoAcc_F_808_03.wav	430252	44100	24	1	3.167
808 From Mars - Legacy/WAV/1. Individual Hits/01. Bass Drum/1. Clean/1. Digital/1. No Accent/BD_Clean_NoAcc_F_808_04.wav	442728	44100	24	1	3.26
808 From Mars - Legacy/WAV/1. Individual Hits/01. Bass Drum/1. Clean/1. Digital/1. No Accent/BD_Clean_NoAcc_F_808_05.wav	440718	44100	24	1	3.246
808 From Mars - Legacy/WAV/1. Individual Hits/01. Bass Drum/1. Clean/1. Digital/1. No Accent/BD_Clean_NoAcc_F_808_06.wav	444964	44100	24	1	3.277
808 From Mars - Legacy/WAV/1. Individual Hits/01. Bass Drum/1. Clean/1. Digital/2. Accent/BD_Clean_Acc_A_808_01.wav	22874	44100	24	1	0.141
808 From Mars - Legacy/WAV/1. Individual Hits/01. Bass Drum/1. Clean/1. Digital/2. Accent/BD_Clean_Acc_A_808_02.wav	22458	44100	24	1	0.138
808 From Mars - Legacy/WAV/1. Individual Hits/01. Bass Drum/1. Clean/1. Digital/2. Accent/BD_Clean_Acc_A_808_03.wav	21220	44100	24	1	0.134
808 From Mars - Legacy/WAV/1. Individual Hits/01. Bass Drum/1. Clean/1. Digital/2. Accent/BD_Clean_Acc_A_808_04.wav	20780	44100	24	1	0.133
808 From Mars - Legacy/WAV/1. Individual Hits/01. Bass Drum/1. Clean/1. Digital/2. Accent/BD_Clean_Acc_A_808_05.wav	21350	44100	24	1	0.138
808 From Mars - Legacy/WAV/1. Individual Hits/01. Bass Drum/1. Clean/1. Digital/2. Accent/BD_Clean_Acc_A_808_06.wav	21772	44100	24	1	0.135
808 From Mars - Legacy/WAV/1. Individual Hits/01. Bass Drum/1. Clean/1. Digital/2. Accent/BD_Clean_Acc_B_808_01.wav	57406	44100	24	1	0.404
808 From Mars - Legacy/WAV/1. Individual Hits/01. Bass Drum/1. Clean/1. Digital/2. Accent/BD_Clean_Acc_B_808_02.wav	58466	44100	24	1	0.413
808 From Mars - Legacy/WAV/1. Individual Hits/01. Bass Drum/1. Clean/1. Digital/2. Accent/BD_Clean_Acc_B_808_03.wav	56332	44100	24	1	0.397
808 From Mars - Legacy/WAV/1. Individual Hits/01. Bass Drum/1. Clean/1. Digital/2. Accent/BD_Clean_Acc_B_808_04.wav	55706	44100	24	1	0.392
808 From Mars - Legacy/WAV/1. Individual Hits/01. Bass Drum/1. Clean/1. Digital/2. Accent/BD_Clean_Acc_B_808_05.wav	55074	44100	24	1	0.389
808 From Mars - Legacy/WAV/1. Individual Hits/01. Bass Drum/1. Clean/1. Digital/2. Accent/BD_Clean_Acc_B_808_06.wav	56280	44100	24	1	0.39
808 From Mars - Legacy/WAV/1. Individual Hits/01. Bass Drum/1. Clean/1. Digital/2. Accent/BD_Clean_Acc_C_808_01.wav	120118	44100	24	1	0.872
808 From Mars - Legacy/WAV/1. Individual Hits/01. Bass Drum/1. Clean/1. Digital/2. Accent/BD_Clean_Acc_C_808_02.wav	118552	44100	24	1	0.86
808 From Mars - Legacy/WAV/1. Individual Hits/01. Bass Drum/1. Clean/1. Digital/2. Accent/BD_Clean_Acc_C_808_03.wav	103274	44100	24	1	0.745
808 From Mars - Legacy/WAV/1. Individual Hits/01. Bass Drum/1. Clean/1. Digital/2. Accent/BD_Clean_Acc_C_808_04.wav	102188	44100	24	1	0.738
808 From Mars - Legacy/WAV/1. Individual Hits/01. Bass Drum/1. Clean/1. Digital/2. Accent/BD_Clean_Acc_C_808_05.wav	103862	44100	24	1	0.75
808 From Mars - Legacy/WAV/1. Individual Hits/01. Bass Drum/1. Clean/1. Digital/2. Accent/BD_Clean_Acc_C_808_06.wav	106318	44100	24	1	0.74
808 From Mars - Legacy/WAV/1. Individual Hits/01. Bass Drum/1. Clean/1. Digital/2. Accent/BD_Clean_Acc_D_808_01.wav	181758	44100	24	1	1.326
808 From Mars - Legacy/WAV/1. Individual Hits/01. Bass Drum/1. Clean/1. Digital/2. Accent/BD_Clean_Acc_D_808_02.wav	180996	44100	24	1	1.319
808 From Mars - Legacy/WAV/1. Individual Hits/01. Bass Drum/1. Clean/1. Digital/2. Accent/BD_Clean_Acc_D_808_03.wav	181434	44100	24	1	1.322
808 From Mars - Legacy/WAV/1. Individual Hits/01. Bass Drum/1. Clean/1. Digital/2. Accent/BD_Clean_Acc_D_808_04.wav	181154	44100	24	1	1.32
808 From Mars - Legacy/WAV/1. Individual Hits/01. Bass Drum/1. Clean/1. Digital/2. Accent/BD_Clean_Acc_D_808_05.wav	163870	44100	24	1	1.193
808 From Mars - Legacy/WAV/1. Individual Hits/01. Bass Drum/1. Clean/1. Digital/2. Accent/BD_Clean_Acc_D_808_06.wav	166690	44100	24	1	1.208
808 From Mars - Legacy/WAV/1. Individual Hits/01. Bass Drum/1. Clean/1. Digital/2. Accent/BD_Clean_Acc_E_808_01.wav	237446	44100	24	1	1.738
808 From Mars - Legacy/WAV/1. Individual Hits/01. Bass Drum/1. Clean/1. Digital/2. Accent/BD_Clean_Acc_E_808_02.wav	265240	44100	24	1	1.945
808 From Mars - Legacy/WAV/1. Individual Hits/01. Bass Drum/1. Clean/1. Digital/2. Accent/BD_Clean_Acc_E_808_03.wav	260074	44100	24	1	1.905
808 From Mars - Legacy/WAV/1. Individual Hits/01. Bass Drum/1. Clean/1. Digital/2. Accent/BD_Clean_Acc_E_808_04.wav	258170	44100	24	1	1.893
808 From Mars - Legacy/WAV/1. Individual Hits/01. Bass Drum/1. Clean/1. Digital/2. Accent/BD_Clean_Acc_E_808_05.wav	258040	44100	24	1	1.895
808 From Mars - Legacy/WAV/1. Individual Hits/01. Bass Drum/1. Clean/1. Digital/2. Accent/BD_Clean_Acc_E_808_06.wav	266836	44100	24	1	1.957
808 From Mars - Legacy/WAV/1. Individual Hits/01. Bass Drum/1. Clean/1. Digital/2. Accent/BD_Clean_Acc_F_808_01.wav	308398	44100	24	1	2.266
808 From Mars - Legacy/WAV/1. Individual Hits/01. Bass Drum/1. Clean/1. Digital/2. Accent/BD_Clean_Acc_F_808_02.wav	311108	44100	24	1	2.286
808 From Mars - Legacy/WAV/1. Individual Hits/01. Bass Drum/1. Clean/1. Digital/2. Accent/BD_Clean_Acc_F_808_03.wav	308174	44100	24	1	2.264
808 From Mars - Legacy/WAV/1. Individual Hits/01. Bass Drum/1. Clean/1. Digital/2. Accent/BD_Clean_Acc_F_808_04.wav	309690	44100	24	1	2.274
808 From Mars - Legacy/WAV/1. Individual Hits/01. Bass Drum/1. Clean/1. Digital/2. Accent/BD_Clean_Acc_F_808_05.wav	311180	44100	24	1	2.288
808 From Mars - Legacy/WAV/1. Individual Hits/01. Bass Drum/1. Clean/1. Digital/2. Accent/BD_Clean_Acc_F_808_06.wav	307436	44100	24	1	2.257
808 From Mars - Legacy/WAV/1. Individual Hits/01. Bass Drum/1. Clean/2. Tape/1. No Accent/BD_Tape_NoAcc_A_808_01.wav	14574	44100	24	1	0.105
808 From Mars - Legacy/WAV/1. Individual Hits/01. Bass Drum/1. Clean/2. Tape/1. No Accent/BD_Tape_NoAcc_A_808_02.wav	17188	44100	24	1	0.124
808 From Mars - Legacy/WAV/1. Individual Hits/01. Bass Drum/1. Clean/2. Tape/1. No Accent/BD_Tape_NoAcc_A_808_03.wav	16792	44100	24	1	0.122
808 From Mars - Legacy/WAV/1. Individual Hits/01. Bass Drum/1. Clean/2. Tape/1. No Accent/BD_Tape_NoAcc_A_808_04.wav	16950	44100	24	1	0.123
808 From Mars - Legacy/WAV/1. Individual Hits/01. Bass Drum/1. Clean/2. Tape/1. No Accent/BD_Tape_NoAcc_A_808_05.wav	16950	44100	24	1	0.123
808 From Mars - Legacy/WAV/1. Individual Hits/01. Bass Drum/1. Clean/2. Tape/1. No Accent/BD_Tape_NoAcc_A_808_06.wav	16554	44100	24	1	0.12
808 From Mars - Legacy/WAV/1. Individual Hits/01. Bass Drum/1. Clean/2. Tape/1. No Accent/BD_Tape_NoAcc_B_808_01.wav	45780	44100	24	1	0.337
808 From Mars - Legacy/WAV/1. Individual Hits/01. Bass Drum/1. Clean/2. Tape/1. No Accent/BD_Tape_NoAcc_B_808_02.wav	45152	44100	24	1	0.333
808 From Mars - Legacy/WAV/1. Individual Hits/01. Bass Drum/1. Clean/2. Tape/1. No Accent/BD_Tape_NoAcc_B_808_03.wav	44994	44100	24	1	0.331
808 From Mars - Legacy/WAV/1. Individual Hits/01. Bass Drum/1. Clean/2. Tape/1. No Accent/BD_Tape_NoAcc_B_808_04.wav	42540	44100	24	1	0.313
808 From Mars - Legacy/WAV/1. Individual Hits/01. Bass Drum/1. Clean/2. Tape/1. No Accent/BD_Tape_NoAcc_B_808_05.wav	41066	44100	24	1	0.302
808 From Mars - Legacy/WAV/1. Individual Hits/01. Bass Drum/1. Clean/2. Tape/1. No Accent/BD_Tape_NoAcc_B_808_06.wav	44918	44100	24	1	0.331
808 From Mars - Legacy/WAV/1. Individual Hits/01. Bass Drum/1. Clean/2. Tape/1. No Accent/BD_Tape_NoAcc_C_808_01.wav	79638	44100	24	1	0.589
808 From Mars - Legacy/WAV/1. Individual Hits/01. Bass Drum/1. Clean/2. Tape/1. No Accent/BD_Tape_NoAcc_C_808_02.wav	86420	44100	24	1	0.64
808 From Mars - Legacy/WAV/1. Individual Hits/01. Bass Drum/1. Clean/2. Tape/1. No Accent/BD_Tape_NoAcc_C_808_03.wav	82452	44100	24	1	0.61
808 From Mars - Legacy/WAV/1. Individual Hits/01. Bass Drum/1. Clean/2. Tape/1. No Accent/BD_Tape_NoAcc_C_808_04.wav	80462	44100	24	1	0.595
808 From Mars - Legacy/WAV/1. Individual Hits/01. Bass Drum/1. Clean/2. Tape/1. No Accent/BD_Tape_NoAcc_C_808_05.wav	87512	44100	24	1	0.648
808 From Mars - Legacy/WAV/1. Individual Hits/01. Bass Drum/1. Clean/2. Tape/1. No Accent/BD_Tape_NoAcc_C_808_06.wav	87078	44100	24	1	0.645
808 From Mars - Legacy/WAV/1. Individual Hits/01. Bass Drum/1. Clean/2. Tape/1. No Accent/BD_Tape_NoAcc_D_808_01.wav	142764	44100	24	1	1.059
808 From Mars - Legacy/WAV/1. Individual Hits/01. Bass Drum/1. Clean/2. Tape/1. No Accent/BD_Tape_NoAcc_D_808_02.wav	149460	44100	24	1	1.109
808 From Mars - Legacy/WAV/1. Individual Hits/01. Bass Drum/1. Clean/2. Tape/1. No Accent/BD_Tape_NoAcc_D_808_03.wav	144090	44100	24	1	1.069
808 From Mars - Legacy/WAV/1. Individual Hits/01. Bass Drum/1. Clean/2. Tape/1. No Accent/BD_Tape_NoAcc_D_808_04.wav	151884	44100	24	1	1.127
808 From Mars - Legacy/WAV/1. Individual Hits/01. Bass Drum/1. Clean/2. Tape/1. No Accent/BD_Tape_NoAcc_D_808_05.wav	150270	44100	24	1	1.115
808 From Mars - Legacy/WAV/1. Individual Hits/01. Bass Drum/1. Clean/2. Tape/1. No Accent/BD_Tape_NoAcc_D_808_06.wav	143528	44100	24	1	1.065
808 From Mars - Legacy/WAV/1. Individual Hits/01. Bass Drum/1. Clean/2. Tape/1. No Accent/BD_Tape_NoAcc_E_808_01.wav	212096	44100	24	1	1.575
808 From Mars - Legacy/WAV/1. Individual Hits/01. Bass Drum/1. Clean/2. Tape/1. No Accent/BD_Tape_NoAcc_E_808_02.wav	212574	44100	24	1	1.579
808 From Mars - Legacy/WAV/1. Individual Hits/01. Bass Drum/1. Clean/2. Tape/1. No Accent/BD_Tape_NoAcc_E_808_03.wav	207494	44100	24	1	1.541
808 From Mars - Legacy/WAV/1. Individual Hits/01. Bass Drum/1. Clean/2. Tape/1. No Accent/BD_Tape_NoAcc_E_808_04.wav	198636	44100	24	1	1.475
808 From Mars - Legacy/WAV/1. Individual Hits/01. Bass Drum/1. Clean/2. Tape/1. No Accent/BD_Tape_NoAcc_E_808_05.wav	197444	44100	24	1	1.466
808 From Mars - Legacy/WAV/1. Individual Hits/01. Bass Drum/1. Clean/2. Tape/1. No Accent/BD_Tape_NoAcc_E_808_06.wav	193800	44100	24	1	1.439
808 From Mars - Legacy/WAV/1. Individual Hits/01. Bass Drum/1. Clean/2. Tape/1. No Accent/BD_Tape_NoAcc_F_808_01.wav	270006	44100	24	1	2.006
808 From Mars - Legacy/WAV/1. Individual Hits/01. Bass Drum/1. Clean/2. Tape/1. No Accent/BD_Tape_NoAcc_F_808_02.wav	267774	44100	24	1	1.989
808 From Mars - Legacy/WAV/1. Individual Hits/01. Bass Drum/1. Clean/2. Tape/1. No Accent/BD_Tape_NoAcc_F_808_03.wav	267810	44100	24	1	1.99
808 From Mars - Legacy/WAV/1. Individual Hits/01. Bass Drum/1. Clean/2. Tape/1. No Accent/BD_Tape_NoAcc_F_808_04.wav	274484	44100	24	1	2.039
808 From Mars - Legacy/WAV/1. Individual Hits/01. Bass Drum/1. Clean/2. Tape/1. No Accent/BD_Tape_NoAcc_F_808_05.wav	270894	44100	24	1	2.013
808 From Mars - Legacy/WAV/1. Individual Hits/01. Bass Drum/1. Clean/2. Tape/1. No Accent/BD_Tape_NoAcc_F_808_06.wav	257622	44100	24	1	1.914
808 From Mars - Legacy/WAV/1. Individual Hits/01. Bass Drum/1. Clean/2. Tape/2. Accent/BD_Tape_Acc_A_808_01.wav	15132	44100	24	1	0.109
808 From Mars - Legacy/WAV/1. Individual Hits/01. Bass Drum/1. Clean/2. Tape/2. Accent/BD_Tape_Acc_A_808_02.wav	17568	44100	24	1	0.127
808 From Mars - Legacy/WAV/1. Individual Hits/01. Bass Drum/1. Clean/2. Tape/2. Accent/BD_Tape_Acc_A_808_03.wav	17616	44100	24	1	0.128
808 From Mars - Legacy/WAV/1. Individual Hits/01. Bass Drum/1. Clean/2. Tape/2. Accent/BD_Tape_Acc_A_808_04.wav	17398	44100	24	1	0.126
808 From Mars - Legacy/WAV/1. Individual Hits/01. Bass Drum/1. Clean/2. Tape/2. Accent/BD_Tape_Acc_A_808_05.wav	14416	44100	24	1	0.104
808 From Mars - Legacy/WAV/1. Individual Hits/01. Bass Drum/1. Clean/2. Tape/2. Accent/BD_Tape_Acc_A_808_06.wav	17556	44100	24	1	0.127
808 From Mars - Legacy/WAV/1. Individual Hits/01. Bass Drum/1. Clean/2. Tape/2. Accent/BD_Tape_Acc_B_808_01.wav	40692	44100	24	1	0.299
808 From Mars - Legacy/WAV/1. Individual Hits/01. Bass Drum/1. Clean/2. Tape/2. Accent/BD_Tape_Acc_B_808_02.wav	37026	44100	24	1	0.272
808 From Mars - Legacy/WAV/1. Individual Hits/01. Bass Drum/1. Clean/2. Tape/2. Accent/BD_Tape_Acc_B_808_03.wav	40566	44100	24	1	0.298
808 From Mars - Legacy/WAV/1. Individual Hits/01. Bass Drum/1. Clean/2. Tape/2. Accent/BD_Tape_Acc_B_808_04.wav	40478	44100	24	1	0.298
808 From Mars - Legacy/WAV/1. Individual Hits/01. Bass Drum/1. Clean/2. Tape/2. Accent/BD_Tape_Acc_B_808_05.wav	41976	44100	24	1	0.309
808 From Mars - Legacy/WAV/1. Individual Hits/01. Bass Drum/1. Clean/2. Tape/2. Accent/BD_Tape_Acc_B_808_06.wav	42296	44100	24	1	0.311
808 From Mars - Legacy/WAV/1. Individual Hits/01. Bass Drum/1. Clean/2. Tape/2. Accent/BD_Tape_Acc_C_808_01.wav	82904	44100	24	1	0.614
808 From Mars - Legacy/WAV/1. Individual Hits/01. Bass Drum/1. Clean/2. Tape/2. Accent/BD_Tape_Acc_C_808_02.wav	89978	44100	24	1	0.666
808 From Mars - Legacy/WAV/1. Individual Hits/01. Bass Drum/1. Clean/2. Tape/2. Accent/BD_Tape_Acc_C_808_03.wav	84060	44100	24	1	0.622
808 From Mars - Legacy/WAV/1. Individual Hits/01. Bass Drum/1. Clean/2. Tape/2. Accent/BD_Tape_Acc_C_808_04.wav	85704	44100	24	1	0.634
808 From Mars - Legacy/WAV/1. Individual Hits/01. Bass Drum/1. Clean/2. Tape/2. Accent/BD_Tape_Acc_C_808_05.wav	78872	44100	24	1	0.583
808 From Mars - Legacy/WAV/1. Individual Hits/01. Bass Drum/1. Clean/2. Tape/2. Accent/BD_Tape_Acc_C_808_06.wav	86792	44100	24	1	0.642
808 From Mars - Legacy/WAV/1. Individual Hits/01. Bass Drum/1. Clean/2. Tape/2. Accent/BD_Tape_Acc_D_808_01.wav	143618	44100	24	1	1.065
808 From Mars - Legacy/WAV/1. Individual Hits/01. Bass Drum/1. Clean/2. Tape/2. Accent/BD_Tape_Acc_D_808_02.wav	152840	44100	24	1	1.134
808 From Mars - Legacy/WAV/1. Individual Hits/01. Bass Drum/1. Clean/2. Tape/2. Accent/BD_Tape_Acc_D_808_03.wav	145130	44100	24	1	1.077
808 From Mars - Legacy/WAV/1. Individual Hits/01. Bass Drum/1. Clean/2. Tape/2. Accent/BD_Tape_Acc_D_808_04.wav	149438	44100	24	1	1.109
808 From Mars - Legacy/WAV/1. Individual Hits/01. Bass Drum/1. Clean/2. Tape/2. Accent/BD_Tape_Acc_D_808_05.wav	152654	44100	24	1	1.133
808 From Mars - Legacy/WAV/1. Individual Hits/01. Bass Drum/1. Clean/2. Tape/2. Accent/BD_Tape_Acc_D_808_06.wav	160986	44100	24	1	1.195
808 From Mars - Legacy/WAV/1. Individual Hits/01. Bass Drum/1. Clean/2. Tape/2. Accent/BD_Tape_Acc_E_808_01.wav	210456	44100	24	1	1.563
808 From Mars - Legacy/WAV/1. Individual Hits/01. Bass Drum/1. Clean/2. Tape/2. Accent/BD_Tape_Acc_E_808_02.wav	218300	44100	24	1	1.621
808 From Mars - Legacy/WAV/1. Individual Hits/01. Bass Drum/1. Clean/2. Tape/2. Accent/BD_Tape_Acc_E_808_03.wav	213954	44100	24	1	1.589
808 From Mars - Legacy/WAV/1. Individual Hits/01. Bass Drum/1. Clean/2. Tape/2. Accent/BD_Tape_Acc_E_808_04.wav	204558	44100	24	1	1.519
808 From Mars - Legacy/WAV/1. Individual Hits/01. Bass Drum/1. Clean/2. Tape/2. Accent/BD_Tape_Acc_E_808_05.wav	204522	44100	24	1	1.519
808 From Mars - Legacy/WAV/1. Individual Hits/01. Bass Drum/1. Clean/2. Tape/2. Accent/BD_Tape_Acc_E_808_06.wav	221322	44100	24	1	1.644
808 From Mars - Legacy/WAV/1. Individual Hits/01. Bass Drum/1. Clean/2. Tape/2. Accent/BD_Tape_Acc_F_808_01.wav	259406	44100	24	1	1.927
808 From Mars - Legacy/WAV/1. Individual Hits/01. Bass Drum/1. Clean/2. Tape/2. Accent/BD_Tape_Acc_F_808_02.wav	252272	44100	24	1	1.874
808 From Mars - Legacy/WAV/1. Individual Hits/01. Bass Drum/1. Clean/2. Tape/2. Accent/BD_Tape_Acc_F_808_03.wav	248070	44100	24	1	1.843
808 From Mars - Legacy/WAV/1. Individual Hits/01. Bass Drum/1. Clean/2. Tape/2. Accent/BD_Tape_Acc_F_808_04.wav	234872	44100	24	1	1.744
808 From Mars - Legacy/WAV/1. Individual Hits/01. Bass Drum/1. Clean/2. Tape/2. Accent/BD_Tape_Acc_F_808_05.wav	232718	44100	24	1	1.728
808 From Mars - Legacy/WAV/1. Individual Hits/01. Bass Drum/1. Clean/2. Tape/2. Accent/BD_Tape_Acc_F_808_06.wav	238440	44100	24	1	1.771
808 From Mars - Legacy/WAV/1. Individual Hits/01. Bass Drum/2. Processed/Sat 1/BD_Sat01_A_808_01.wav	19344	44100	24	1	0.114
808 From Mars - Legacy/WAV/1. Individual Hits/01. Bass Drum/2. Processed/Sat 1/BD_Sat01_A_808_02.wav	19956	44100	24	1	0.127
808 From Mars - Legacy/WAV/1. Individual Hits/01. Bass Drum/2. Processed/Sat 1/BD_Sat01_A_808_03.wav	19250	44100	24	1	0.122
808 From Mars - Legacy/WAV/1. Individual Hits/01. Bass Drum/2. Processed/Sat 1/BD_Sat01_A_808_04.wav	18374	44100	24	1	0.116
808 From Mars - Legacy/WAV/1. Individual Hits/01. Bass Drum/2. Processed/Sat 1/BD_Sat01_A_808_05.wav	18620	44100	24	1	0.117
808 From Mars - Legacy/WAV/1. Individual Hits/01. Bass Drum/2. Processed/Sat 1/BD_Sat01_A_808_06.wav	19588	44100	24	1	0.121
808 From Mars - Legacy/WAV/1. Individual Hits/01. Bass Drum/2. Processed/Sat 1/BD_Sat01_B_808_01.wav	54454	44100	24	1	0.383
808 From Mars - Legacy/WAV/1. Individual Hits/01. Bass Drum/2. Processed/Sat 1/BD_Sat01_B_808_02.wav	52462	44100	24	1	0.368
808 From Mars - Legacy/WAV/1. Individual Hits/01. Bass Drum/2. Processed/Sat 1/BD_Sat01_B_808_03.wav	52914	44100	24	1	0.372
808 From Mars - Legacy/WAV/1. Individual Hits/01. Bass Drum/2. Processed/Sat 1/BD_Sat01_B_808_04.wav	53708	44100	24	1	0.377
808 From Mars - Legacy/WAV/1. Individual Hits/01. Bass Drum/2. Processed/Sat 1/BD_Sat01_B_808_05.wav	52684	44100	24	1	0.371
808 From Mars - Legacy/WAV/1. Individual Hits/01. Bass Drum/2. Processed/Sat 1/BD_Sat01_B_808_06.wav	54116	44100	24	1	0.376
808 From Mars - Legacy/WAV/1. Individual Hits/01. Bass Drum/2. Processed/Sat 1/BD_Sat01_C_808_01.wav	117798	44100	24	1	0.852
808 From Mars - Legacy/WAV/1. Individual Hits/01. Bass Drum/2. Processed/Sat 1/BD_Sat01_C_808_02.wav	120438	44100	24	1	0.871
808 From Mars - Legacy/WAV/1. Individual Hits/01. Bass Drum/2. Processed/Sat 1/BD_Sat01_C_808_03.wav	117986	44100	24	1	0.854
808 From Mars - Legacy/WAV/1. Individual Hits/01. Bass Drum/2. Processed/Sat 1/BD_Sat01_C_808_04.wav	119384	44100	24	1	0.862
808 From Mars - Legacy/WAV/1. Individual Hits/01. Bass Drum/2. Processed/Sat 1/BD_Sat01_C_808_05.wav	118148	44100	24	1	0.856
808 From Mars - Legacy/WAV/1. Individual Hits/01. Bass Drum/2. Processed/Sat 1/BD_Sat01_C_808_06.wav	116682	44100	24	1	0.836
808 From Mars - Legacy/WAV/1. Individual Hits/01. Bass Drum/2. Processed/Sat 1/BD_Sat01_D_808_01.wav	196344	44100	24	1	1.432
808 From Mars - Legacy/WAV/1. Individual Hits/01. Bass Drum/2. Processed/Sat 1/BD_Sat01_D_808_02.wav	194340	44100	24	1	1.419
808 From Mars - Legacy/WAV/1. Individual Hits/01. Bass Drum/2. Processed/Sat 1/BD_Sat01_D_808_03.wav	195426	44100	24	1	1.425
808 From Mars - Legacy/WAV/1. Individual Hits/01. Bass Drum/2. Processed/Sat 1/BD_Sat01_D_808_04.wav	196330	44100	24	1	1.434
808 From Mars - Legacy/WAV/1. Individual Hits/01. Bass Drum/2. Processed/Sat 1/BD_Sat01_D_808_05.wav	193686	44100	24	1	1.415
808 From Mars - Legacy/WAV/1. Individual Hits/01. Bass Drum/2. Processed/Sat 1/BD_Sat01_D_808_06.wav	194938	44100	24	1	1.419
808 From Mars - Legacy/WAV/1. Individual Hits/01. Bass Drum/2. Processed/Sat 1/BD_Sat01_E_808_01.wav	285092	44100	24	1	2.092
808 From Mars - Legacy/WAV/1. Individual Hits/01. Bass Drum/2. Processed/Sat 1/BD_Sat01_E_808_02.wav	262552	44100	24	1	1.924
808 From Mars - Legacy/WAV/1. Individual Hits/01. Bass Drum/2. Processed/Sat 1/BD_Sat01_E_808_03.wav	290496	44100	24	1	2.131
808 From Mars - Legacy/WAV/1. Individual Hits/01. Bass Drum/2. Processed/Sat 1/BD_Sat01_E_808_04.wav	294010	44100	24	1	2.158
808 From Mars - Legacy/WAV/1. Individual Hits/01. Bass Drum/2. Processed/Sat 1/BD_Sat01_E_808_05.wav	289718	44100	24	1	2.126
808 From Mars - Legacy/WAV/1. Individual Hits/01. Bass Drum/2. Processed/Sat 1/BD_Sat01_E_808_06.wav	288480	44100	24	1	2.114
808 From Mars - Legacy/WAV/1. Individual Hits/01. Bass Drum/2. Processed/Sat 1/BD_Sat01_F_808_01.wav	314714	44100	24	1	2.304
808 From Mars - Legacy/WAV/1. Individual Hits/01. Bass Drum/2. Processed/Sat 1/BD_Sat01_F_808_02.wav	327676	44100	24	1	2.405
808 From Mars - Legacy/WAV/1. Individual Hits/01. Bass Drum/2. Processed/Sat 1/BD_Sat01_F_808_03.wav	351206	44100	24	1	2.58
808 From Mars - Legacy/WAV/1. Individual Hits/01. Bass Drum/2. Processed/Sat 1/BD_Sat01_F_808_04.wav	341972	44100	24	1	2.512
808 From Mars - Legacy/WAV/1. Individual Hits/01. Bass Drum/2. Processed/Sat 1/BD_Sat01_F_808_05.wav	343058	44100	24	1	2.52
808 From Mars - Legacy/WAV/1. Individual Hits/01. Bass Drum/2. Processed/Sat 1/BD_Sat01_F_808_06.wav	341382	44100	24	1	2.508
808 From Mars - Legacy/WAV/1. Individual Hits/01. Bass Drum/2. Processed/Sat 2/BD_Sat02_A_808_01.wav	17286	44100	24	1	0.125
808 From Mars - Legacy/WAV/1. Individual Hits/01. Bass Drum/2. Processed/Sat 2/BD_Sat02_A_808_02.wav	17008	44100	24	1	0.123
808 From Mars - Legacy/WAV/1. Individual Hits/01. Bass Drum/2. Processed/Sat 2/BD_Sat02_A_808_03.wav	17122	44100	24	1	0.124
808 From Mars - Legacy/WAV/1. Individual Hits/01. Bass Drum/2. Processed/Sat 2/BD_Sat02_A_808_04.wav	17454	44100	24	1	0.126
808 From Mars - Legacy/WAV/1. Individual Hits/01. Bass Drum/2. Processed/Sat 2/BD_Sat02_A_808_05.wav	17752	44100	24	1	0.129
808 From Mars - Legacy/WAV/1. Individual Hits/01. Bass Drum/2. Processed/Sat 2/BD_Sat02_A_808_06.wav	16954	44100	24	1	0.123
808 From Mars - Legacy/WAV/1. Individual Hits/01. Bass Drum/2. Processed/Sat 2/BD_Sat02_B_808_01.wav	50490	44100	24	1	0.372
808 From Mars - Legacy/WAV/1. Individual Hits/01. Bass Drum/2. Processed/Sat 2/BD_Sat02_B_808_02.wav	47556	44100	24	1	0.35
808 From Mars - Legacy/WAV/1. Individual Hits/01. Bass Drum/2. Processed/Sat 2/BD_Sat02_B_808_03.wav	47742	44100	24	1	0.352
808 From Mars - Legacy/WAV/1. Individual Hits/01. Bass Drum/2. Processed/Sat 2/BD_Sat02_B_808_04.wav	49332	44100	24	1	0.364
808 From Mars - Legacy/WAV/1. Individual Hits/01. Bass Drum/2. Processed/Sat 2/BD_Sat02_B_808_05.wav	48506	44100	24	1	0.358
808 From Mars - Legacy/WAV/1. Individual Hits/01. Bass Drum/2. Processed/Sat 2/BD_Sat02_B_808_06.wav	47456	44100	24	1	0.35
808 From Mars - Legacy/WAV/1. Individual Hits/01. Bass Drum/2. Processed/Sat 2/BD_Sat02_C_808_01.wav	113420	44100	24	1	0.841
808 From Mars - Legacy/WAV/1. Individual Hits/01. Bass Drum/2. Processed/Sat 2/BD_Sat02_C_808_02.wav	115094	44100	24	1	0.853
808 From Mars - Legacy/WAV/1. Individual Hits/01. Bass Drum/2. Processed/Sat 2/BD_Sat02_C_808_03.wav	116468	44100	24	1	0.863
808 From Mars - Legacy/WAV/1. Individual Hits/01. Bass Drum/2. Processed/Sat 2/BD_Sat02_C_808_04.wav	109314	44100	24	1	0.81
808 From Mars - Legacy/WAV/1. Individual Hits/01. Bass Drum/2. Processed/Sat 2/BD_Sat02_C_808_05.wav	112500	44100	24	1	0.834
808 From Mars - Legacy/WAV/1. Individual Hits/01. Bass Drum/2. Processed/Sat 2/BD_Sat02_C_808_06.wav	111548	44100	24	1	0.827
808 From Mars - Legacy/WAV/1. Individual Hits/01. Bass Drum/2. Processed/Sat 2/BD_Sat02_D_808_01.wav	198278	44100	24	1	1.472
808 From Mars - Legacy/WAV/1. Individual Hits/01. Bass Drum/2. Processed/Sat 2/BD_Sat02_D_808_02.wav	194024	44100	24	1	1.44
808 From Mars - Legacy/WAV/1. Individual Hits/01. Bass Drum/2. Processed/Sat 2/BD_Sat02_D_808_03.wav	188876	44100	24	1	1.402
808 From Mars - Legacy/WAV/1. Individual Hits/01. Bass Drum/2. Processed/Sat 2/BD_Sat02_D_808_04.wav	192336	44100	24	1	1.428
808 From Mars - Legacy/WAV/1. Individual Hits/01. Bass Drum/2. Processed/Sat 2/BD_Sat02_D_808_05.wav	191004	44100	24	1	1.418
808 From Mars - Legacy/WAV/1. Individual Hits/01. Bass Drum/2. Processed/Sat 2/BD_Sat02_D_808_06.wav	187100	44100	24	1	1.389
808 From Mars - Legacy/WAV/1. Individual Hits/01. Bass Drum/2. Processed/Sat 2/BD_Sat02_E_808_01.wav	267218	44100	24	1	1.985
808 From Mars - Legacy/WAV/1. Individual Hits/01. Bass Drum/2. Processed/Sat 2/BD_Sat02_E_808_02.wav	259988	44100	24	1	1.931
808 From Mars - Legacy/WAV/1. Individual Hits/01. Bass Drum/2. Processed/Sat 2/BD_Sat02_E_808_03.wav	260940	44100	24	1	1.939
808 From Mars - Legacy/WAV/1. Individual Hits/01. Bass Drum/2. Processed/Sat 2/BD_Sat02_E_808_04.wav	256008	44100	24	1	1.902
808 From Mars - Legacy/WAV/1. Individual Hits/01. Bass Drum/2. Processed/Sat 2/BD_Sat02_E_808_05.wav	255990	44100	24	1	1.902
808 From Mars - Legacy/WAV/1. Individual Hits/01. Bass Drum/2. Processed/Sat 2/BD_Sat02_E_808_06.wav	270810	44100	24	1	2.012
808 From Mars - Legacy/WAV/1. Individual Hits/01. Bass Drum/2. Processed/Sat 2/BD_Sat02_F_808_01.wav	306962	44100	24	1	2.281
808 From Mars - Legacy/WAV/1. Individual Hits/01. Bass Drum/2. Processed/Sat 2/BD_Sat02_F_808_02.wav	320744	44100	24	1	2.384
808 From Mars - Legacy/WAV/1. Individual Hits/01. Bass Drum/2. Processed/Sat 2/BD_Sat02_F_808_03.wav	323006	44100	24	1	2.4
808 From Mars - Legacy/WAV/1. Individual Hits/01. Bass Drum/2. Processed/Sat 2/BD_Sat02_F_808_04.wav	316422	44100	24	1	2.351
808 From Mars - Legacy/WAV/1. Individual Hits/01. Bass Drum/2. Processed/Sat 2/BD_Sat02_F_808_05.wav	258876	44100	24	1	1.923
808 From Mars - Legacy/WAV/1. Individual Hits/01. Bass Drum/2. Processed/Sat 2/BD_Sat02_F_808_06.wav	277596	44100	24	1	2.062
808 From Mars - Legacy/WAV/1. Individual Hits/01. Bass Drum/2. Processed/Sat 3/BD_Sat03_A_808_01.wav	20016	44100	24	1	0.145
808 From Mars - Legacy/WAV/1. Individual Hits/01. Bass Drum/2. Processed/Sat 3/BD_Sat03_A_808_02.wav	19736	44100	24	1	0.143
808 From Mars - Legacy/WAV/1. Individual Hits/01. Bass Drum/2. Processed/Sat 3/BD_Sat03_A_808_03.wav	19748	44100	24	1	0.144
808 From Mars - Legacy/WAV/1. Individual Hits/01. Bass Drum/2. Processed/Sat 3/BD_Sat03_A_808_04.wav	19430	44100	24	1	0.141
808 From Mars - Legacy/WAV/1. Individual Hits/01. Bass Drum/2. Processed/Sat 3/BD_Sat03_A_808_05.wav	19156	44100	24	1	0.139
808 From Mars - Legacy/WAV/1. Individual Hits/01. Bass Drum/2. Processed/Sat 3/BD_Sat03_A_808_06.wav	18714	44100	24	1	0.136
808 From Mars - Legacy/WAV/1. Individual Hits/01. Bass Drum/2. Processed/Sat 3/BD_Sat03_B_808_01.wav	57062	44100	24	1	0.421
808 From Mars - Legacy/WAV/1. Individual Hits/01. Bass Drum/2. Processed/Sat 3/BD_Sat03_B_808_02.wav	54320	44100	24	1	0.401
808 From Mars - Legacy/WAV/1. Individual Hits/01. Bass Drum/2. Processed/Sat 3/BD_Sat03_B_808_03.wav	53570	44100	24	1	0.395
808 From Mars - Legacy/WAV/1. Individual Hits/01. Bass Drum/2. Processed/Sat 3/BD_Sat03_B_808_04.wav	53150	44100	24	1	0.392
808 From Mars - Legacy/WAV/1. Individual Hits/01. Bass Drum/2. Processed/Sat 3/BD_Sat03_B_808_05.wav	52542	44100	24	1	0.388
808 From Mars - Legacy/WAV/1. Individual Hits/01. Bass Drum/2. Processed/Sat 3/BD_Sat03_B_808_06.wav	51348	44100	24	1	0.379
808 From Mars - Legacy/WAV/1. Individual Hits/01. Bass Drum/2. Processed/Sat 3/BD_Sat03_C_808_01.wav	116958	44100	24	1	0.867
808 From Mars - Legacy/WAV/1. Individual Hits/01. Bass Drum/2. Processed/Sat 3/BD_Sat03_C_808_02.wav	117384	44100	24	1	0.87
808 From Mars - Legacy/WAV/1. Individual Hits/01. Bass Drum/2. Processed/Sat 3/BD_Sat03_C_808_03.wav	114756	44100	24	1	0.851
808 From Mars - Legacy/WAV/1. Individual Hits/01. Bass Drum/2. Processed/Sat 3/BD_Sat03_C_808_04.wav	121770	44100	24	1	0.903
808 From Mars - Legacy/WAV/1. Individual Hits/01. Bass Drum/2. Processed/Sat 3/BD_Sat03_C_808_05.wav	118236	44100	24	1	0.876
808 From Mars - Legacy/WAV/1. Individual Hits/01. Bass Drum/2. Processed/Sat 3/BD_Sat03_C_808_06.wav	117620	44100	24	1	0.872
808 From Mars - Legacy/WAV/1. Individual Hits/01. Bass Drum/2. Processed/Sat 3/BD_Sat03_D_808_01.wav	202182	44100	24	1	1.501
808 From Mars - Legacy/WAV/1. Individual Hits/01. Bass Drum/2. Processed/Sat 3/BD_Sat03_D_808_02.wav	198558	44100	24	1	1.474
808 From Mars - Legacy/WAV/1. Individual Hits/01. Bass Drum/2. Processed/Sat 3/BD_Sat03_D_808_03.wav	201218	44100	24	1	1.494
808 From Mars - Legacy/WAV/1. Individual Hits/01. Bass Drum/2. Processed/Sat 3/BD_Sat03_D_808_04.wav	205092	44100	24	1	1.523
808 From Mars - Legacy/WAV/1. Individual Hits/01. Bass Drum/2. Processed/Sat 3/BD_Sat03_D_808_05.wav	203984	44100	24	1	1.515
808 From Mars - Legacy/WAV/1. Individual Hits/01. Bass Drum/2. Processed/Sat 3/BD_Sat03_D_808_06.wav	204984	44100	24	1	1.522
808 From Mars - Legacy/WAV/1. Individual Hits/01. Bass Drum/2. Processed/Sat 3/BD_Sat03_E_808_01.wav	281862	44100	24	1	2.094
808 From Mars - Legacy/WAV/1. Individual Hits/01. Bass Drum/2. Processed/Sat 3/BD_Sat03_E_808_02.wav	287448	44100	24	1	2.136
808 From Mars - Legacy/WAV/1. Individual Hits/01. Bass Drum/2. Processed/Sat 3/BD_Sat03_E_808_03.wav	282698	44100	24	1	2.1
808 From Mars - Legacy/WAV/1. Individual Hits/01. Bass Drum/2. Processed/Sat 3/BD_Sat03_E_808_04.wav	258678	44100	24	1	1.922
808 From Mars - Legacy/WAV/1. Individual Hits/01. Bass Drum/2. Processed/Sat 3/BD_Sat03_E_808_05.wav	259022	44100	24	1	1.924
808 From Mars - Legacy/WAV/1. Individual Hits/01. Bass Drum/2. Processed/Sat 3/BD_Sat03_E_808_06.wav	261470	44100	24	1	1.942
808 From Mars - Legacy/WAV/1. Individual Hits/01. Bass Drum/2. Processed/Sat 3/BD_Sat03_F_808_01.wav	298100	44100	24	1	2.215
808 From Mars - Legacy/WAV/1. Individual Hits/01. Bass Drum/2. Processed/Sat 3/BD_Sat03_F_808_02.wav	320816	44100	24	1	2.384
808 From Mars - Legacy/WAV/1. Individual Hits/01. Bass Drum/2. Processed/Sat 3/BD_Sat03_F_808_03.wav	321936	44100	24	1	2.392
808 From Mars - Legacy/WAV/1. Individual Hits/01. Bass Drum/2. Processed/Sat 3/BD_Sat03_F_808_04.wav	343190	44100	24	1	2.551
808 From Mars - Legacy/WAV/1. Individual Hits/01. Bass Drum/2. Processed/Sat 3/BD_Sat03_F_808_05.wav	260012	44100	24	1	1.932
808 From Mars - Legacy/WAV/1. Individual Hits/01. Bass Drum/2. Processed/Sat 3/BD_Sat03_F_808_06.wav	319766	44100	24	1	2.376
808 From Mars - Legacy/WAV/1. Individual Hits/01. Bass Drum/2. Processed/Sat 4/BD_Sat_Filt2_A_808_01.wav	51408	44100	24	1	0.379
808 From Mars - Legacy/WAV/1. Individual Hits/01. Bass Drum/2. Processed/Sat 4/BD_Sat_Filt2_A_808_02.wav	54138	44100	24	1	0.399
808 From Mars - Legacy/WAV/1. Individual Hits/01. Bass Drum/2. Processed/Sat 4/BD_Sat_Filt2_A_808_03.wav	51378	44100	24	1	0.379
808 From Mars - Legacy/WAV/1. Individual Hits/01. Bass Drum/2. Processed/Sat 4/BD_Sat_Filt2_A_808_04.wav	51366	44100	24	1	0.379
808 From Mars - Legacy/WAV/1. Individual Hits/01. Bass Drum/2. Processed/Sat 4/BD_Sat_Filt2_A_808_05.wav	51362	44100	24	1	0.379
808 From Mars - Legacy/WAV/1. Individual Hits/01. Bass Drum/2. Processed/Sat 4/BD_Sat_Filt2_A_808_06.wav	51360	44100	24	1	0.379
808 From Mars - Legacy/WAV/1. Individual Hits/01. Bass Drum/2. Processed/Sat 4/BD_Sat_Filt2_B_808_01.wav	89804	44100	24	1	0.665
808 From Mars - Legacy/WAV/1. Individual Hits/01. Bass Drum/2. Processed/Sat 4/BD_Sat_Filt2_B_808_02.wav	89094	44100	24	1	0.66
808 From Mars - Legacy/WAV/1. Individual Hits/01. Bass Drum/2. Processed/Sat 4/BD_Sat_Filt2_B_808_03.wav	90300	44100	24	1	0.669
808 From Mars - Legacy/WAV/1. Individual Hits/01. Bass Drum/2. Processed/Sat 4/BD_Sat_Filt2_B_808_04.wav	91056	44100	24	1	0.674
808 From Mars - Legacy/WAV/1. Individual Hits/01. Bass Drum/2. Processed/Sat 4/BD_Sat_Filt2_B_808_05.wav	92484	44100	24	1	0.685
808 From Mars - Legacy/WAV/1. Individual Hits/01. Bass Drum/2. Processed/Sat 4/BD_Sat_Filt2_B_808_06.wav	92322	44100	24	1	0.684
808 From Mars - Legacy/WAV/1. Individual Hits/01. Bass Drum/2. Processed/Sat 4/BD_Sat_Filt2_C_808_01.wav	148652	44100	24	1	1.103
808 From Mars - Legacy/WAV/1. Individual Hits/01. Bass Drum/2. Processed/Sat 4/BD_Sat_Filt2_C_808_02.wav	150290	44100	24	1	1.115
808 From Mars - Legacy/WAV/1. Individual Hits/01. Bass Drum/2. Processed/Sat 4/BD_Sat_Filt2_C_808_03.wav	144654	44100	24	1	1.073
808 From Mars - Legacy/WAV/1. Individual Hits/01. Bass Drum/2. Processed/Sat 4/BD_Sat_Filt2_C_808_04.wav	149778	44100	24	1	1.111
808 From Mars - Legacy/WAV/1. Individual Hits/01. Bass Drum/2. Processed/Sat 4/BD_Sat_Filt2_C_808_05.wav	152240	44100	24	1	1.13
808 From Mars - Legacy/WAV/1. Individual Hits/01. Bass Drum/2. Processed/Sat 4/BD_Sat_Filt2_C_808_06.wav	153762	44100	24	1	1.141
808 From Mars - Legacy/WAV/1. Individual Hits/01. Bass Drum/2. Processed/Sat 4/BD_Sat_Filt2_D_808_01.wav	226404	44100	24	1	1.681
808 From Mars - Legacy/WAV/1. Individual Hits/01. Bass Drum/2. Processed/Sat 4/BD_Sat_Filt2_D_808_02.wav	219734	44100	24	1	1.632
808 From Mars - Legacy/WAV/1. Individual Hits/01. Bass Drum/2. Processed/Sat 4/BD_Sat_Filt2_D_808_03.wav	220724	44100	24	1	1.639
808 From Mars - Legacy/WAV/1. Individual Hits/01. Bass Drum/2. Processed/Sat 4/BD_Sat_Filt2_D_808_04.wav	222594	44100	24	1	1.653
808 From Mars - Legacy/WAV/1. Individual Hits/01. Bass Drum/2. Processed/Sat 4/BD_Sat_Filt2_D_808_05.wav	218942	44100	24	1	1.626
808 From Mars - Legacy/WAV/1. Individual Hits/01. Bass Drum/3. Tuned Chromatic/1. Tape Tuned/1/01_BD_Tuned_1_808_E.wav	187892	44100	24	1	1.395
808 From Mars - Legacy/WAV/1. Individual Hits/01. Bass Drum/3. Tuned Chromatic/1. Tape Tuned/1/02_BD_Tuned_1_808_F.wav	177656	44100	24	1	1.319
808 From Mars - Legacy/WAV/1. Individual Hits/01. Bass Drum/3. Tuned Chromatic/1. Tape Tuned/1/03_BD_Tuned_1_808_F#.wav	167762	44100	24	1	1.245
808 From Mars - Legacy/WAV/1. Individual Hits/01. Bass Drum/3. Tuned Chromatic/1. Tape Tuned/1/04_BD_Tuned_1_808_G.wav	158366	44100	24	1	1.175
808 From Mars - Legacy/WAV/1. Individual Hits/01. Bass Drum/3. Tuned Chromatic/1. Tape Tuned/1/05_BD_Tuned_1_808_G#.wav	155316	44100	24	1	1.152
808 From Mars - Legacy/WAV/1. Individual Hits/01. Bass Drum/3. Tuned Chromatic/1. Tape Tuned/1/06_BD_Tuned_1_808_A.wav	145368	44100	24	1	1.078
808 From Mars - Legacy/WAV/1. Individual Hits/01. Bass Drum/3. Tuned Chromatic/1. Tape Tuned/1/07_BD_Tuned_1_808_E.wav	97476	44100	24	1	0.722
808 From Mars - Legacy/WAV/1. Individual Hits/01. Bass Drum/3. Tuned Chromatic/1. Tape Tuned/1/08_BD_Tuned_1_808_F.wav	94562	44100	24	1	0.7
808 From Mars - Legacy/WAV/1. Individual Hits/01. Bass Drum/3. Tuned Chromatic/1. Tape Tuned/1/09_BD_Tuned_1_808_F#.wav	87230	44100	24	1	0.646
808 From Mars - Legacy/WAV/1. Individual Hits/01. Bass Drum/3. Tuned Chromatic/1. Tape Tuned/1/10_BD_Tuned_1_808_G.wav	84746	44100	24	1	0.627
808 From Mars - Legacy/WAV/1. Individual Hits/01. Bass Drum/3. Tuned Chromatic/1. Tape Tuned/1/11_BD_Tuned_1_808_G#.wav	78798	44100	24	1	0.583
808 From Mars - Legacy/WAV/1. Individual Hits/01. Bass Drum/3. Tuned Chromatic/1. Tape Tuned/1/12_BD_Tuned_1_808_A.wav	75968	44100	24	1	0.562
808 From Mars - Legacy/WAV/1. Individual Hits/01. Bass Drum/3. Tuned Chromatic/1. Tape Tuned/2/01_BD_Tuned_2_808_E.wav	233364	44100	24	1	1.733
808 From Mars - Legacy/WAV/1. Individual Hits/01. Bass Drum/3. Tuned Chromatic/1. Tape Tuned/2/02_BD_Tuned_2_808_F.wav	247338	44100	24	1	1.837
808 From Mars - Legacy/WAV/1. Individual Hits/01. Bass Drum/3. Tuned Chromatic/1. Tape Tuned/2/03_BD_Tuned_2_808_F#.wav	251300	44100	24	1	1.867
808 From Mars - Legacy/WAV/1. Individual Hits/01. Bass Drum/3. Tuned Chromatic/1. Tape Tuned/2/04_BD_Tuned_2_808_G.wav	241064	44100	24	1	1.791
808 From Mars - Legacy/WAV/1. Individual Hits/01. Bass Drum/3. Tuned Chromatic/1. Tape Tuned/2/05_BD_Tuned_2_808_G#.wav	207066	44100	24	1	1.538
808 From Mars - Legacy/WAV/1. Individual Hits/01. Bass Drum/3. Tuned Chromatic/1. Tape Tuned/2/06_BD_Tuned_2_808_A.wav	203600	44100	24	1	1.512
808 From Mars - Legacy/WAV/1. Individual Hits/01. Bass Drum/3. Tuned Chromatic/1. Tape Tuned/2/07_BD_Tuned_2_808_E.wav	119576	44100	24	1	0.886
808 From Mars - Legacy/WAV/1. Individual Hits/01. Bass Drum/3. Tuned Chromatic/1. Tape Tuned/2/08_BD_Tuned_2_808_F.wav	131192	44100	24	1	0.973
808 From Mars - Legacy/WAV/1. Individual Hits/01. Bass Drum/3. Tuned Chromatic/1. Tape Tuned/2/09_BD_Tuned_2_808_F#.wav	132996	44100	24	1	0.986
808 From Mars - Legacy/WAV/1. Individual Hits/01. Bass Drum/3. Tuned Chromatic/1. Tape Tuned/2/10_BD_Tuned_2_808_G.wav	92600	44100	24	1	0.686
808 From Mars - Legacy/WAV/1. Individual Hits/01. Bass Drum/3. Tuned Chromatic/1. Tape Tuned/2/11_BD_Tuned_2_808_G#.wav	121394	44100	24	1	0.9
808 From Mars - Legacy/WAV/1. Individual Hits/01. Bass Drum/3. Tuned Chromatic/1. Tape Tuned/2/12_BD_Tuned_2_808_A.wav	118526	44100	24	1	0.879
808 From Mars - Legacy/WAV/1. Individual Hits/01. Bass Drum/3. Tuned Chromatic/1. Tape Tuned/3/01_BD_Tuned_3_808_E.wav	249464	44100	24	1	1.853
808 From Mars - Legacy/WAV/1. Individual Hits/01. Bass Drum/3. Tuned Chromatic/1. Tape Tuned/3/02_BD_Tuned_3_808_F.wav	249944	44100	24	1	1.857
808 From Mars - Legacy/WAV/1. Individual Hits/01. Bass Drum/3. Tuned Chromatic/1. Tape Tuned/3/03_BD_Tuned_3_808_F#.wav	239852	44100	24	1	1.782
808 From Mars - Legacy/WAV/1. Individual Hits/01. Bass Drum/3. Tuned Chromatic/1. Tape Tuned/3/04_BD_Tuned_3_808_G.wav	218822	44100	24	1	1.625
808 From Mars - Legacy/WAV/1. Individual Hits/01. Bass Drum/3. Tuned Chromatic/1. Tape Tuned/3/05_BD_Tuned_3_808_G#.wav	210824	44100	24	1	1.566
808 From Mars - Legacy/WAV/1. Individual Hits/01. Bass Drum/3. Tuned Chromatic/1. Tape Tuned/3/06_BD_Tuned_3_808_A.wav	192306	44100	24	1	1.428
808 From Mars - Legacy/WAV/1. Individual Hits/01. Bass Drum/3. Tuned Chromatic/1. Tape Tuned/3/07_BD_Tuned_3_808_E.wav	130766	44100	24	1	0.97
808 From Mars - Legacy/WAV/1. Individual Hits/01. Bass Drum/3. Tuned Chromatic/1. Tape Tuned/3/08_BD_Tuned_3_808_F.wav	117260	44100	24	1	0.869
808 From Mars - Legacy/WAV/1. Individual Hits/01. Bass Drum/3. Tuned Chromatic/1. Tape Tuned/3/09_BD_Tuned_3_808_F#.wav	112004	44100	24	1	0.83
808 From Mars - Legacy/WAV/1. Individual Hits/01. Bass Drum/3. Tuned Chromatic/1. Tape Tuned/3/10_BD_Tuned_3_808_G.wav	105908	44100	24	1	0.785
808 From Mars - Legacy/WAV/1. Individual Hits/01. Bass Drum/3. Tuned Chromatic/1. Tape Tuned/3/11_BD_Tuned_3_808_G#.wav	98400	44100	24	1	0.729
808 From Mars - Legacy/WAV/1. Individual Hits/01. Bass Drum/3. Tuned Chromatic/1. Tape Tuned/3/12_BD_Tuned_3_808_A.wav	90318	44100	24	1	0.669
808 From Mars - Legacy/WAV/1. Individual Hits/01. Bass Drum/3. Tuned Chromatic/1. Tape Tuned/4/01_BD_Tuned_4_808_E.wav	223436	44100	24	1	1.659
808 From Mars - Legacy/WAV/1. Individual Hits/01. Bass Drum/3. Tuned Chromatic/1. Tape Tuned/4/02_BD_Tuned_4_808_F.wav	192224	44100	24	1	1.427
808 From Mars - Legacy/WAV/1. Individual Hits/01. Bass Drum/3. Tuned Chromatic/1. Tape Tuned/4/03_BD_Tuned_4_808_F#.wav	176256	44100	24	1	1.308
808 From Mars - Legacy/WAV/1. Individual Hits/01. Bass Drum/3. Tuned Chromatic/1. Tape Tuned/4/04_BD_Tuned_4_808_G.wav	164492	44100	24	1	1.221
808 From Mars - Legacy/WAV/1. Individual Hits/01. Bass Drum/3. Tuned Chromatic/1. Tape Tuned/4/05_BD_Tuned_4_808_G#.wav	151850	44100	24	1	1.127
808 From Mars - Legacy/WAV/1. Individual Hits/01. Bass Drum/3. Tuned Chromatic/1. Tape Tuned/4/06_BD_Tuned_4_808_A.wav	140328	44100	24	1	1.041
808 From Mars - Legacy/WAV/1. Individual Hits/01. Bass Drum/3. Tuned Chromatic/1. Tape Tuned/4/07_BD_Tuned_4_808_E.wav	76398	44100	24	1	0.565
808 From Mars - Legacy/WAV/1. Individual Hits/01. Bass Drum/3. Tuned Chromatic/1. Tape Tuned/4/08_BD_Tuned_4_808_F.wav	69320	44100	24	1	0.512
808 From Mars - Legacy/WAV/1. Individual Hits/01. Bass Drum/3. Tuned Chromatic/1. Tape Tuned/4/09_BD_Tuned_4_808_F#.wav	62502	44100	24	1	0.462
808 From Mars - Legacy/WAV/1. Individual Hits/01. Bass Drum/3. Tuned Chromatic/1. Tape Tuned/4/10_BD_Tuned_4_808_G.wav	56928	44100	24	1	0.42
808 From Mars - Legacy/WAV/1. Individual Hits/01. Bass Drum/3. Tuned Chromatic/1. Tape Tuned/4/11_BD_Tuned_4_808_G#.wav	51722	44100	24	1	0.381
808 From Mars - Legacy/WAV/1. Individual Hits/01. Bass Drum/3. Tuned Chromatic/1. Tape Tuned/4/12_BD_Tuned_4_808_A.wav	46778	44100	24	1	0.345
808 From Mars - Legacy/WAV/1. Individual Hits/01. Bass Drum/3. Tuned Chromatic/1. Tape Tuned/5/Filt1/01_BD_Tuned_Filt1_808_E.wav	275510	44100	24	1	2.047
808 From Mars - Legacy/WAV/1. Individual Hits/01. Bass Drum/3. Tuned Chromatic/1. Tape Tuned/5/Filt1/02_BD_Tuned_Filt1_808_F.wav	257298	44100	24	1	1.911
808 From Mars - Legacy/WAV/1. Individual Hits/01. Bass Drum/3. Tuned Chromatic/1. Tape Tuned/5/Filt1/03_BD_Tuned_Filt1_808_F#.wav	238776	44100	24	1	1.774
808 From Mars - Legacy/WAV/1. Individual Hits/01. Bass Drum/3. Tuned Chromatic/1. Tape Tuned/5/Filt1/04_BD_Tuned_Filt1_808_G.wav	226806	44100	24	1	1.684
808 From Mars - Legacy/WAV/1. Individual Hits/01. Bass Drum/3. Tuned Chromatic/1. Tape Tuned/5/Filt1/05_BD_Tuned_Filt1_808_G#.wav	207498	44100	24	1	1.541
808 From Mars - Legacy/WAV/1. Individual Hits/01. Bass Drum/3. Tuned Chromatic/1. Tape Tuned/5/Filt1/06_BD_Tuned_Filt1_808_A.wav	203378	44100	24	1	1.51
808 From Mars - Legacy/WAV/1. Individual Hits/01. Bass Drum/3. Tuned Chromatic/1. Tape Tuned/5/Filt1/07_BD_Tuned_Filt1_808_A#.wav	188660	44100	24	1	1.401
808 From Mars - Legacy/WAV/1. Individual Hits/01. Bass Drum/3. Tuned Chromatic/1. Tape Tuned/5/Filt1/08_BD_Tuned_Filt1_808_B.wav	177164	44100	24	1	1.315
808 From Mars - Legacy/WAV/1. Individual Hits/01. Bass Drum/3. Tuned Chromatic/1. Tape Tuned/5/Filt1/09_BD_Tuned_Filt1_808_E1.wav	137054	44100	24	1	1.016
808 From Mars - Legacy/WAV/1. Individual Hits/01. Bass Drum/3. Tuned Chromatic/1. Tape Tuned/5/Filt1/10_BD_Tuned_Filt1_808_F1.wav	132048	44100	24	1	0.979
808 From Mars - Legacy/WAV/1. Individual Hits/01. Bass Drum/3. Tuned Chromatic/1. Tape Tuned/5/Filt1/11_BD_Tuned_Filt1_808_F#1.wav	121076	44100	24	1	0.898
808 From Mars - Legacy/WAV/1. Individual Hits/01. Bass Drum/3. Tuned Chromatic/1. Tape Tuned/5/Filt1/12_BD_Tuned_Filt1_808_G1.wav	115730	44100	24	1	0.858
808 From Mars - Legacy/WAV/1. Individual Hits/01. Bass Drum/3. Tuned Chromatic/1. Tape Tuned/5/Filt1/13_BD_Tuned_Filt1_808_G#1.wav	109530	44100	24	1	0.812
808 From Mars - Legacy/WAV/1. Individual Hits/01. Bass Drum/3. Tuned Chromatic/1. Tape Tuned/5/Filt1/14_BD_Tuned_Filt1_808_A1.wav	100082	44100	24	1	0.741
808 From Mars - Legacy/WAV/1. Individual Hits/01. Bass Drum/3. Tuned Chromatic/1. Tape Tuned/5/Filt1/15_BD_Tuned_Filt1_808_A#1.wav	94476	44100	24	1	0.7
808 From Mars - Legacy/WAV/1. Individual Hits/01. Bass Drum/3. Tuned Chromatic/1. Tape Tuned/5/Filt1/16_BD_Tuned_Filt1_808_B1.wav	88710	44100	24	1	0.657
808 From Mars - Legacy/WAV/1. Individual Hits/01. Bass Drum/3. Tuned Chromatic/1. Tape Tuned/5/Filt2/01_BD_Tuned_Filt2_808_E.wav	275514	44100	24	1	2.047
808 From Mars - Legacy/WAV/1. Individual Hits/01. Bass Drum/3. Tuned Chromatic/1. Tape Tuned/5/Filt2/02_BD_Tuned_Filt2_808_F.wav	257300	44100	24	1	1.911
808 From Mars - Legacy/WAV/1. Individual Hits/01. Bass Drum/3. Tuned Chromatic/1. Tape Tuned/5/Filt2/03_BD_Tuned_Filt2_808_F#.wav	238778	44100	24	1	1.774
808 From Mars - Legacy/WAV/1. Individual Hits/01. Bass Drum/3. Tuned Chromatic/1. Tape Tuned/5/Filt2/04_BD_Tuned_Filt2_808_G.wav	226808	44100	24	1	1.684
808 From Mars - Legacy/WAV/1. Individual Hits/01. Bass Drum/3. Tuned Chromatic/1. Tape Tuned/5/Filt2/05_BD_Tuned_Filt2_808_G#.wav	207500	44100	24	1	1.541
808 From Mars - Legacy/WAV/1. Individual Hits/01. Bass Drum/3. Tuned Chromatic/1. Tape Tuned/5/Filt2/06_BD_Tuned_Filt2_808_A.wav	203382	44100	24	1	1.51
808 From Mars - Legacy/WAV/1. Individual Hits/01. Bass Drum/3. Tuned Chromatic/1. Tape Tuned/5/Filt2/07_BD_Tuned_Filt2_808_A#.wav	188664	44100	24	1	1.401
808 From Mars - Legacy/WAV/1. Individual Hits/01. Bass Drum/3. Tuned Chromatic/1. Tape Tuned/5/Filt2/08_BD_Tuned_Filt2_808_B.wav	177164	44100	24	1	1.315
808 From Mars - Legacy/WAV/1. Individual Hits/01. Bass Drum/3. Tuned Chromatic/1. Tape Tuned/5/Filt2/09_BD_Tuned_Filt2_808_E1.wav	137048	44100	24	1	1.016
808 From Mars - Legacy/WAV/1. Individual Hits/01. Bass Drum/3. Tuned Chromatic/1. Tape Tuned/5/Filt2/10_BD_Tuned_Filt2_808_F1.wav	132050	44100	24	1	0.979
808 From Mars - Legacy/WAV/1. Individual Hits/01. Bass Drum/3. Tuned Chromatic/1. Tape Tuned/5/Filt2/11_BD_Tuned_Filt2_808_F#1.wav	121082	44100	24	1	0.898
808 From Mars - Legacy/WAV/1. Individual Hits/01. Bass Drum/3. Tuned Chromatic/1. Tape Tuned/5/Filt2/12_BD_Tuned_Filt2_808_G1.wav	115730	44100	24	1	0.858
808 From Mars - Legacy/WAV/1. Individual Hits/01. Bass Drum/3. Tuned Chromatic/1. Tape Tuned/5/Filt2/13_BD_Tuned_Filt2_808_G#1.wav	109532	44100	24	1	0.812
808 From Mars - Legacy/WAV/1. Individual Hits/01. Bass Drum/3. Tuned Chromatic/1. Tape Tuned/5/Filt2/14_BD_Tuned_Filt2_808_A1.wav	100080	44100	24	1	0.741
808 From Mars - Legacy/WAV/1. Individual Hits/01. Bass Drum/3. Tuned Chromatic/1. Tape Tuned/5/Filt2/15_BD_Tuned_Filt2_808_A#1.wav	94482	44100	24	1	0.7
808 From Mars - Legacy/WAV/1. Individual Hits/01. Bass Drum/3. Tuned Chromatic/1. Tape Tuned/5/Filt2/16_BD_Tuned_Filt2_808_B1.wav	88716	44100	24	1	0.657
808 From Mars - Legacy/WAV/1. Individual Hits/01. Bass Drum/3. Tuned Chromatic/2. SP-1200 Tuned/A/BD_A_SP1200_808_01.wav	128656	44100	24	1	0.949
808 From Mars - Legacy/WAV/1. Individual Hits/01. Bass Drum/3. Tuned Chromatic/2. SP-1200 Tuned/A/BD_A_SP1200_808_02.wav	123492	44100	24	1	0.911
808 From Mars - Legacy/WAV/1. Individual Hits/01. Bass Drum/3. Tuned Chromatic/2. SP-1200 Tuned/A/BD_A_SP1200_808_03.wav	111220	44100	24	1	0.82
808 From Mars - Legacy/WAV/1. Individual Hits/01. Bass Drum/3. Tuned Chromatic/2. SP-1200 Tuned/A/BD_A_SP1200_808_04.wav	105450	44100	24	1	0.777
808 From Mars - Legacy/WAV/1. Individual Hits/01. Bass Drum/3. Tuned Chromatic/2. SP-1200 Tuned/A/BD_A_SP1200_808_05.wav	99282	44100	24	1	0.731
808 From Mars - Legacy/WAV/1. Individual Hits/01. Bass Drum/3. Tuned Chromatic/2. SP-1200 Tuned/A/BD_A_SP1200_808_06.wav	93804	44100	24	1	0.69
808 From Mars - Legacy/WAV/1. Individual Hits/01. Bass Drum/3. Tuned Chromatic/2. SP-1200 Tuned/A/BD_A_SP1200_808_07.wav	88908	44100	24	1	0.654
808 From Mars - Legacy/WAV/1. Individual Hits/01. Bass Drum/3. Tuned Chromatic/2. SP-1200 Tuned/A/BD_A_SP1200_808_08.wav	83784	44100	24	1	0.615
808 From Mars - Legacy/WAV/1. Individual Hits/01. Bass Drum/3. Tuned Chromatic/2. SP-1200 Tuned/A/BD_A_SP1200_808_09.wav	79098	44100	24	1	0.581
808 From Mars - Legacy/WAV/1. Individual Hits/01. Bass Drum/3. Tuned Chromatic/2. SP-1200 Tuned/A/BD_A_SP1200_808_10.wav	74260	44100	24	1	0.545
808 From Mars - Legacy/WAV/1. Individual Hits/01. Bass Drum/3. Tuned Chromatic/2. SP-1200 Tuned/A/BD_A_SP1200_808_11.wav	70434	44100	24	1	0.516
808 From Mars - Legacy/WAV/1. Individual Hits/01. Bass Drum/3. Tuned Chromatic/2. SP-1200 Tuned/A/BD_A_SP1200_808_12.wav	66904	44100	24	1	0.49
808 From Mars - Legacy/WAV/1. Individual Hits/01. Bass Drum/3. Tuned Chromatic/2. SP-1200 Tuned/A/BD_A_SP1200_808_13.wav	63004	44100	24	1	0.461
808 From Mars - Legacy/WAV/1. Individual Hits/01. Bass Drum/3. Tuned Chromatic/2. SP-1200 Tuned/A/BD_A_SP1200_808_14.wav	59356	44100	24	1	0.434
808 From Mars - Legacy/WAV/1. Individual Hits/01. Bass Drum/3. Tuned Chromatic/2. SP-1200 Tuned/A/BD_A_SP1200_808_15.wav	56184	44100	24	1	0.41
808 From Mars - Legacy/WAV/1. Individual Hits/01. Bass Drum/3. Tuned Chromatic/2. SP-1200 Tuned/A/BD_A_SP1200_808_16.wav	53104	44100	24	1	0.387
808 From Mars - Legacy/WAV/1. Individual Hits/01. Bass Drum/3. Tuned Chromatic/2. SP-1200 Tuned/B/Long/01_BD_BL_SP1200_808_C.wav	303360	44100	24	1	2.25
808 From Mars - Legacy/WAV/1. Individual Hits/01. Bass Drum/3. Tuned Chromatic/2. SP-1200 Tuned/B/Long/02_BD_BL_SP1200_808_C#.wav	297576	44100	24	1	2.207
808 From Mars - Legacy/WAV/1. Individual Hits/01. Bass Drum/3. Tuned Chromatic/2. SP-1200 Tuned/B/Long/03_BD_BL_SP1200_808_D.wav	263382	44100	24	1	1.952
808 From Mars - Legacy/WAV/1. Individual Hits/01. Bass Drum/3. Tuned Chromatic/2. SP-1200 Tuned/B/Long/04_BD_BL_SP1200_808_D#.wav	248660	44100	24	1	1.843
808 From Mars - Legacy/WAV/1. Individual Hits/01. Bass Drum/3. Tuned Chromatic/2. SP-1200 Tuned/B/Long/05_BD_BL_SP1200_808_E.wav	214116	44100	24	1	1.585
808 From Mars - Legacy/WAV/1. Individual Hits/01. Bass Drum/3. Tuned Chromatic/2. SP-1200 Tuned/B/Long/06_BD_BL_SP1200_808_F.wav	222756	44100	24	1	1.65
808 From Mars - Legacy/WAV/1. Individual Hits/01. Bass Drum/3. Tuned Chromatic/2. SP-1200 Tuned/B/Long/07_BD_BL_SP1200_808_F#.wav	199830	44100	24	1	1.478
808 From Mars - Legacy/WAV/1. Individual Hits/01. Bass Drum/3. Tuned Chromatic/2. SP-1200 Tuned/B/Long/08_BD_BL_SP1200_808_G.wav	185322	44100	24	1	1.371
808 From Mars - Legacy/WAV/1. Individual Hits/01. Bass Drum/3. Tuned Chromatic/2. SP-1200 Tuned/B/Long/09_BD_BL_SP1200_808_G#.wav	174968	44100	24	1	1.294
808 From Mars - Legacy/WAV/1. Individual Hits/01. Bass Drum/3. Tuned Chromatic/2. SP-1200 Tuned/B/Long/10_BD_BL_SP1200_808_A.wav	193962	44100	24	1	1.435
808 From Mars - Legacy/WAV/1. Individual Hits/01. Bass Drum/3. Tuned Chromatic/2. SP-1200 Tuned/B/Long/11_BD_BL_SP1200_808_A#.wav	196838	44100	24	1	1.457
808 From Mars - Legacy/WAV/1. Individual Hits/01. Bass Drum/3. Tuned Chromatic/2. SP-1200 Tuned/B/Long/12_BD_BL_SP1200_808_B.wav	168054	44100	24	1	1.243
808 From Mars - Legacy/WAV/1. Individual Hits/01. Bass Drum/3. Tuned Chromatic/2. SP-1200 Tuned/B/Long/13_BD_BL_SP1200_808_C.wav	148232	44100	24	1	1.095
808 From Mars - Legacy/WAV/1. Individual Hits/01. Bass Drum/3. Tuned Chromatic/2. SP-1200 Tuned/B/Short/01_BD_BS_SP1200_808_C.wav	86042	44100	24	1	0.637
808 From Mars - Legacy/WAV/1. Individual Hits/01. Bass Drum/3. Tuned Chromatic/2. SP-1200 Tuned/B/Short/02_BD_BS_SP1200_808_C#.wav	85918	44100	24	1	0.636
808 From Mars - Legacy/WAV/1. Individual Hits/01. Bass Drum/3. Tuned Chromatic/2. SP-1200 Tuned/B/Short/03_BD_BS_SP1200_808_D.wav	86050	44100	24	1	0.637
808 From Mars - Legacy/WAV/1. Individual Hits/01. Bass Drum/3. Tuned Chromatic/2. SP-1200 Tuned/B/Short/04_BD_BS_SP1200_808_D#.wav	86048	44100	24	1	0.637
808 From Mars - Legacy/WAV/1. Individual Hits/01. Bass Drum/3. Tuned Chromatic/2. SP-1200 Tuned/B/Short/05_BD_BS_SP1200_808_E.wav	85906	44100	24	1	0.636
808 From Mars - Legacy/WAV/1. Individual Hits/01. Bass Drum/3. Tuned Chromatic/2. SP-1200 Tuned/B/Short/06_BD_BS_SP1200_808_F.wav	86012	44100	24	1	0.637
808 From Mars - Legacy/WAV/1. Individual Hits/01. Bass Drum/3. Tuned Chromatic/2. SP-1200 Tuned/B/Short/07_BD_BS_SP1200_808_F#.wav	86044	44100	24	1	0.637
808 From Mars - Legacy/WAV/1. Individual Hits/01. Bass Drum/3. Tuned Chromatic/2. SP-1200 Tuned/B/Short/08_BD_BS_SP1200_808_G.wav	86020	44100	24	1	0.637
808 From Mars - Legacy/WAV/1. Individual Hits/01. Bass Drum/3. Tuned Chromatic/2. SP-1200 Tuned/B/Short/09_BD_BS_SP1200_808_G#.wav	86044	44100	24	1	0.637
808 From Mars - Legacy/WAV/1. Individual Hits/01. Bass Drum/3. Tuned Chromatic/2. SP-1200 Tuned/B/Short/10_BD_BS_SP1200_808_A.wav	85952	44100	24	1	0.636
808 From Mars - Legacy/WAV/1. Individual Hits/01. Bass Drum/3. Tuned Chromatic/2. SP-1200 Tuned/B/Short/11_BD_BS_SP1200_808_A#.wav	85940	44100	24	1	0.636
808 From Mars - Legacy/WAV/1. Individual Hits/01. Bass Drum/3. Tuned Chromatic/2. SP-1200 Tuned/B/Short/12_BD_BS_SP1200_808_B.wav	86014	44100	24	1	0.637
808 From Mars - Legacy/WAV/1. Individual Hits/01. Bass Drum/3. Tuned Chromatic/2. SP-1200 Tuned/B/Short/13_BD_BS_SP1200_808_C.wav	85912	44100	24	1	0.636
808 From Mars - Legacy/WAV/1. Individual Hits/01. Bass Drum/3. Tuned Chromatic/3. MPC60/BD 808 Clean A/BD_Clean_MPC60_A_808_01.wav	112782	44100	24	1	0.836
808 From Mars - Legacy/WAV/1. Individual Hits/01. Bass Drum/3. Tuned Chromatic/3. MPC60/BD 808 Clean A/BD_Clean_MPC60_A_808_02.wav	106614	44100	24	1	0.79
808 From Mars - Legacy/WAV/1. Individual Hits/01. Bass Drum/3. Tuned Chromatic/3. MPC60/BD 808 Clean A/BD_Clean_MPC60_A_808_03.wav	100022	44100	24	1	0.741
808 From Mars - Legacy/WAV/1. Individual Hits/01. Bass Drum/3. Tuned Chromatic/3. MPC60/BD 808 Clean A/BD_Clean_MPC60_A_808_04.wav	95288	44100	24	1	0.706
808 From Mars - Legacy/WAV/1. Individual Hits/01. Bass Drum/3. Tuned Chromatic/3. MPC60/BD 808 Clean A/BD_Clean_MPC60_A_808_05.wav	89220	44100	24	1	0.661
808 From Mars - Legacy/WAV/1. Individual Hits/01. Bass Drum/3. Tuned Chromatic/3. MPC60/BD 808 Clean A/BD_Clean_MPC60_A_808_06.wav	83466	44100	24	1	0.618
808 From Mars - Legacy/WAV/1. Individual Hits/01. Bass Drum/3. Tuned Chromatic/3. MPC60/BD 808 Clean A/BD_Clean_MPC60_A_808_07.wav	79350	44100	24	1	0.587
808 From Mars - Legacy/WAV/1. Individual Hits/01. Bass Drum/3. Tuned Chromatic/3. MPC60/BD 808 Clean A/BD_Clean_MPC60_A_808_08.wav	74376	44100	24	1	0.55
808 From Mars - Legacy/WAV/1. Individual Hits/01. Bass Drum/3. Tuned Chromatic/3. MPC60/BD 808 Clean A/BD_Clean_MPC60_A_808_09.wav	70010	44100	24	1	0.518
808 From Mars - Legacy/WAV/1. Individual Hits/01. Bass Drum/3. Tuned Chromatic/3. MPC60/BD 808 Clean A/BD_Clean_MPC60_A_808_10.wav	66024	44100	24	1	0.488
808 From Mars - Legacy/WAV/1. Individual Hits/01. Bass Drum/3. Tuned Chromatic/3. MPC60/BD 808 Clean B/BD_Clean_MPC60_B_808_01.wav	32520	44100	24	1	0.238
808 From Mars - Legacy/WAV/1. Individual Hits/01. Bass Drum/3. Tuned Chromatic/3. MPC60/BD 808 Clean B/BD_Clean_MPC60_B_808_02.wav	32274	44100	24	1	0.237
808 From Mars - Legacy/WAV/1. Individual Hits/01. Bass Drum/3. Tuned Chromatic/3. MPC60/BD 808 Clean B/BD_Clean_MPC60_B_808_03.wav	31946	44100	24	1	0.234
808 From Mars - Legacy/WAV/1. Individual Hits/01. Bass Drum/3. Tuned Chromatic/3. MPC60/BD 808 Clean B/BD_Clean_MPC60_B_808_04.wav	31562	44100	24	1	0.231
808 From Mars - Legacy/WAV/1. Individual Hits/01. Bass Drum/3. Tuned Chromatic/3. MPC60/BD 808 Clean B/BD_Clean_MPC60_B_808_05.wav	32420	44100	24	1	0.238
808 From Mars - Legacy/WAV/1. Individual Hits/01. Bass Drum/3. Tuned Chromatic/3. MPC60/BD 808 Clean B/BD_Clean_MPC60_B_808_06.wav	31860	44100	24	1	0.234
808 From Mars - Legacy/WAV/1. Individual Hits/01. Bass Drum/3. Tuned Chromatic/3. MPC60/BD 808 Clean B/BD_Clean_MPC60_B_808_07.wav	32412	44100	24	1	0.238
808 From Mars - Legacy/WAV/1. Individual Hits/01. Bass Drum/3. Tuned Chromatic/3. MPC60/BD 808 Clean B/BD_Clean_MPC60_B_808_08.wav	31728	44100	24	1	0.233
808 From Mars - Legacy/WAV/1. Individual Hits/01. Bass Drum/3. Tuned Chromatic/3. MPC60/BD 808 Clean B/BD_Clean_MPC60_B_808_09.wav	32030	44100	24	1	0.235
808 From Mars - Legacy/WAV/1. Individual Hits/01. Bass Drum/3. Tuned Chromatic/3. MPC60/BD 808 Clean B/BD_Clean_MPC60_B_808_10.wav	32210	44100	24	1	0.236
808 From Mars - Legacy/WAV/1. Individual Hits/01. Bass Drum/3. Tuned Chromatic/3. MPC60/BD 808 Clip Short/BD_Clip_Short_MPC60_808_01.wav	30260	44100	24	1	0.222
808 From Mars - Legacy/WAV/1. Individual Hits/01. Bass Drum/3. Tuned Chromatic/3. MPC60/BD 808 Clip Short/BD_Clip_Short_MPC60_808_02.wav	30020	44100	24	1	0.22
808 From Mars - Legacy/WAV/1. Individual Hits/01. Bass Drum/3. Tuned Chromatic/3. MPC60/BD 808 Clip Short/BD_Clip_Short_MPC60_808_03.wav	29850	44100	24	1	0.219
808 From Mars - Legacy/WAV/1. Individual Hits/01. Bass Drum/3. Tuned Chromatic/3. MPC60/BD 808 Clip Short/BD_Clip_Short_MPC60_808_04.wav	29622	44100	24	1	0.217
808 From Mars - Legacy/WAV/1. Individual Hits/01. Bass Drum/3. Tuned Chromatic/3. MPC60/BD 808 Clip Short/BD_Clip_Short_MPC60_808_05.wav	29306	44100	24	1	0.215
808 From Mars - Legacy/WAV/1. Individual Hits/01. Bass Drum/3. Tuned Chromatic/3. MPC60/BD 808 Clip Short/BD_Clip_Short_MPC60_808_06.wav	28950	44100	24	1	0.212
808 From Mars - Legacy/WAV/1. Individual Hits/01. Bass Drum/3. Tuned Chromatic/3. MPC60/BD 808 Clip Short/BD_Clip_Short_MPC60_808_07.wav	29700	44100	24	1	0.218
808 From Mars - Legacy/WAV/1. Individual Hits/01. Bass Drum/3. Tuned Chromatic/3. MPC60/BD 808 Clip Short/BD_Clip_Short_MPC60_808_08.wav	29168	44100	24	1	0.214
808 From Mars - Legacy/WAV/1. Individual Hits/01. Bass Drum/3. Tuned Chromatic/3. MPC60/BD 808 Clip Short/BD_Clip_Short_MPC60_808_09.wav	29646	44100	24	1	0.217
808 From Mars - Legacy/WAV/1. Individual Hits/01. Bass Drum/3. Tuned Chromatic/3. MPC60/BD 808 Clip Short/BD_Clip_Short_MPC60_808_10.wav	29004	44100	24	1	0.212
808 From Mars - Legacy/WAV/1. Individual Hits/01. Bass Drum/3. Tuned Chromatic/3. MPC60/BD 808 Clip/BD_Clip_MPC60_808_01.wav	112286	44100	24	1	0.832
808 From Mars - Legacy/WAV/1. Individual Hits/01. Bass Drum/3. Tuned Chromatic/3. MPC60/BD 808 Clip/BD_Clip_MPC60_808_02.wav	105612	44100	24	1	0.783
808 From Mars - Legacy/WAV/1. Individual Hits/01. Bass Drum/3. Tuned Chromatic/3. MPC60/BD 808 Clip/BD_Clip_MPC60_808_03.wav	99540	44100	24	1	0.737
808 From Mars - Legacy/WAV/1. Individual Hits/01. Bass Drum/3. Tuned Chromatic/3. MPC60/BD 808 Clip/BD_Clip_MPC60_808_04.wav	95528	44100	24	1	0.707
808 From Mars - Legacy/WAV/1. Individual Hits/01. Bass Drum/3. Tuned Chromatic/3. MPC60/BD 808 Clip/BD_Clip_MPC60_808_05.wav	89030	44100	24	1	0.659
808 From Mars - Legacy/WAV/1. Individual Hits/01. Bass Drum/3. Tuned Chromatic/3. MPC60/BD 808 Clip/BD_Clip_MPC60_808_06.wav	82818	44100	24	1	0.613
808 From Mars - Legacy/WAV/1. Individual Hits/01. Bass Drum/3. Tuned Chromatic/3. MPC60/BD 808 Clip/BD_Clip_MPC60_808_07.wav	79262	44100	24	1	0.586
808 From Mars - Legacy/WAV/1. Individual Hits/01. Bass Drum/3. Tuned Chromatic/3. MPC60/BD 808 Clip/BD_Clip_MPC60_808_08.wav	73740	44100	24	1	0.545
808 From Mars - Legacy/WAV/1. Individual Hits/01. Bass Drum/3. Tuned Chromatic/3. MPC60/BD 808 Clip/BD_Clip_MPC60_808_09.wav	69764	44100	24	1	0.516
808 From Mars - Legacy/WAV/1. Individual Hits/01. Bass Drum/3. Tuned Chromatic/3. MPC60/BD 808 Clip/BD_Clip_MPC60_808_10.wav	65948	44100	24	1	0.487
808 From Mars - Legacy/WAV/1. Individual Hits/01. Bass Drum/3. Tuned Chromatic/3. MPC60/BD 808 Long/BD_Long_MPC60_808_01.wav	111542	44100	24	1	0.827
808 From Mars - Legacy/WAV/1. Individual Hits/01. Bass Drum/3. Tuned Chromatic/3. MPC60/BD 808 Long/BD_Long_MPC60_808_02.wav	109896	44100	24	1	0.814
808 From Mars - Legacy/WAV/1. Individual Hits/01. Bass Drum/3. Tuned Chromatic/3. MPC60/BD 808 Long/BD_Long_MPC60_808_03.wav	106358	44100	24	1	0.788
808 From Mars - Legacy/WAV/1. Individual Hits/01. Bass Drum/3. Tuned Chromatic/3. MPC60/BD 808 Long/BD_Long_MPC60_808_04.wav	100326	44100	24	1	0.743
808 From Mars - Legacy/WAV/1. Individual Hits/01. Bass Drum/3. Tuned Chromatic/3. MPC60/BD 808 Long/BD_Long_MPC60_808_05.wav	96438	44100	24	1	0.714
808 From Mars - Legacy/WAV/1. Individual Hits/01. Bass Drum/3. Tuned Chromatic/3. MPC60/BD 808 Long/BD_Long_MPC60_808_06.wav	88562	44100	24	1	0.656
808 From Mars - Legacy/WAV/1. Individual Hits/01. Bass Drum/3. Tuned Chromatic/3. MPC60/BD 808 Long/BD_Long_MPC60_808_07.wav	83726	44100	24	1	0.62
808 From Mars - Legacy/WAV/1. Individual Hits/01. Bass Drum/3. Tuned Chromatic/3. MPC60/BD 808 Long/BD_Long_MPC60_808_08.wav	77022	44100	24	1	0.57
808 From Mars - Legacy/WAV/1. Individual Hits/01. Bass Drum/3. Tuned Chromatic/3. MPC60/BD 808 Long/BD_Long_MPC60_808_09.wav	79268	44100	24	1	0.586
808 From Mars - Legacy/WAV/1. Individual Hits/01. Bass Drum/3. Tuned Chromatic/3. MPC60/BD 808 Long/BD_Long_MPC60_808_10.wav	74634	44100	24	1	0.552
808 From Mars - Legacy/WAV/1. Individual Hits/01. Bass Drum/3. Tuned Chromatic/3. MPC60/BD 808 Long/BD_Long_MPC60_808_11.wav	70598	44100	24	1	0.522
808 From Mars - Legacy/WAV/1. Individual Hits/01. Bass Drum/3. Tuned Chromatic/3. MPC60/BD 808 Long/BD_Long_MPC60_808_12.wav	65784	44100	24	1	0.486
808 From Mars - Legacy/WAV/1. Individual Hits/01. Bass Drum/3. Tuned Chromatic/3. MPC60/BD 808 Noise Short/BD_Noise_Short_MPC60_808_01.wav	29402	44100	24	1	0.215
808 From Mars - Legacy/WAV/1. Individual Hits/01. Bass Drum/3. Tuned Chromatic/3. MPC60/BD 808 Noise Short/BD_Noise_Short_MPC60_808_02.wav	29400	44100	24	1	0.215
808 From Mars - Legacy/WAV/1. Individual Hits/01. Bass Drum/3. Tuned Chromatic/3. MPC60/BD 808 Noise Short/BD_Noise_Short_MPC60_808_03.wav	29270	44100	24	1	0.214
808 From Mars - Legacy/WAV/1. Individual Hits/01. Bass Drum/3. Tuned Chromatic/3. MPC60/BD 808 Noise Short/BD_Noise_Short_MPC60_808_04.wav	29090	44100	24	1	0.213
808 From Mars - Legacy/WAV/1. Individual Hits/01. Bass Drum/3. Tuned Chromatic/3. MPC60/BD 808 Noise Short/BD_Noise_Short_MPC60_808_05.wav	28838	44100	24	1	0.211
808 From Mars - Legacy/WAV/1. Individual Hits/01. Bass Drum/3. Tuned Chromatic/3. MPC60/BD 808 Noise Short/BD_Noise_Short_MPC60_808_06.wav	29738	44100	24	1	0.218
808 From Mars - Legacy/WAV/1. Individual Hits/01. Bass Drum/3. Tuned Chromatic/3. MPC60/BD 808 Noise Short/BD_Noise_Short_MPC60_808_07.wav	29294	44100	24	1	0.215
808 From Mars - Legacy/WAV/1. Individual Hits/01. Bass Drum/3. Tuned Chromatic/3. MPC60/BD 808 Noise Short/BD_Noise_Short_MPC60_808_08.wav	28812	44100	24	1	0.211
808 From Mars - Legacy/WAV/1. Individual Hits/01. Bass Drum/3. Tuned Chromatic/3. MPC60/BD 808 Noise Short/BD_Noise_Short_MPC60_808_09.wav	29304	44100	24	1	0.215
808 From Mars - Legacy/WAV/1. Individual Hits/01. Bass Drum/3. Tuned Chromatic/3. MPC60/BD 808 Noise Short/BD_Noise_Short_MPC60_808_10.wav	28706	44100	24	1	0.21
808 From Mars - Legacy/WAV/1. Individual Hits/02. Snare Drum/1. Clean/Snare_Clean_A_808_01.wav	39708	44100	24	1	0.292
808 From Mars - Legacy/WAV/1. Individual Hits/02. Snare Drum/1. Clean/Snare_Clean_A_808_02.wav	36930	44100	24	1	0.271
808 From Mars - Legacy/WAV/1. Individual Hits/02. Snare Drum/1. Clean/Snare_Clean_A_808_03.wav	42834	44100	24	1	0.315
808 From Mars - Legacy/WAV/1. Individual Hits/02. Snare Drum/1. Clean/Snare_Clean_A_808_04.wav	52446	44100	24	1	0.387
808 From Mars - Legacy/WAV/1. Individual Hits/02. Snare Drum/1. Clean/Snare_Clean_A_808_05.wav	48260	44100	24	1	0.356
808 From Mars - Legacy/WAV/1. Individual Hits/02. Snare Drum/1. Clean/Snare_Clean_A_808_06.wav	45024	44100	24	1	0.332
808 From Mars - Legacy/WAV/1. Individual Hits/02. Snare Drum/1. Clean/Snare_Clean_B_808_01.wav	34736	44100	24	1	0.255
808 From Mars - Legacy/WAV/1. Individual Hits/02. Snare Drum/1. Clean/Snare_Clean_B_808_02.wav	35742	44100	24	1	0.262
808 From Mars - Legacy/WAV/1. Individual Hits/02. Snare Drum/1. Clean/Snare_Clean_B_808_03.wav	36804	44100	24	1	0.27
808 From Mars - Legacy/WAV/1. Individual Hits/02. Snare Drum/1. Clean/Snare_Clean_B_808_04.wav	44508	44100	24	1	0.328
808 From Mars - Legacy/WAV/1. Individual Hits/02. Snare Drum/1. Clean/Snare_Clean_B_808_05.wav	43902	44100	24	1	0.323
808 From Mars - Legacy/WAV/1. Individual Hits/02. Snare Drum/1. Clean/Snare_Clean_B_808_06.wav	39776	44100	24	1	0.293
808 From Mars - Legacy/WAV/1. Individual Hits/02. Snare Drum/1. Clean/Snare_Clean_C_808_01.wav	29880	44100	24	1	0.219
808 From Mars - Legacy/WAV/1. Individual Hits/02. Snare Drum/1. Clean/Snare_Clean_C_808_02.wav	33938	44100	24	1	0.249
808 From Mars - Legacy/WAV/1. Individual Hits/02. Snare Drum/1. Clean/Snare_Clean_C_808_03.wav	39362	44100	24	1	0.289
808 From Mars - Legacy/WAV/1. Individual Hits/02. Snare Drum/1. Clean/Snare_Clean_C_808_04.wav	39708	44100	24	1	0.292
808 From Mars - Legacy/WAV/1. Individual Hits/02. Snare Drum/1. Clean/Snare_Clean_C_808_05.wav	42176	44100	24	1	0.31
808 From Mars - Legacy/WAV/1. Individual Hits/02. Snare Drum/1. Clean/Snare_Clean_C_808_06.wav	54504	44100	24	1	0.402
808 From Mars - Legacy/WAV/1. Individual Hits/02. Snare Drum/1. Clean/Snare_Clean_D_808_01.wav	29834	44100	24	1	0.219
808 From Mars - Legacy/WAV/1. Individual Hits/02. Snare Drum/1. Clean/Snare_Clean_D_808_02.wav	39396	44100	24	1	0.29
808 From Mars - Legacy/WAV/1. Individual Hits/02. Snare Drum/1. Clean/Snare_Clean_D_808_03.wav	47862	44100	24	1	0.353
808 From Mars - Legacy/WAV/1. Individual Hits/02. Snare Drum/1. Clean/Snare_Clean_D_808_04.wav	41384	44100	24	1	0.304
808 From Mars - Legacy/WAV/1. Individual Hits/02. Snare Drum/1. Clean/Snare_Clean_D_808_05.wav	42450	44100	24	1	0.312
808 From Mars - Legacy/WAV/1. Individual Hits/02. Snare Drum/1. Clean/Snare_Clean_D_808_06.wav	40100	44100	24	1	0.295
808 From Mars - Legacy/WAV/1. Individual Hits/02. Snare Drum/1. Clean/Snare_Clean_E_808_01.wav	24842	44100	24	1	0.181
808 From Mars - Legacy/WAV/1. Individual Hits/02. Snare Drum/1. Clean/Snare_Clean_E_808_02.wav	33768	44100	24	1	0.248
808 From Mars - Legacy/WAV/1. Individual Hits/02. Snare Drum/1. Clean/Snare_Clean_E_808_03.wav	39624	44100	24	1	0.291
808 From Mars - Legacy/WAV/1. Individual Hits/02. Snare Drum/1. Clean/Snare_Clean_E_808_04.wav	41042	44100	24	1	0.302
808 From Mars - Legacy/WAV/1. Individual Hits/02. Snare Drum/1. Clean/Snare_Clean_E_808_05.wav	37152	44100	24	1	0.273
808 From Mars - Legacy/WAV/1. Individual Hits/02. Snare Drum/1. Clean/Snare_Clean_E_808_06.wav	34886	44100	24	1	0.256
808 From Mars - Legacy/WAV/1. Individual Hits/02. Snare Drum/1. Clean/Snare_Clean_F_808_01.wav	25418	44100	24	1	0.186
808 From Mars - Legacy/WAV/1. Individual Hits/02. Snare Drum/1. Clean/Snare_Clean_F_808_02.wav	30332	44100	24	1	0.222
808 From Mars - Legacy/WAV/1. Individual Hits/02. Snare Drum/1. Clean/Snare_Clean_F_808_03.wav	39110	44100	24	1	0.288
808 From Mars - Legacy/WAV/1. Individual Hits/02. Snare Drum/1. Clean/Snare_Clean_F_808_04.wav	38294	44100	24	1	0.281
808 From Mars - Legacy/WAV/1. Individual Hits/02. Snare Drum/1. Clean/Snare_Clean_F_808_05.wav	39414	44100	24	1	0.29
808 From Mars - Legacy/WAV/1. Individual Hits/02. Snare Drum/1. Clean/Snare_Clean_F_808_06.wav	39204	44100	24	1	0.288
808 From Mars - Legacy/WAV/1. Individual Hits/02. Snare Drum/2. Tape/Accent/Snare_Accent_A_808_01.wav	24068	44100	24	1	0.176
808 From Mars - Legacy/WAV/1. Individual Hits/02. Snare Drum/2. Tape/Accent/Snare_Accent_A_808_02.wav	22580	44100	24	1	0.165
808 From Mars - Legacy/WAV/1. Individual Hits/02. Snare Drum/2. Tape/Accent/Snare_Accent_A_808_03.wav	26012	44100	24	1	0.19
808 From Mars - Legacy/WAV/1. Individual Hits/02. Snare Drum/2. Tape/Accent/Snare_Accent_A_808_04.wav	19030	44100	24	1	0.138
808 From Mars - Legacy/WAV/1. Individual Hits/02. Snare Drum/2. Tape/Accent/Snare_Accent_A_808_05.wav	19766	44100	24	1	0.144
808 From Mars - Legacy/WAV/1. Individual Hits/02. Snare Drum/2. Tape/Accent/Snare_Accent_A_808_06.wav	18334	44100	24	1	0.133
808 From Mars - Legacy/WAV/1. Individual Hits/02. Snare Drum/2. Tape/Accent/Snare_Accent_B_808_01.wav	33636	44100	24	1	0.247
808 From Mars - Legacy/WAV/1. Individual Hits/02. Snare Drum/2. Tape/Accent/Snare_Accent_B_808_02.wav	24584	44100	24	1	0.18
808 From Mars - Legacy/WAV/1. Individual Hits/02. Snare Drum/2. Tape/Accent/Snare_Accent_B_808_03.wav	28022	44100	24	1	0.205
808 From Mars - Legacy/WAV/1. Individual Hits/02. Snare Drum/2. Tape/Accent/Snare_Accent_B_808_04.wav	21474	44100	24	1	0.156
808 From Mars - Legacy/WAV/1. Individual Hits/02. Snare Drum/2. Tape/Accent/Snare_Accent_B_808_05.wav	19274	44100	24	1	0.14
808 From Mars - Legacy/WAV/1. Individual Hits/02. Snare Drum/2. Tape/Accent/Snare_Accent_B_808_06.wav	20154	44100	24	1	0.147
808 From Mars - Legacy/WAV/1. Individual Hits/02. Snare Drum/2. Tape/Accent/Snare_Accent_C_808_01.wav	26768	44100	24	1	0.196
808 From Mars - Legacy/WAV/1. Individual Hits/02. Snare Drum/2. Tape/Accent/Snare_Accent_C_808_02.wav	24816	44100	24	1	0.181
808 From Mars - Legacy/WAV/1. Individual Hits/02. Snare Drum/2. Tape/Accent/Snare_Accent_C_808_03.wav	25464	44100	24	1	0.186
808 From Mars - Legacy/WAV/1. Individual Hits/02. Snare Drum/2. Tape/Accent/Snare_Accent_C_808_04.wav	22056	44100	24	1	0.161
808 From Mars - Legacy/WAV/1. Individual Hits/02. Snare Drum/2. Tape/Accent/Snare_Accent_C_808_05.wav	20822	44100	24	1	0.151
808 From Mars - Legacy/WAV/1. Individual Hits/02. Snare Drum/2. Tape/Accent/Snare_Accent_C_808_06.wav	21930	44100	24	1	0.16
808 From Mars - Legacy/WAV/1. Individual Hits/02. Snare Drum/2. Tape/Accent/Snare_Accent_D_808_01.wav	37742	44100	24	1	0.277
808 From Mars - Legacy/WAV/1. Individual Hits/02. Snare Drum/2. Tape/Accent/Snare_Accent_D_808_02.wav	24456	44100	24	1	0.179
808 From Mars - Legacy/WAV/1. Individual Hits/02. Snare Drum/2. Tape/Accent/Snare_Accent_D_808_03.wav	24800	44100	24	1	0.181
808 From Mars - Legacy/WAV/1. Individual Hits/02. Snare Drum/2. Tape/Accent/Snare_Accent_D_808_04.wav	22344	44100	24	1	0.163
808 From Mars - Legacy/WAV/1. Individual Hits/02. Snare Drum/2. Tape/Accent/Snare_Accent_D_808_05.wav	21324	44100	24	1	0.155
808 From Mars - Legacy/WAV/1. Individual Hits/02. Snare Drum/2. Tape/Accent/Snare_Accent_D_808_06.wav	22898	44100	24	1	0.167
808 From Mars - Legacy/WAV/1. Individual Hits/02. Snare Drum/2. Tape/Accent/Snare_Accent_E_808_01.wav	23472	44100	24	1	0.171
808 From Mars - Legacy/WAV/1. Individual Hits/02. Snare Drum/2. Tape/Accent/Snare_Accent_E_808_02.wav	26858	44100	24	1	0.196
808 From Mars - Legacy/WAV/1. Individual Hits/02. Snare Drum/2. Tape/Accent/Snare_Accent_E_808_03.wav	24012	44100	24	1	0.175
808 From Mars - Legacy/WAV/1. Individual Hits/02. Snare Drum/2. Tape/Accent/Snare_Accent_E_808_04.wav	21996	44100	24	1	0.16
808 From Mars - Legacy/WAV/1. Individual Hits/02. Snare Drum/2. Tape/Accent/Snare_Accent_E_808_05.wav	23306	44100	24	1	0.17
808 From Mars - Legacy/WAV/1. Individual Hits/02. Snare Drum/2. Tape/Accent/Snare_Accent_E_808_06.wav	22670	44100	24	1	0.165
808 From Mars - Legacy/WAV/1. Individual Hits/02. Snare Drum/2. Tape/Accent/Snare_Accent_F_808_01.wav	29240	44100	24	1	0.214
808 From Mars - Legacy/WAV/1. Individual Hits/02. Snare Drum/2. Tape/Accent/Snare_Accent_F_808_02.wav	25934	44100	24	1	0.19
808 From Mars - Legacy/WAV/1. Individual Hits/02. Snare Drum/2. Tape/Accent/Snare_Accent_F_808_03.wav	22286	44100	24	1	0.162
808 From Mars - Legacy/WAV/1. Individual Hits/02. Snare Drum/2. Tape/Accent/Snare_Accent_F_808_04.wav	20708	44100	24	1	0.151
808 From Mars - Legacy/WAV/1. Individual Hits/02. Snare Drum/2. Tape/Accent/Snare_Accent_F_808_05.wav	22586	44100	24	1	0.165
808 From Mars - Legacy/WAV/1. Individual Hits/02. Snare Drum/2. Tape/Accent/Snare_Accent_F_808_06.wav	20894	44100	24	1	0.152
808 From Mars - Legacy/WAV/1. Individual Hits/02. Snare Drum/2. Tape/Accent/Snare_Accent_G_808_01.wav	27102	44100	24	1	0.198
808 From Mars - Legacy/WAV/1. Individual Hits/02. Snare Drum/2. Tape/Accent/Snare_Accent_G_808_02.wav	23550	44100	24	1	0.172
808 From Mars - Legacy/WAV/1. Individual Hits/02. Snare Drum/2. Tape/Accent/Snare_Accent_G_808_03.wav	22898	44100	24	1	0.167
808 From Mars - Legacy/WAV/1. Individual Hits/02. Snare Drum/2. Tape/Accent/Snare_Accent_G_808_04.wav	24384	44100	24	1	0.178
808 From Mars - Legacy/WAV/1. Individual Hits/02. Snare Drum/2. Tape/Accent/Snare_Accent_G_808_05.wav	24594	44100	24	1	0.18
808 From Mars - Legacy/WAV/1. Individual Hits/02. Snare Drum/2. Tape/Accent/Snare_Accent_G_808_06.wav	23222	44100	24	1	0.169
808 From Mars - Legacy/WAV/1. Individual Hits/02. Snare Drum/2. Tape/Accent/Snare_Accent_H_808_01.wav	23178	44100	24	1	0.169
808 From Mars - Legacy/WAV/1. Individual Hits/02. Snare Drum/2. Tape/Accent/Snare_Accent_H_808_02.wav	23756	44100	24	1	0.173
808 From Mars - Legacy/WAV/1. Individual Hits/02. Snare Drum/2. Tape/Accent/Snare_Accent_H_808_03.wav	23118	44100	24	1	0.169
808 From Mars - Legacy/WAV/1. Individual Hits/02. Snare Drum/2. Tape/Accent/Snare_Accent_H_808_04.wav	21222	44100	24	1	0.154
808 From Mars - Legacy/WAV/1. Individual Hits/02. Snare Drum/2. Tape/Accent/Snare_Accent_H_808_05.wav	23186	44100	24	1	0.169
808 From Mars - Legacy/WAV/1. Individual Hits/02. Snare Drum/2. Tape/Accent/Snare_Accent_H_808_06.wav	25418	44100	24	1	0.186
808 From Mars - Legacy/WAV/1. Individual Hits/02. Snare Drum/2. Tape/Accent/Snare_Accent_I_808_01.wav	26072	44100	24	1	0.191
808 From Mars - Legacy/WAV/1. Individual Hits/02. Snare Drum/2. Tape/Accent/Snare_Accent_I_808_02.wav	24684	44100	24	1	0.18
808 From Mars - Legacy/WAV/1. Individual Hits/02. Snare Drum/2. Tape/Accent/Snare_Accent_I_808_03.wav	23682	44100	24	1	0.173
808 From Mars - Legacy/WAV/1. Individual Hits/02. Snare Drum/2. Tape/Accent/Snare_Accent_I_808_04.wav	23594	44100	24	1	0.172
808 From Mars - Legacy/WAV/1. Individual Hits/02. Snare Drum/2. Tape/Accent/Snare_Accent_I_808_05.wav	25884	44100	24	1	0.189
808 From Mars - Legacy/WAV/1. Individual Hits/02. Snare Drum/2. Tape/Accent/Snare_Accent_I_808_06.wav	31356	44100	24	1	0.23
808 From Mars - Legacy/WAV/1. Individual Hits/02. Snare Drum/2. Tape/Accent/Snare_Accent_J_808_01.wav	26862	44100	24	1	0.196
808 From Mars - Legacy/WAV/1. Individual Hits/02. Snare Drum/2. Tape/Accent/Snare_Accent_J_808_02.wav	26090	44100	24	1	0.191
808 From Mars - Legacy/WAV/1. Individual Hits/02. Snare Drum/2. Tape/Accent/Snare_Accent_J_808_03.wav	26904	44100	24	1	0.197
808 From Mars - Legacy/WAV/1. Individual Hits/02. Snare Drum/2. Tape/Accent/Snare_Accent_J_808_04.wav	26532	44100	24	1	0.194
808 From Mars - Legacy/WAV/1. Individual Hits/02. Snare Drum/2. Tape/Accent/Snare_Accent_J_808_05.wav	25908	44100	24	1	0.189
808 From Mars - Legacy/WAV/1. Individual Hits/02. Snare Drum/2. Tape/Accent/Snare_Accent_J_808_06.wav	46070	44100	24	1	0.339
808 From Mars - Legacy/WAV/1. Individual Hits/02. Snare Drum/2. Tape/Accent/Snare_Accent_K_808_01.wav	25598	44100	24	1	0.187
808 From Mars - Legacy/WAV/1. Individual Hits/02. Snare Drum/2. Tape/Accent/Snare_Accent_K_808_02.wav	28908	44100	24	1	0.212
808 From Mars - Legacy/WAV/1. Individual Hits/02. Snare Drum/2. Tape/Accent/Snare_Accent_K_808_03.wav	26118	44100	24	1	0.191
808 From Mars - Legacy/WAV/1. Individual Hits/02. Snare Drum/2. Tape/Accent/Snare_Accent_K_808_04.wav	26192	44100	24	1	0.191
808 From Mars - Legacy/WAV/1. Individual Hits/02. Snare Drum/2. Tape/Accent/Snare_Accent_K_808_05.wav	29078	44100	24	1	0.213
808 From Mars - Legacy/WAV/1. Individual Hits/02. Snare Drum/2. Tape/Accent/Snare_Accent_K_808_06.wav	30134	44100	24	1	0.221
808 From Mars - Legacy/WAV/1. Individual Hits/02. Snare Drum/2. Tape/Accent/Snare_Accent_L_808_01.wav	28644	44100	24	1	0.21
808 From Mars - Legacy/WAV/1. Individual Hits/02. Snare Drum/2. Tape/Accent/Snare_Accent_L_808_02.wav	28886	44100	24	1	0.211
808 From Mars - Legacy/WAV/1. Individual Hits/02. Snare Drum/2. Tape/Accent/Snare_Accent_L_808_03.wav	26468	44100	24	1	0.193
808 From Mars - Legacy/WAV/1. Individual Hits/02. Snare Drum/2. Tape/Accent/Snare_Accent_L_808_04.wav	26288	44100	24	1	0.192
808 From Mars - Legacy/WAV/1. Individual Hits/02. Snare Drum/2. Tape/Accent/Snare_Accent_L_808_05.wav	25808	44100	24	1	0.189
808 From Mars - Legacy/WAV/1. Individual Hits/02. Snare Drum/2. Tape/Accent/Snare_Accent_L_808_06.wav	26396	44100	24	1	0.193
808 From Mars - Legacy/WAV/1. Individual Hits/02. Snare Drum/2. Tape/Accent/Snare_Accent_L_808_07.wav	25910	44100	24	1	0.189
808 From Mars - Legacy/WAV/1. Individual Hits/02. Snare Drum/2. Tape/No Accent/Snare_No_Accent_A_808_01.wav	34968	44100	24	1	0.257
808 From Mars - Legacy/WAV/1. Individual Hits/02. Snare Drum/2. Tape/No Accent/Snare_No_Accent_A_808_02.wav	30272	44100	24	1	0.222
808 From Mars - Legacy/WAV/1. Individual Hits/02. Snare Drum/2. Tape/No Accent/Snare_No_Accent_A_808_03.wav	26364	44100	24	1	0.193
808 From Mars - Legacy/WAV/1. Individual Hits/02. Snare Drum/2. Tape/No Accent/Snare_No_Accent_A_808_04.wav	26084	44100	24	1	0.191
808 From Mars - Legacy/WAV/1. Individual Hits/02. Snare Drum/2. Tape/No Accent/Snare_No_Accent_A_808_05.wav	21470	44100	24	1	0.156
808 From Mars - Legacy/WAV/1. Individual Hits/02. Snare Drum/2. Tape/No Accent/Snare_No_Accent_A_808_06.wav	21704	44100	24	1	0.158
808 From Mars - Legacy/WAV/1. Individual Hits/02. Snare Drum/2. Tape/No Accent/Snare_No_Accent_B_808_01.wav	35480	44100	24	1	0.261
808 From Mars - Legacy/WAV/1. Individual Hits/02. Snare Drum/2. Tape/No Accent/Snare_No_Accent_B_808_02.wav	30624	44100	24	1	0.224
808 From Mars - Legacy/WAV/1. Individual Hits/02. Snare Drum/2. Tape/No Accent/Snare_No_Accent_B_808_03.wav	31334	44100	24	1	0.23
808 From Mars - Legacy/WAV/1. Individual Hits/02. Snare Drum/2. Tape/No Accent/Snare_No_Accent_B_808_04.wav	28172	44100	24	1	0.206
808 From Mars - Legacy/WAV/1. Individual Hits/02. Snare Drum/2. Tape/No Accent/Snare_No_Accent_B_808_05.wav	26096	44100	24	1	0.191
808 From Mars - Legacy/WAV/1. Individual Hits/02. Snare Drum/2. Tape/No Accent/Snare_No_Accent_B_808_06.wav	25356	44100	24	1	0.185
808 From Mars - Legacy/WAV/1. Individual Hits/02. Snare Drum/2. Tape/No Accent/Snare_No_Accent_C_808_01.wav	40712	44100	24	1	0.3
808 From Mars - Legacy/WAV/1. Individual Hits/02. Snare Drum/2. Tape/No Accent/Snare_No_Accent_C_808_02.wav	43676	44100	24	1	0.322
808 From Mars - Legacy/WAV/1. Individual Hits/02. Snare Drum/2. Tape/No Accent/Snare_No_Accent_C_808_03.wav	32034	44100	24	1	0.235
808 From Mars - Legacy/WAV/1. Individual Hits/02. Snare Drum/2. Tape/No Accent/Snare_No_Accent_C_808_04.wav	31752	44100	24	1	0.233
808 From Mars - Legacy/WAV/1. Individual Hits/02. Snare Drum/2. Tape/No Accent/Snare_No_Accent_C_808_05.wav	30318	44100	24	1	0.222
808 From Mars - Legacy/WAV/1. Individual Hits/02. Snare Drum/2. Tape/No Accent/Snare_No_Accent_C_808_06.wav	30182	44100	24	1	0.221
808 From Mars - Legacy/WAV/1. Individual Hits/02. Snare Drum/2. Tape/No Accent/Snare_No_Accent_D_808_01.wav	37214	44100	24	1	0.273
808 From Mars - Legacy/WAV/1. Individual Hits/02. Snare Drum/2. Tape/No Accent/Snare_No_Accent_D_808_02.wav	32394	44100	24	1	0.238
808 From Mars - Legacy/WAV/1. Individual Hits/02. Snare Drum/2. Tape/No Accent/Snare_No_Accent_D_808_03.wav	29538	44100	24	1	0.216
808 From Mars - Legacy/WAV/1. Individual Hits/02. Snare Drum/2. Tape/No Accent/Snare_No_Accent_D_808_04.wav	29924	44100	24	1	0.219
808 From Mars - Legacy/WAV/1. Individual Hits/02. Snare Drum/2. Tape/No Accent/Snare_No_Accent_D_808_05.wav	30854	44100	24	1	0.226
808 From Mars - Legacy/WAV/1. Individual Hits/02. Snare Drum/2. Tape/No Accent/Snare_No_Accent_D_808_06.wav	29142	44100	24	1	0.213
808 From Mars - Legacy/WAV/1. Individual Hits/02. Snare Drum/2. Tape/No Accent/Snare_No_Accent_E_808_01.wav	32516	44100	24	1	0.238
808 From Mars - Legacy/WAV/1. Individual Hits/02. Snare Drum/2. Tape/No Accent/Snare_No_Accent_E_808_02.wav	30554	44100	24	1	0.224
808 From Mars - Legacy/WAV/1. Individual Hits/02. Snare Drum/2. Tape/No Accent/Snare_No_Accent_E_808_03.wav	29100	44100	24	1	0.213
808 From Mars - Legacy/WAV/1. Individual Hits/02. Snare Drum/2. Tape/No Accent/Snare_No_Accent_E_808_04.wav	29346	44100	24	1	0.215
808 From Mars - Legacy/WAV/1. Individual Hits/02. Snare Drum/2. Tape/No Accent/Snare_No_Accent_E_808_05.wav	30500	44100	24	1	0.223
808 From Mars - Legacy/WAV/1. Individual Hits/02. Snare Drum/2. Tape/No Accent/Snare_No_Accent_F_808_01.wav	29636	44100	24	1	0.217
808 From Mars - Legacy/WAV/1. Individual Hits/02. Snare Drum/2. Tape/No Accent/Snare_No_Accent_F_808_02.wav	29316	44100	24	1	0.215
808 From Mars - Legacy/WAV/1. Individual Hits/02. Snare Drum/2. Tape/No Accent/Snare_No_Accent_F_808_03.wav	28934	44100	24	1	0.212
808 From Mars - Legacy/WAV/1. Individual Hits/02. Snare Drum/2. Tape/No Accent/Snare_No_Accent_F_808_04.wav	28286	44100	24	1	0.207
808 From Mars - Legacy/WAV/1. Individual Hits/02. Snare Drum/2. Tape/No Accent/Snare_No_Accent_F_808_05.wav	28668	44100	24	1	0.21
808 From Mars - Legacy/WAV/1. Individual Hits/02. Snare Drum/2. Tape/No Accent/Snare_No_Accent_F_808_06.wav	28410	44100	24	1	0.208
808 From Mars - Legacy/WAV/1. Individual Hits/02. Snare Drum/2. Tape/No Accent/Snare_No_Accent_G_808_01.wav	29292	44100	24	1	0.215
808 From Mars - Legacy/WAV/1. Individual Hits/02. Snare Drum/2. Tape/No Accent/Snare_No_Accent_G_808_02.wav	29550	44100	24	1	0.216
808 From Mars - Legacy/WAV/1. Individual Hits/02. Snare Drum/2. Tape/No Accent/Snare_No_Accent_G_808_03.wav	28628	44100	24	1	0.21
808 From Mars - Legacy/WAV/1. Individual Hits/02. Snare Drum/2. Tape/No Accent/Snare_No_Accent_G_808_04.wav	28698	44100	24	1	0.21
808 From Mars - Legacy/WAV/1. Individual Hits/02. Snare Drum/2. Tape/No Accent/Snare_No_Accent_G_808_05.wav	28358	44100	24	1	0.208
808 From Mars - Legacy/WAV/1. Individual Hits/02. Snare Drum/2. Tape/No Accent/Snare_No_Accent_G_808_06.wav	28766	44100	24	1	0.211
808 From Mars - Legacy/WAV/1. Individual Hits/02. Snare Drum/2. Tape/No Accent/Snare_No_Accent_H_808_01.wav	28940	44100	24	1	0.212
808 From Mars - Legacy/WAV/1. Individual Hits/02. Snare Drum/2. Tape/No Accent/Snare_No_Accent_H_808_02.wav	29118	44100	24	1	0.213
808 From Mars - Legacy/WAV/1. Individual Hits/02. Snare Drum/2. Tape/No Accent/Snare_No_Accent_H_808_03.wav	28494	44100	24	1	0.209
808 From Mars - Legacy/WAV/1. Individual Hits/02. Snare Drum/2. Tape/No Accent/Snare_No_Accent_H_808_04.wav	28484	44100	24	1	0.209
808 From Mars - Legacy/WAV/1. Individual Hits/02. Snare Drum/2. Tape/No Accent/Snare_No_Accent_H_808_05.wav	28422	44100	24	1	0.208
808 From Mars - Legacy/WAV/1. Individual Hits/02. Snare Drum/2. Tape/No Accent/Snare_No_Accent_H_808_06.wav	28452	44100	24	1	0.208
808 From Mars - Legacy/WAV/1. Individual Hits/02. Snare Drum/2. Tape/No Accent/Snare_No_Accent_I_808_01.wav	29228	44100	24	1	0.214
808 From Mars - Legacy/WAV/1. Individual Hits/02. Snare Drum/2. Tape/No Accent/Snare_No_Accent_I_808_02.wav	28352	44100	24	1	0.208
808 From Mars - Legacy/WAV/1. Individual Hits/02. Snare Drum/2. Tape/No Accent/Snare_No_Accent_I_808_03.wav	28502	44100	24	1	0.209
808 From Mars - Legacy/WAV/1. Individual Hits/02. Snare Drum/2. Tape/No Accent/Snare_No_Accent_I_808_04.wav	28520	44100	24	1	0.209
808 From Mars - Legacy/WAV/1. Individual Hits/02. Snare Drum/2. Tape/No Accent/Snare_No_Accent_I_808_05.wav	27746	44100	24	1	0.203
808 From Mars - Legacy/WAV/1. Individual Hits/02. Snare Drum/2. Tape/No Accent/Snare_No_Accent_I_808_06.wav	27894	44100	24	1	0.204
808 From Mars - Legacy/WAV/1. Individual Hits/02. Snare Drum/2. Tape/No Accent/Snare_No_Accent_J_808_01.wav	29150	44100	24	1	0.213
808 From Mars - Legacy/WAV/1. Individual Hits/02. Snare Drum/2. Tape/No Accent/Snare_No_Accent_J_808_02.wav	28898	44100	24	1	0.212
808 From Mars - Legacy/WAV/1. Individual Hits/02. Snare Drum/2. Tape/No Accent/Snare_No_Accent_J_808_03.wav	29288	44100	24	1	0.215
808 From Mars - Legacy/WAV/1. Individual Hits/02. Snare Drum/2. Tape/No Accent/Snare_No_Accent_J_808_04.wav	28326	44100	24	1	0.207
808 From Mars - Legacy/WAV/1. Individual Hits/02. Snare Drum/2. Tape/No Accent/Snare_No_Accent_J_808_05.wav	29118	44100	24	1	0.213
808 From Mars - Legacy/WAV/1. Individual Hits/02. Snare Drum/2. Tape/No Accent/Snare_No_Accent_J_808_06.wav	28572	44100	24	1	0.209
808 From Mars - Legacy/WAV/1. Individual Hits/02. Snare Drum/3. Saturated/A/Snare_Sat_A_808_01.wav	30974	44100	24	1	0.227
808 From Mars - Legacy/WAV/1. Individual Hits/02. Snare Drum/3. Saturated/A/Snare_Sat_A_808_02.wav	25526	44100	24	1	0.186
808 From Mars - Legacy/WAV/1. Individual Hits/02. Snare Drum/3. Saturated/A/Snare_Sat_A_808_03.wav	14814	44100	24	1	0.107
808 From Mars - Legacy/WAV/1. Individual Hits/02. Snare Drum/3. Saturated/A/Snare_Sat_A_808_04.wav	20534	44100	24	1	0.149
808 From Mars - Legacy/WAV/1. Individual Hits/02. Snare Drum/3. Saturated/A/Snare_Sat_A_808_05.wav	30860	44100	24	1	0.226
808 From Mars - Legacy/WAV/1. Individual Hits/02. Snare Drum/3. Saturated/A/Snare_Sat_A_808_06.wav	38120	44100	24	1	0.28
808 From Mars - Legacy/WAV/1. Individual Hits/02. Snare Drum/3. Saturated/A/Snare_Sat_A_808_07.wav	35792	44100	24	1	0.263
808 From Mars - Legacy/WAV/1. Individual Hits/02. Snare Drum/3. Saturated/A/Snare_Sat_A_808_08.wav	30990	44100	24	1	0.227
808 From Mars - Legacy/WAV/1. Individual Hits/02. Snare Drum/3. Saturated/A/Snare_Sat_A_808_09.wav	39192	44100	24	1	0.288
808 From Mars - Legacy/WAV/1. Individual Hits/02. Snare Drum/3. Saturated/A/Snare_Sat_A_808_10.wav	52116	44100	24	1	0.384
808 From Mars - Legacy/WAV/1. Individual Hits/02. Snare Drum/3. Saturated/A/Snare_Sat_A_808_11.wav	25626	44100	24	1	0.187
808 From Mars - Legacy/WAV/1. Individual Hits/02. Snare Drum/3. Saturated/A/Snare_Sat_A_808_12.wav	31962	44100	24	1	0.234
808 From Mars - Legacy/WAV/1. Individual Hits/02. Snare Drum/3. Saturated/A/Snare_Sat_A_808_13.wav	30374	44100	24	1	0.223
808 From Mars - Legacy/WAV/1. Individual Hits/02. Snare Drum/3. Saturated/A/Snare_Sat_A_808_14.wav	27914	44100	24	1	0.204
808 From Mars - Legacy/WAV/1. Individual Hits/02. Snare Drum/3. Saturated/A/Snare_Sat_A_808_15.wav	24360	44100	24	1	0.178
808 From Mars - Legacy/WAV/1. Individual Hits/02. Snare Drum/3. Saturated/A/Snare_Sat_A_808_16.wav	26412	44100	24	1	0.193
808 From Mars - Legacy/WAV/1. Individual Hits/02. Snare Drum/3. Saturated/A/Snare_Sat_A_808_17.wav	38672	44100	24	1	0.284
808 From Mars - Legacy/WAV/1. Individual Hits/02. Snare Drum/3. Saturated/A/Snare_Sat_A_808_18.wav	32658	44100	24	1	0.24
808 From Mars - Legacy/WAV/1. Individual Hits/02. Snare Drum/3. Saturated/A/Snare_Sat_A_808_19.wav	46184	44100	24	1	0.34
808 From Mars - Legacy/WAV/1. Individual Hits/02. Snare Drum/3. Saturated/A/Snare_Sat_A_808_20.wav	32420	44100	24	1	0.238
808 From Mars - Legacy/WAV/1. Individual Hits/02. Snare Drum/3. Saturated/B/Snare_Sat_B_808_01.wav	58752	44100	24	1	0.434
808 From Mars - Legacy/WAV/1. Individual Hits/02. Snare Drum/3. Saturated/B/Snare_Sat_B_808_02.wav	75744	44100	24	1	0.56
808 From Mars - Legacy/WAV/1. Individual Hits/02. Snare Drum/3. Saturated/B/Snare_Sat_B_808_03.wav	56078	44100	24	1	0.414
808 From Mars - Legacy/WAV/1. Individual Hits/02. Snare Drum/3. Saturated/B/Snare_Sat_B_808_04.wav	58524	44100	24	1	0.432
808 From Mars - Legacy/WAV/1. Individual Hits/02. Snare Drum/3. Saturated/B/Snare_Sat_B_808_05.wav	58166	44100	24	1	0.429
808 From Mars - Legacy/WAV/1. Individual Hits/02. Snare Drum/3. Saturated/B/Snare_Sat_B_808_06.wav	56202	44100	24	1	0.415
808 From Mars - Legacy/WAV/1. Individual Hits/02. Snare Drum/3. Saturated/B/Snare_Sat_B_808_07.wav	56196	44100	24	1	0.415
808 From Mars - Legacy/WAV/1. Individual Hits/02. Snare Drum/3. Saturated/B/Snare_Sat_B_808_08.wav	55692	44100	24	1	0.411
808 From Mars - Legacy/WAV/1. Individual Hits/02. Snare Drum/3. Saturated/B/Snare_Sat_B_808_09.wav	57206	44100	24	1	0.422
808 From Mars - Legacy/WAV/1. Individual Hits/02. Snare Drum/3. Saturated/B/Snare_Sat_B_808_10.wav	57600	44100	24	1	0.425
808 From Mars - Legacy/WAV/1. Individual Hits/02. Snare Drum/3. Saturated/B/Snare_Sat_B_808_11.wav	58052	44100	24	1	0.429
808 From Mars - Legacy/WAV/1. Individual Hits/02. Snare Drum/3. Saturated/B/Snare_Sat_B_808_12.wav	56534	44100	24	1	0.417
808 From Mars - Legacy/WAV/1. Individual Hits/02. Snare Drum/3. Saturated/B/Snare_Sat_B_808_13.wav	56796	44100	24	1	0.419
808 From Mars - Legacy/WAV/1. Individual Hits/02. Snare Drum/3. Saturated/B/Snare_Sat_B_808_14.wav	57330	44100	24	1	0.423
808 From Mars - Legacy/WAV/1. Individual Hits/02. Snare Drum/3. Saturated/B/Snare_Sat_B_808_15.wav	57140	44100	24	1	0.422
808 From Mars - Legacy/WAV/1. Individual Hits/02. Snare Drum/3. Saturated/B/Snare_Sat_B_808_16.wav	63636	44100	24	1	0.47
808 From Mars - Legacy/WAV/1. Individual Hits/02. Snare Drum/3. Saturated/B/Snare_Sat_B_808_17.wav	58998	44100	24	1	0.436
808 From Mars - Legacy/WAV/1. Individual Hits/02. Snare Drum/3. Saturated/B/Snare_Sat_B_808_18.wav	59840	44100	24	1	0.442
808 From Mars - Legacy/WAV/1. Individual Hits/02. Snare Drum/3. Saturated/B/Snare_Sat_B_808_19.wav	57536	44100	24	1	0.425
808 From Mars - Legacy/WAV/1. Individual Hits/02. Snare Drum/3. Saturated/B/Snare_Sat_B_808_20.wav	54860	44100	24	1	0.405
808 From Mars - Legacy/WAV/1. Individual Hits/02. Snare Drum/3. Saturated/B/Snare_Sat_B_808_21.wav	61880	44100	24	1	0.457
808 From Mars - Legacy/WAV/1. Individual Hits/02. Snare Drum/3. Saturated/B/Snare_Sat_B_808_22.wav	55608	44100	24	1	0.41
808 From Mars - Legacy/WAV/1. Individual Hits/02. Snare Drum/3. Saturated/B/Snare_Sat_B_808_23.wav	61878	44100	24	1	0.457
808 From Mars - Legacy/WAV/1. Individual Hits/02. Snare Drum/3. Saturated/B/Snare_Sat_B_808_24.wav	62040	44100	24	1	0.458
808 From Mars - Legacy/WAV/1. Individual Hits/02. Snare Drum/3. Saturated/B/Snare_Sat_B_808_25.wav	55688	44100	24	1	0.411
808 From Mars - Legacy/WAV/1. Individual Hits/02. Snare Drum/3. Saturated/B/Snare_Sat_B_808_26.wav	55358	44100	24	1	0.408
808 From Mars - Legacy/WAV/1. Individual Hits/02. Snare Drum/3. Saturated/B/Snare_Sat_B_808_27.wav	55704	44100	24	1	0.411
808 From Mars - Legacy/WAV/1. Individual Hits/02. Snare Drum/3. Saturated/B/Snare_Sat_B_808_28.wav	57602	44100	24	1	0.425
808 From Mars - Legacy/WAV/1. Individual Hits/02. Snare Drum/3. Saturated/B/Snare_Sat_B_808_29.wav	57924	44100	24	1	0.428
808 From Mars - Legacy/WAV/1. Individual Hits/02. Snare Drum/3. Saturated/B/Snare_Sat_B_808_30.wav	57690	44100	24	1	0.426
808 From Mars - Legacy/WAV/1. Individual Hits/02. Snare Drum/3. Saturated/B/Snare_Sat_B_808_31.wav	57468	44100	24	1	0.424
808 From Mars - Legacy/WAV/1. Individual Hits/02. Snare Drum/3. Saturated/B/Snare_Sat_B_808_32.wav	55284	44100	24	1	0.408
808 From Mars - Legacy/WAV/1. Individual Hits/02. Snare Drum/3. Saturated/B/Snare_Sat_B_808_33.wav	56786	44100	24	1	0.419
808 From Mars - Legacy/WAV/1. Individual Hits/02. Snare Drum/3. Saturated/B/Snare_Sat_B_808_34.wav	57636	44100	24	1	0.425
808 From Mars - Legacy/WAV/1. Individual Hits/02. Snare Drum/3. Saturated/B/Snare_Sat_B_808_35.wav	55322	44100	24	1	0.408
808 From Mars - Legacy/WAV/1. Individual Hits/02. Snare Drum/3. Saturated/B/Snare_Sat_B_808_36.wav	59456	44100	24	1	0.439
808 From Mars - Legacy/WAV/1. Individual Hits/02. Snare Drum/3. Saturated/B/Snare_Sat_B_808_37.wav	59466	44100	24	1	0.439
808 From Mars - Legacy/WAV/1. Individual Hits/02. Snare Drum/3. Saturated/B/Snare_Sat_B_808_38.wav	55842	44100	24	1	0.412
808 From Mars - Legacy/WAV/1. Individual Hits/02. Snare Drum/3. Saturated/B/Snare_Sat_B_808_39.wav	59562	44100	24	1	0.44
808 From Mars - Legacy/WAV/1. Individual Hits/02. Snare Drum/3. Saturated/B/Snare_Sat_B_808_40.wav	36434	44100	24	1	0.268
808 From Mars - Legacy/WAV/1. Individual Hits/02. Snare Drum/4. Re-Pitched/Harmonic/Snare_RP_A_808_01.wav	60176	44100	24	1	0.444
808 From Mars - Legacy/WAV/1. Individual Hits/02. Snare Drum/4. Re-Pitched/Harmonic/Snare_RP_A_808_02.wav	63138	44100	24	1	0.466
808 From Mars - Legacy/WAV/1. Individual Hits/02. Snare Drum/4. Re-Pitched/Harmonic/Snare_RP_A_808_03.wav	60294	44100	24	1	0.445
808 From Mars - Legacy/WAV/1. Individual Hits/02. Snare Drum/4. Re-Pitched/Harmonic/Snare_RP_A_808_04.wav	56838	44100	24	1	0.419
808 From Mars - Legacy/WAV/1. Individual Hits/02. Snare Drum/4. Re-Pitched/Harmonic/Snare_RP_A_808_05.wav	36686	44100	24	1	0.27
808 From Mars - Legacy/WAV/1. Individual Hits/02. Snare Drum/4. Re-Pitched/Harmonic/Snare_RP_A_808_06.wav	37292	44100	24	1	0.274
808 From Mars - Legacy/WAV/1. Individual Hits/02. Snare Drum/4. Re-Pitched/Harmonic/Snare_RP_A_808_07.wav	30062	44100	24	1	0.22
808 From Mars - Legacy/WAV/1. Individual Hits/02. Snare Drum/4. Re-Pitched/Harmonic/Snare_RP_A_808_08.wav	37328	44100	24	1	0.274
808 From Mars - Legacy/WAV/1. Individual Hits/02. Snare Drum/4. Re-Pitched/Harmonic/Snare_RP_A_808_09.wav	37296	44100	24	1	0.274
808 From Mars - Legacy/WAV/1. Individual Hits/02. Snare Drum/4. Re-Pitched/Harmonic/Snare_RP_A_808_10.wav	38232	44100	24	1	0.281
808 From Mars - Legacy/WAV/1. Individual Hits/02. Snare Drum/4. Re-Pitched/Harmonic/Snare_RP_A_808_11.wav	42968	44100	24	1	0.316
808 From Mars - Legacy/WAV/1. Individual Hits/02. Snare Drum/4. Re-Pitched/Harmonic/Snare_RP_A_808_12.wav	36062	44100	24	1	0.265
808 From Mars - Legacy/WAV/1. Individual Hits/02. Snare Drum/4. Re-Pitched/Harmonic/Snare_RP_A_808_13.wav	40886	44100	24	1	0.301
808 From Mars - Legacy/WAV/1. Individual Hits/02. Snare Drum/4. Re-Pitched/Harmonic/Snare_RP_A_808_14.wav	34190	44100	24	1	0.251
808 From Mars - Legacy/WAV/1. Individual Hits/02. Snare Drum/4. Re-Pitched/Harmonic/Snare_RP_A_808_15.wav	16852	44100	24	1	0.122
808 From Mars - Legacy/WAV/1. Individual Hits/02. Snare Drum/4. Re-Pitched/Harmonic/Snare_RP_A_808_16.wav	16864	44100	24	1	0.122
808 From Mars - Legacy/WAV/1. Individual Hits/02. Snare Drum/4. Re-Pitched/Harmonic/Snare_RP_A_808_17.wav	15534	44100	24	1	0.112
808 From Mars - Legacy/WAV/1. Individual Hits/02. Snare Drum/4. Re-Pitched/Harmonic/Snare_RP_A_808_18.wav	14122	44100	24	1	0.102
808 From Mars - Legacy/WAV/1. Individual Hits/02. Snare Drum/4. Re-Pitched/Harmonic/Snare_RP_A_808_19.wav	16854	44100	24	1	0.122
808 From Mars - Legacy/WAV/1. Individual Hits/02. Snare Drum/4. Re-Pitched/Harmonic/Snare_RP_A_808_20.wav	17424	44100	24	1	0.126
808 From Mars - Legacy/WAV/1. Individual Hits/02. Snare Drum/4. Re-Pitched/Harmonic/Snare_RP_A_808_21.wav	15370	44100	24	1	0.111
808 From Mars - Legacy/WAV/1. Individual Hits/02. Snare Drum/4. Re-Pitched/Harmonic/Snare_RP_A_808_22.wav	20466	44100	24	1	0.149
808 From Mars - Legacy/WAV/1. Individual Hits/02. Snare Drum/4. Re-Pitched/Harmonic/Snare_RP_A_808_23.wav	25140	44100	24	1	0.184
808 From Mars - Legacy/WAV/1. Individual Hits/02. Snare Drum/4. Re-Pitched/Harmonic/Snare_RP_A_808_24.wav	21198	44100	24	1	0.154
808 From Mars - Legacy/WAV/1. Individual Hits/02. Snare Drum/4. Re-Pitched/Harmonic/Snare_RP_A_808_25.wav	23628	44100	24	1	0.172
808 From Mars - Legacy/WAV/1. Individual Hits/02. Snare Drum/4. Re-Pitched/Harmonic/Snare_RP_A_808_26.wav	14580	44100	24	1	0.105
808 From Mars - Legacy/WAV/1. Individual Hits/02. Snare Drum/4. Re-Pitched/Harmonic/Snare_RP_A_808_27.wav	19074	44100	24	1	0.139
808 From Mars - Legacy/WAV/1. Individual Hits/02. Snare Drum/4. Re-Pitched/Harmonic/Snare_RP_A_808_28.wav	14058	44100	24	1	0.101
808 From Mars - Legacy/WAV/1. Individual Hits/02. Snare Drum/4. Re-Pitched/Harmonic/Snare_RP_A_808_29.wav	12624	44100	24	1	0.091
808 From Mars - Legacy/WAV/1. Individual Hits/02. Snare Drum/4. Re-Pitched/Harmonic/Snare_RP_A_808_30.wav	12316	44100	24	1	0.088
808 From Mars - Legacy/WAV/1. Individual Hits/02. Snare Drum/4. Re-Pitched/Harmonic/Snare_RP_A_808_31.wav	11680	44100	24	1	0.083
808 From Mars - Legacy/WAV/1. Individual Hits/02. Snare Drum/4. Re-Pitched/Harmonic/Snare_RP_A_808_32.wav	10168	44100	24	1	0.072
808 From Mars - Legacy/WAV/1. Individual Hits/02. Snare Drum/4. Re-Pitched/Harmonic/Snare_RP_A_808_33.wav	9792	44100	24	1	0.069
808 From Mars - Legacy/WAV/1. Individual Hits/02. Snare Drum/4. Re-Pitched/Harmonic/Snare_RP_A_808_34.wav	13896	44100	24	1	0.1
808 From Mars - Legacy/WAV/1. Individual Hits/02. Snare Drum/4. Re-Pitched/Harmonic/Snare_RP_A_808_35.wav	11904	44100	24	1	0.085
808 From Mars - Legacy/WAV/1. Individual Hits/02. Snare Drum/4. Re-Pitched/Harmonic/Snare_RP_A_808_36.wav	9810	44100	24	1	0.07
808 From Mars - Legacy/WAV/1. Individual Hits/02. Snare Drum/4. Re-Pitched/Harmonic/Snare_RP_A_808_37.wav	13462	44100	24	1	0.097
808 From Mars - Legacy/WAV/1. Individual Hits/02. Snare Drum/4. Re-Pitched/Harmonic/Snare_RP_A_808_38.wav	12234	44100	24	1	0.088
808 From Mars - Legacy/WAV/1. Individual Hits/02. Snare Drum/4. Re-Pitched/Harmonic/Snare_RP_A_808_39.wav	10686	44100	24	1	0.076
808 From Mars - Legacy/WAV/1. Individual Hits/02. Snare Drum/4. Re-Pitched/Harmonic/Snare_RP_A_808_40.wav	10830	44100	24	1	0.077
808 From Mars - Legacy/WAV/1. Individual Hits/02. Snare Drum/4. Re-Pitched/Various/Snare_RP_B_808_01.wav	25512	44100	24	1	0.181
808 From Mars - Legacy/WAV/1. Individual Hits/02. Snare Drum/4. Re-Pitched/Various/Snare_RP_B_808_02.wav	23748	44100	24	1	0.169
808 From Mars - Legacy/WAV/1. Individual Hits/02. Snare Drum/4. Re-Pitched/Various/Snare_RP_B_808_03.wav	45040	44100	24	1	0.326
808 From Mars - Legacy/WAV/1. Individual Hits/02. Snare Drum/4. Re-Pitched/Various/Snare_RP_B_808_04.wav	36798	44100	24	1	0.266
808 From Mars - Legacy/WAV/1. Individual Hits/02. Snare Drum/4. Re-Pitched/Various/Snare_RP_B_808_05.wav	29592	44100	24	1	0.211
808 From Mars - Legacy/WAV/1. Individual Hits/02. Snare Drum/4. Re-Pitched/Various/Snare_RP_B_808_06.wav	41574	44100	24	1	0.301
808 From Mars - Legacy/WAV/1. Individual Hits/02. Snare Drum/4. Re-Pitched/Various/Snare_RP_B_808_07.wav	37444	44100	24	1	0.27
808 From Mars - Legacy/WAV/1. Individual Hits/02. Snare Drum/4. Re-Pitched/Various/Snare_RP_B_808_08.wav	30580	44100	24	1	0.219
808 From Mars - Legacy/WAV/1. Individual Hits/02. Snare Drum/4. Re-Pitched/Various/Snare_RP_B_808_09.wav	23136	44100	24	1	0.164
808 From Mars - Legacy/WAV/1. Individual Hits/02. Snare Drum/4. Re-Pitched/Various/Snare_RP_B_808_10.wav	25656	44100	24	1	0.182
808 From Mars - Legacy/WAV/1. Individual Hits/02. Snare Drum/4. Re-Pitched/Various/Snare_RP_B_808_11.wav	25348	44100	24	1	0.18
808 From Mars - Legacy/WAV/1. Individual Hits/02. Snare Drum/4. Re-Pitched/Various/Snare_RP_B_808_12.wav	33624	44100	24	1	0.241
808 From Mars - Legacy/WAV/1. Individual Hits/02. Snare Drum/4. Re-Pitched/Various/Snare_RP_B_808_13.wav	19594	44100	24	1	0.137
808 From Mars - Legacy/WAV/1. Individual Hits/02. Snare Drum/4. Re-Pitched/Various/Snare_RP_B_808_14.wav	25920	44100	24	1	0.184
808 From Mars - Legacy/WAV/1. Individual Hits/02. Snare Drum/4. Re-Pitched/Various/Snare_RP_B_808_15.wav	34108	44100	24	1	0.245
808 From Mars - Legacy/WAV/1. Individual Hits/02. Snare Drum/4. Re-Pitched/Various/Snare_RP_B_808_16.wav	20746	44100	24	1	0.146
808 From Mars - Legacy/WAV/1. Individual Hits/02. Snare Drum/4. Re-Pitched/Various/Snare_RP_B_808_17.wav	24222	44100	24	1	0.172
808 From Mars - Legacy/WAV/1. Individual Hits/02. Snare Drum/4. Re-Pitched/Various/Snare_RP_B_808_18.wav	18802	44100	24	1	0.132
808 From Mars - Legacy/WAV/1. Individual Hits/02. Snare Drum/4. Re-Pitched/Various/Snare_RP_B_808_19.wav	27300	44100	24	1	0.194
808 From Mars - Legacy/WAV/1. Individual Hits/03. CH/1. Clean/CH_Clean_808_01.wav	28254	44100	24	1	0.207
808 From Mars - Legacy/WAV/1. Individual Hits/03. CH/1. Clean/CH_Clean_808_02.wav	25064	44100	24	1	0.183
808 From Mars - Legacy/WAV/1. Individual Hits/03. CH/1. Clean/CH_Clean_808_03.wav	30518	44100	24	1	0.224
808 From Mars - Legacy/WAV/1. Individual Hits/03. CH/2. Tape/CH_A_808_01.wav	12978	44100	24	1	0.093
808 From Mars - Legacy/WAV/1. Individual Hits/03. CH/2. Tape/CH_A_808_02.wav	16590	44100	24	1	0.12
808 From Mars - Legacy/WAV/1. Individual Hits/03. CH/2. Tape/CH_B_808_01.wav	28520	44100	24	1	0.209
808 From Mars - Legacy/WAV/1. Individual Hits/03. CH/2. Tape/CH_B_808_03.wav	30924	44100	24	1	0.227
808 From Mars - Legacy/WAV/1. Individual Hits/03. CH/2. Tape/CH_B_808_05.wav	48116	44100	24	1	0.355
808 From Mars - Legacy/WAV/1. Individual Hits/03. CH/2. Tape/CH_B_808_06.wav	33920	44100	24	1	0.249
808 From Mars - Legacy/WAV/1. Individual Hits/03. CH/2. Tape/CH_B_808_07.wav	28638	44100	24	1	0.21
808 From Mars - Legacy/WAV/1. Individual Hits/03. CH/2. Tape/CH_D_808_01.wav	23826	44100	24	1	0.174
808 From Mars - Legacy/WAV/1. Individual Hits/03. CH/2. Tape/CH_D_808_02.wav	26226	44100	24	1	0.192
808 From Mars - Legacy/WAV/1. Individual Hits/03. CH/2. Tape/CH_D_808_03.wav	41118	44100	24	1	0.302
808 From Mars - Legacy/WAV/1. Individual Hits/03. CH/3. Re-Pitched/CH_RP_A_01.wav	44996	44100	24	1	0.331
808 From Mars - Legacy/WAV/1. Individual Hits/03. CH/3. Re-Pitched/CH_RP_A_02.wav	32846	44100	24	1	0.236
808 From Mars - Legacy/WAV/1. Individual Hits/03. CH/3. Re-Pitched/CH_RP_A_03.wav	30648	44100	24	1	0.225
808 From Mars - Legacy/WAV/1. Individual Hits/03. CH/3. Re-Pitched/CH_RP_A_04.wav	28602	44100	24	1	0.209
808 From Mars - Legacy/WAV/1. Individual Hits/03. CH/3. Re-Pitched/CH_RP_A_05.wav	45806	44100	24	1	0.332
808 From Mars - Legacy/WAV/1. Individual Hits/03. CH/3. Re-Pitched/CH_RP_A_06.wav	31406	44100	24	1	0.225
808 From Mars - Legacy/WAV/1. Individual Hits/03. CH/3. Re-Pitched/CH_RP_A_07.wav	26266	44100	24	1	0.187
808 From Mars - Legacy/WAV/1. Individual Hits/03. CH/3. Re-Pitched/CH_RP_A_08.wav	35010	44100	24	1	0.252
808 From Mars - Legacy/WAV/1. Individual Hits/03. CH/3. Re-Pitched/CH_RP_A_09.wav	17968	44100	24	1	0.125
808 From Mars - Legacy/WAV/1. Individual Hits/03. CH/3. Re-Pitched/CH_RP_A_10.wav	10954	44100	24	1	0.078
808 From Mars - Legacy/WAV/1. Individual Hits/03. CH/3. Re-Pitched/CH_RP_A_11.wav	12558	44100	24	1	0.09
808 From Mars - Legacy/WAV/1. Individual Hits/03. CH/3. Re-Pitched/CH_RP_A_12.wav	12496	44100	24	1	0.09
808 From Mars - Legacy/WAV/1. Individual Hits/03. CH/3. Re-Pitched/CH_RP_A_13.wav	8320	44100	24	1	0.058
808 From Mars - Legacy/WAV/1. Individual Hits/03. CH/3. Re-Pitched/CH_RP_A_14.wav	8536	44100	24	1	0.06
808 From Mars - Legacy/WAV/1. Individual Hits/03. CH/3. Re-Pitched/CH_RP_A_15.wav	11748	44100	24	1	0.084
808 From Mars - Legacy/WAV/1. Individual Hits/03. CH/3. Re-Pitched/CH_RP_A_16.wav	10728	44100	24	1	0.076
808 From Mars - Legacy/WAV/1. Individual Hits/03. CH/3. Re-Pitched/CH_RP_B_01.wav	97304	44100	24	1	0.712
808 From Mars - Legacy/WAV/1. Individual Hits/03. CH/3. Re-Pitched/CH_RP_B_02.wav	75002	44100	24	1	0.546
808 From Mars - Legacy/WAV/1. Individual Hits/03. CH/3. Re-Pitched/CH_RP_B_03.wav	88316	44100	24	1	0.645
808 From Mars - Legacy/WAV/1. Individual Hits/03. CH/3. Re-Pitched/CH_RP_B_04.wav	59880	44100	24	1	0.434
808 From Mars - Legacy/WAV/1. Individual Hits/03. CH/3. Re-Pitched/CH_RP_B_05.wav	36132	44100	24	1	0.257
808 From Mars - Legacy/WAV/1. Individual Hits/03. CH/3. Re-Pitched/CH_RP_B_06.wav	33248	44100	24	1	0.236
808 From Mars - Legacy/WAV/1. Individual Hits/03. CH/3. Re-Pitched/CH_RP_B_07.wav	44768	44100	24	1	0.321
808 From Mars - Legacy/WAV/1. Individual Hits/03. CH/3. Re-Pitched/CH_RP_B_08.wav	46208	44100	24	1	0.332
808 From Mars - Legacy/WAV/1. Individual Hits/03. CH/3. Re-Pitched/CH_RP_B_09.wav	31808	44100	24	1	0.225
808 From Mars - Legacy/WAV/1. Individual Hits/03. CH/3. Re-Pitched/CH_RP_B_10.wav	47652	44100	24	1	0.343
808 From Mars - Legacy/WAV/1. Individual Hits/03. CH/3. Re-Pitched/CH_RP_B_11.wav	27498	44100	24	1	0.193
808 From Mars - Legacy/WAV/1. Individual Hits/03. CH/3. Re-Pitched/CH_RP_B_12.wav	35412	44100	24	1	0.252
808 From Mars - Legacy/WAV/1. Individual Hits/03. CH/3. Re-Pitched/CH_RP_B_13.wav	51242	44100	24	1	0.37
808 From Mars - Legacy/WAV/1. Individual Hits/03. CH/3. Re-Pitched/CH_RP_B_14.wav	36132	44100	24	1	0.257
808 From Mars - Legacy/WAV/1. Individual Hits/03. CH/3. Re-Pitched/CH_RP_B_15.wav	50522	44100	24	1	0.364
808 From Mars - Legacy/WAV/1. Individual Hits/03. CH/3. Re-Pitched/CH_RP_B_16.wav	20040	44100	24	1	0.137
808 From Mars - Legacy/WAV/1. Individual Hits/03. CH/3. Re-Pitched/CH_RP_B_17.wav	19810	44100	24	1	0.136
808 From Mars - Legacy/WAV/1. Individual Hits/03. CH/3. Re-Pitched/CH_RP_B_18.wav	18292	44100	24	1	0.124
808 From Mars - Legacy/WAV/1. Individual Hits/03. CH/3. Re-Pitched/CH_RP_B_19.wav	31808	44100	24	1	0.225
808 From Mars - Legacy/WAV/1. Individual Hits/04. OH/1. Clean/OH_Clean_A_808_01.wav	16954	44100	24	1	0.123
808 From Mars - Legacy/WAV/1. Individual Hits/04. OH/1. Clean/OH_Clean_A_808_02.wav	30654	44100	24	1	0.225
808 From Mars - Legacy/WAV/1. Individual Hits/04. OH/1. Clean/OH_Clean_A_808_03.wav	49758	44100	24	1	0.367
808 From Mars - Legacy/WAV/1. Individual Hits/04. OH/1. Clean/OH_Clean_A_808_04.wav	67286	44100	24	1	0.497
808 From Mars - Legacy/WAV/1. Individual Hits/04. OH/1. Clean/OH_Clean_A_808_05.wav	85022	44100	24	1	0.629
808 From Mars - Legacy/WAV/1. Individual Hits/04. OH/1. Clean/OH_Clean_A_808_06.wav	98154	44100	24	1	0.727
808 From Mars - Legacy/WAV/1. Individual Hits/04. OH/1. Clean/OH_Clean_B_808_01.wav	18900	44100	24	1	0.137
808 From Mars - Legacy/WAV/1. Individual Hits/04. OH/1. Clean/OH_Clean_B_808_02.wav	31812	44100	24	1	0.233
808 From Mars - Legacy/WAV/1. Individual Hits/04. OH/1. Clean/OH_Clean_B_808_03.wav	52308	44100	24	1	0.386
808 From Mars - Legacy/WAV/1. Individual Hits/04. OH/1. Clean/OH_Clean_B_808_04.wav	71870	44100	24	1	0.531
808 From Mars - Legacy/WAV/1. Individual Hits/04. OH/1. Clean/OH_Clean_B_808_05.wav	89618	44100	24	1	0.663
808 From Mars - Legacy/WAV/1. Individual Hits/04. OH/1. Clean/OH_Clean_B_808_06.wav	104072	44100	24	1	0.771
808 From Mars - Legacy/WAV/1. Individual Hits/04. OH/2. Tape/OH_A_808_01.wav	15756	44100	24	1	0.114
808 From Mars - Legacy/WAV/1. Individual Hits/04. OH/2. Tape/OH_A_808_02.wav	29390	44100	24	1	0.215
808 From Mars - Legacy/WAV/1. Individual Hits/04. OH/2. Tape/OH_A_808_03.wav	48798	44100	24	1	0.36
808 From Mars - Legacy/WAV/1. Individual Hits/04. OH/2. Tape/OH_A_808_04.wav	65030	44100	24	1	0.48
808 From Mars - Legacy/WAV/1. Individual Hits/04. OH/2. Tape/OH_A_808_05.wav	81726	44100	24	1	0.605
808 From Mars - Legacy/WAV/1. Individual Hits/04. OH/2. Tape/OH_A_808_06.wav	94274	44100	24	1	0.698
808 From Mars - Legacy/WAV/1. Individual Hits/04. OH/2. Tape/OH_B_808_01.wav	17208	44100	24	1	0.125
808 From Mars - Legacy/WAV/1. Individual Hits/04. OH/2. Tape/OH_B_808_02.wav	32294	44100	24	1	0.237
808 From Mars - Legacy/WAV/1. Individual Hits/04. OH/2. Tape/OH_B_808_03.wav	52148	44100	24	1	0.385
808 From Mars - Legacy/WAV/1. Individual Hits/04. OH/2. Tape/OH_B_808_04.wav	70776	44100	24	1	0.523
808 From Mars - Legacy/WAV/1. Individual Hits/04. OH/2. Tape/OH_B_808_05.wav	89358	44100	24	1	0.662
808 From Mars - Legacy/WAV/1. Individual Hits/04. OH/2. Tape/OH_B_808_06.wav	102576	44100	24	1	0.76
808 From Mars - Legacy/WAV/1. Individual Hits/04. OH/2. Tape/OH_C_808_01.wav	24902	44100	24	1	0.182
808 From Mars - Legacy/WAV/1. Individual Hits/04. OH/2. Tape/OH_C_808_02.wav	31014	44100	24	1	0.227
808 From Mars - Legacy/WAV/1. Individual Hits/04. OH/2. Tape/OH_C_808_03.wav	49536	44100	24	1	0.365
808 From Mars - Legacy/WAV/1. Individual Hits/04. OH/2. Tape/OH_C_808_04.wav	64662	44100	24	1	0.478
808 From Mars - Legacy/WAV/1. Individual Hits/04. OH/2. Tape/OH_C_808_05.wav	85748	44100	24	1	0.635
808 From Mars - Legacy/WAV/1. Individual Hits/04. OH/2. Tape/OH_C_808_06.wav	97364	44100	24	1	0.721
808 From Mars - Legacy/WAV/1. Individual Hits/04. OH/2. Tape/OH_D_808_01.wav	102522	44100	24	1	0.76
808 From Mars - Legacy/WAV/1. Individual Hits/04. OH/2. Tape/OH_D_808_02.wav	98442	44100	24	1	0.729
808 From Mars - Legacy/WAV/1. Individual Hits/04. OH/2. Tape/OH_D_808_03.wav	99714	44100	24	1	0.739
808 From Mars - Legacy/WAV/1. Individual Hits/04. OH/2. Tape/OH_D_808_04.wav	99444	44100	24	1	0.737
808 From Mars - Legacy/WAV/1. Individual Hits/04. OH/3. Re-Pitched/OH_RP_A_01.wav	30660	44100	24	1	0.225
808 From Mars - Legacy/WAV/1. Individual Hits/04. OH/3. Re-Pitched/OH_RP_A_02.wav	46214	44100	24	1	0.34
808 From Mars - Legacy/WAV/1. Individual Hits/04. OH/3. Re-Pitched/OH_RP_A_03.wav	85022	44100	24	1	0.629
808 From Mars - Legacy/WAV/1. Individual Hits/04. OH/3. Re-Pitched/OH_RP_A_04.wav	21692	44100	24	1	0.158
808 From Mars - Legacy/WAV/1. Individual Hits/04. OH/3. Re-Pitched/OH_RP_A_05.wav	30600	44100	24	1	0.224
808 From Mars - Legacy/WAV/1. Individual Hits/04. OH/3. Re-Pitched/OH_RP_A_06.wav	30228	44100	24	1	0.221
808 From Mars - Legacy/WAV/1. Individual Hits/04. OH/3. Re-Pitched/OH_RP_A_07.wav	42864	44100	24	1	0.315
808 From Mars - Legacy/WAV/1. Individual Hits/04. OH/3. Re-Pitched/OH_RP_A_08.wav	56612	44100	24	1	0.418
808 From Mars - Legacy/WAV/1. Individual Hits/04. OH/3. Re-Pitched/OH_RP_A_09.wav	25736	44100	24	1	0.188
808 From Mars - Legacy/WAV/1. Individual Hits/04. OH/3. Re-Pitched/OH_RP_A_10.wav	34128	44100	24	1	0.25
808 From Mars - Legacy/WAV/1. Individual Hits/04. OH/3. Re-Pitched/OH_RP_B_01.wav	197352	44100	24	1	1.457
808 From Mars - Legacy/WAV/1. Individual Hits/04. OH/3. Re-Pitched/OH_RP_B_02.wav	164246	44100	24	1	1.211
808 From Mars - Legacy/WAV/1. Individual Hits/04. OH/3. Re-Pitched/OH_RP_B_03.wav	49170	44100	24	1	0.354
808 From Mars - Legacy/WAV/1. Individual Hits/04. OH/3. Re-Pitched/OH_RP_B_04.wav	154170	44100	24	1	1.136
808 From Mars - Legacy/WAV/1. Individual Hits/04. OH/3. Re-Pitched/OH_RP_B_05.wav	174326	44100	24	1	1.286
808 From Mars - Legacy/WAV/1. Individual Hits/04. OH/3. Re-Pitched/OH_RP_B_06.wav	136896	44100	24	1	1.007
808 From Mars - Legacy/WAV/1. Individual Hits/04. OH/3. Re-Pitched/OH_RP_B_07.wav	125766	44100	24	1	0.924
808 From Mars - Legacy/WAV/1. Individual Hits/04. OH/3. Re-Pitched/OH_RP_B_08.wav	114582	44100	24	1	0.841
808 From Mars - Legacy/WAV/1. Individual Hits/04. OH/3. Re-Pitched/OH_RP_B_09.wav	146622	44100	24	1	1.079
808 From Mars - Legacy/WAV/1. Individual Hits/04. OH/3. Re-Pitched/OH_RP_B_10.wav	122126	44100	24	1	0.897
808 From Mars - Legacy/WAV/1. Individual Hits/04. OH/3. Re-Pitched/OH_RP_B_11.wav	127544	44100	24	1	0.937
808 From Mars - Legacy/WAV/1. Individual Hits/04. OH/3. Re-Pitched/OH_RP_B_12.wav	123726	44100	24	1	0.909
808 From Mars - Legacy/WAV/1. Individual Hits/04. OH/3. Re-Pitched/OH_RP_B_13.wav	114084	44100	24	1	0.837
808 From Mars - Legacy/WAV/1. Individual Hits/05. Clap/1. Tape/Clap_808_A_01.wav	47712	44100	24	1	0.352
808 From Mars - Legacy/WAV/1. Individual Hits/05. Clap/1. Tape/Clap_808_A_02.wav	95394	44100	24	1	0.706
808 From Mars - Legacy/WAV/1. Individual Hits/05. Clap/1. Tape/Clap_808_A_03.wav	152328	44100	24	1	1.13
808 From Mars - Legacy/WAV/1. Individual Hits/05. Clap/1. Tape/Clap_808_A_04.wav	151878	44100	24	1	1.127
808 From Mars - Legacy/WAV/1. Individual Hits/05. Clap/1. Tape/Clap_808_A_05.wav	126810	44100	24	1	0.94
808 From Mars - Legacy/WAV/1. Individual Hits/05. Clap/1. Tape/Clap_808_B_01.wav	60726	44100	24	1	0.448
808 From Mars - Legacy/WAV/1. Individual Hits/05. Clap/1. Tape/Clap_808_B_02.wav	33986	44100	24	1	0.249
808 From Mars - Legacy/WAV/1. Individual Hits/05. Clap/1. Tape/Clap_808_B_03.wav	71502	44100	24	1	0.529
808 From Mars - Legacy/WAV/1. Individual Hits/05. Clap/1. Tape/Clap_808_B_04.wav	103796	44100	24	1	0.769
808 From Mars - Legacy/WAV/1. Individual Hits/05. Clap/1. Tape/Clap_808_B_05.wav	101766	44100	24	1	0.754
808 From Mars - Legacy/WAV/1. Individual Hits/05. Clap/1. Tape/Clap_808_C_01.wav	189378	44100	24	1	1.406
808 From Mars - Legacy/WAV/1. Individual Hits/05. Clap/1. Tape/Clap_808_C_02.wav	119852	44100	24	1	0.888
808 From Mars - Legacy/WAV/1. Individual Hits/05. Clap/1. Tape/Clap_808_C_03.wav	141744	44100	24	1	1.051
808 From Mars - Legacy/WAV/1. Individual Hits/05. Clap/2. Re-Pitched/Clap_RP_808_01.wav	188312	44100	24	1	1.393
808 From Mars - Legacy/WAV/1. Individual Hits/05. Clap/2. Re-Pitched/Clap_RP_808_02.wav	113458	44100	24	1	0.836
808 From Mars - Legacy/WAV/1. Individual Hits/05. Clap/2. Re-Pitched/Clap_RP_808_03.wav	145132	44100	24	1	1.071
808 From Mars - Legacy/WAV/1. Individual Hits/05. Clap/2. Re-Pitched/Clap_RP_808_04.wav	97628	44100	24	1	0.718
808 From Mars - Legacy/WAV/1. Individual Hits/05. Clap/2. Re-Pitched/Clap_RP_808_05.wav	46318	44100	24	1	0.336
808 From Mars - Legacy/WAV/1. Individual Hits/05. Clap/2. Re-Pitched/Clap_RP_808_06.wav	93314	44100	24	1	0.686
808 From Mars - Legacy/WAV/1. Individual Hits/05. Clap/2. Re-Pitched/Clap_RP_808_07.wav	103394	44100	24	1	0.761
808 From Mars - Legacy/WAV/1. Individual Hits/05. Clap/2. Re-Pitched/Clap_RP_808_08.wav	121424	44100	24	1	0.895
808 From Mars - Legacy/WAV/1. Individual Hits/05. Clap/2. Re-Pitched/Clap_RP_808_09.wav	136096	44100	24	1	1.004
808 From Mars - Legacy/WAV/1. Individual Hits/05. Clap/2. Re-Pitched/Clap_RP_808_10.wav	80356	44100	24	1	0.589
808 From Mars - Legacy/WAV/1. Individual Hits/05. Clap/2. Re-Pitched/Clap_RP_808_11.wav	114898	44100	24	1	0.846
808 From Mars - Legacy/WAV/1. Individual Hits/05. Clap/2. Re-Pitched/Clap_RP_808_12.wav	127862	44100	24	1	0.943
808 From Mars - Legacy/WAV/1. Individual Hits/05. Clap/2. Re-Pitched/Clap_RP_808_13.wav	68114	44100	24	1	0.498
808 From Mars - Legacy/WAV/1. Individual Hits/05. Clap/2. Re-Pitched/Clap_RP_808_14.wav	73160	44100	24	1	0.536
808 From Mars - Legacy/WAV/1. Individual Hits/05. Clap/2. Re-Pitched/Clap_RP_808_15.wav	54646	44100	24	1	0.398
808 From Mars - Legacy/WAV/1. Individual Hits/05. Clap/2. Re-Pitched/Clap_RP_808_16.wav	42506	44100	24	1	0.308
808 From Mars - Legacy/WAV/1. Individual Hits/05. Clap/2. Re-Pitched/Clap_RP_808_17.wav	59480	44100	24	1	0.434
808 From Mars - Legacy/WAV/1. Individual Hits/05. Clap/2. Re-Pitched/Clap_RP_808_18.wav	41732	44100	24	1	0.302
808 From Mars - Legacy/WAV/1. Individual Hits/05. Clap/2. Re-Pitched/Clap_RP_808_19.wav	51734	44100	24	1	0.376
808 From Mars - Legacy/WAV/1. Individual Hits/05. Clap/2. Re-Pitched/Clap_RP_808_20.wav	51734	44100	24	1	0.376
808 From Mars - Legacy/WAV/1. Individual Hits/06. Rim Shot/1. Tape/Rim_808_01.wav	2884	44100	24	1	0.018
808 From Mars - Legacy/WAV/1. Individual Hits/06. Rim Shot/1. Tape/Rim_808_02.wav	4480	44100	24	1	0.025
808 From Mars - Legacy/WAV/1. Individual Hits/06. Rim Shot/1. Tape/Rim_808_03.wav	4928	44100	24	1	0.029
808 From Mars - Legacy/WAV/1. Individual Hits/06. Rim Shot/1. Tape/Rim_808_04.wav	3432	44100	24	1	0.022
808 From Mars - Legacy/WAV/1. Individual Hits/06. Rim Shot/1. Tape/Rim_808_05.wav	3994	44100	24	1	0.026
808 From Mars - Legacy/WAV/1. Individual Hits/06. Rim Shot/1. Tape/Rim_808_06.wav	7282	44100	24	1	0.051
808 From Mars - Legacy/WAV/1. Individual Hits/06. Rim Shot/1. Tape/Rim_808_07.wav	10720	44100	24	1	0.076
808 From Mars - Legacy/WAV/1. Individual Hits/06. Rim Shot/2. Re-Pitched/Rim_RP_808_01.wav	4060	44100	24	1	0.027
808 From Mars - Legacy/WAV/1. Individual Hits/06. Rim Shot/2. Re-Pitched/Rim_RP_808_02.wav	6804	44100	24	1	0.047
808 From Mars - Legacy/WAV/1. Individual Hits/06. Rim Shot/2. Re-Pitched/Rim_RP_808_03.wav	6838	44100	24	1	0.043
808 From Mars - Legacy/WAV/1. Individual Hits/06. Rim Shot/2. Re-Pitched/Rim_RP_808_04.wav	6442	44100	24	1	0.04
808 From Mars - Legacy/WAV/1. Individual Hits/06. Rim Shot/2. Re-Pitched/Rim_RP_808_05.wav	5674	44100	24	1	0.034
808 From Mars - Legacy/WAV/1. Individual Hits/07. Clave/1. Tape/Clave_A_808.wav	5776	44100	24	1	0.04
808 From Mars - Legacy/WAV/1. Individual Hits/07. Clave/1. Tape/Clave_B_808.wav	7284	44100	24	1	0.051
808 From Mars - Legacy/WAV/1. Individual Hits/07. Clave/2. Re-Pitched/Clave_RP_808_01.wav	11194	44100	24	1	0.08
808 From Mars - Legacy/WAV/1. Individual Hits/07. Clave/2. Re-Pitched/Clave_RP_808_02.wav	9190	44100	24	1	0.06
808 From Mars - Legacy/WAV/1. Individual Hits/07. Clave/2. Re-Pitched/Clave_RP_808_03.wav	7396	44100	24	1	0.052
808 From Mars - Legacy/WAV/1. Individual Hits/07. Clave/2. Re-Pitched/Clave_RP_808_04.wav	3922	44100	24	1	0.026
808 From Mars - Legacy/WAV/1. Individual Hits/08. Conga/1. Clean/01_Conga_Clean_Low_A_808_F.wav	100572	44100	24	1	0.745
808 From Mars - Legacy/WAV/1. Individual Hits/08. Conga/1. Clean/02_Conga_Clean_Low_A_808_F#.wav	90224	44100	24	1	0.668
808 From Mars - Legacy/WAV/1. Individual Hits/08. Conga/1. Clean/03_Conga_Clean_Low_A_808_G.wav	89862	44100	24	1	0.665
808 From Mars - Legacy/WAV/1. Individual Hits/08. Conga/1. Clean/04_Conga_Clean_Low_A_808_G#.wav	85352	44100	24	1	0.632
808 From Mars - Legacy/WAV/1. Individual Hits/08. Conga/1. Clean/05_Conga_Clean_Low_A_808_A.wav	84266	44100	24	1	0.624
808 From Mars - Legacy/WAV/1. Individual Hits/08. Conga/1. Clean/06_Conga_Clean_Mid_A_808_C.wav	43602	44100	24	1	0.321
808 From Mars - Legacy/WAV/1. Individual Hits/08. Conga/1. Clean/07_Conga_Clean_Mid_A_808_C#.wav	40038	44100	24	1	0.294
808 From Mars - Legacy/WAV/1. Individual Hits/08. Conga/1. Clean/08_Conga_Clean_Mid_A_808_D.wav	38520	44100	24	1	0.283
808 From Mars - Legacy/WAV/1. Individual Hits/08. Conga/1. Clean/09_Conga_Clean_Mid_A_808_D#.wav	41474	44100	24	1	0.305
808 From Mars - Legacy/WAV/1. Individual Hits/08. Conga/1. Clean/10_Conga_Clean_Mid_A_808_E.wav	37290	44100	24	1	0.274
808 From Mars - Legacy/WAV/1. Individual Hits/08. Conga/1. Clean/11_Conga_Clean_Hi_A_808_G.wav	36732	44100	24	1	0.27
808 From Mars - Legacy/WAV/1. Individual Hits/08. Conga/1. Clean/12_Conga_Clean_Hi_A_808_G#.wav	35618	44100	24	1	0.262
808 From Mars - Legacy/WAV/1. Individual Hits/08. Conga/1. Clean/13_Conga_Clean_Hi_A_808_A.wav	34566	44100	24	1	0.254
808 From Mars - Legacy/WAV/1. Individual Hits/08. Conga/1. Clean/14_Conga_Clean_Hi_A_808_A#.wav	32658	44100	24	1	0.24
808 From Mars - Legacy/WAV/1. Individual Hits/08. Conga/1. Clean/15_Conga_Clean_Hi_A_808_B.wav	33398	44100	24	1	0.245
808 From Mars - Legacy/WAV/1. Individual Hits/08. Conga/1. Clean/16_Conga_Clean_Hi_A_808_C.wav	31898	44100	24	1	0.234
808 From Mars - Legacy/WAV/1. Individual Hits/08. Conga/2. Tape/01_Conga_Low_B_808_F.wav	67044	44100	24	1	0.495
808 From Mars - Legacy/WAV/1. Individual Hits/08. Conga/2. Tape/02_Conga_Low_B_808_F#.wav	63306	44100	24	1	0.468
808 From Mars - Legacy/WAV/1. Individual Hits/08. Conga/2. Tape/03_Conga_Low_B_808_G.wav	65438	44100	24	1	0.483
808 From Mars - Legacy/WAV/1. Individual Hits/08. Conga/2. Tape/04_Conga_Low_B_808_G#.wav	62586	44100	24	1	0.462
808 From Mars - Legacy/WAV/1. Individual Hits/08. Conga/2. Tape/05_Conga_Low_B_808_A.wav	56648	44100	24	1	0.418
808 From Mars - Legacy/WAV/1. Individual Hits/08. Conga/2. Tape/06_Conga_Mid_B_808_C.wav	40220	44100	24	1	0.296
808 From Mars - Legacy/WAV/1. Individual Hits/08. Conga/2. Tape/07_Conga_Mid_B_808_C#.wav	38000	44100	24	1	0.279
808 From Mars - Legacy/WAV/1. Individual Hits/08. Conga/2. Tape/08_Conga_Mid_B_808_D.wav	34296	44100	24	1	0.252
808 From Mars - Legacy/WAV/1. Individual Hits/08. Conga/2. Tape/09_Conga_Mid_B_808_D#.wav	35072	44100	24	1	0.258
808 From Mars - Legacy/WAV/1. Individual Hits/08. Conga/2. Tape/10_Conga_Mid_B_808_E.wav	29940	44100	24	1	0.219
808 From Mars - Legacy/WAV/1. Individual Hits/08. Conga/2. Tape/11_Conga_Hi_B_808_G.wav	44562	44100	24	1	0.328
808 From Mars - Legacy/WAV/1. Individual Hits/08. Conga/2. Tape/12_Conga_Hi_B_808_G#.wav	42090	44100	24	1	0.31
808 From Mars - Legacy/WAV/1. Individual Hits/08. Conga/2. Tape/13_Conga_Hi_B_808_A.wav	48210	44100	24	1	0.355
808 From Mars - Legacy/WAV/1. Individual Hits/08. Conga/2. Tape/14_Conga_Hi_B_808_A#.wav	41162	44100	24	1	0.303
808 From Mars - Legacy/WAV/1. Individual Hits/08. Conga/2. Tape/15_Conga_Hi_B_808_B.wav	35450	44100	24	1	0.26
808 From Mars - Legacy/WAV/1. Individual Hits/08. Conga/2. Tape/16_Conga_Hi_B_808_C.wav	33494	44100	24	1	0.246
808 From Mars - Legacy/WAV/1. Individual Hits/08. Conga/3. Re-Pitched/01_Conga_RP_C#.wav	18892	44100	24	1	0.137
808 From Mars - Legacy/WAV/1. Individual Hits/08. Conga/3. Re-Pitched/02_Conga_RP_D.wav	16852	44100	24	1	0.122
808 From Mars - Legacy/WAV/1. Individual Hits/08. Conga/3. Re-Pitched/03_Conga_RP_D#.wav	17574	44100	24	1	0.127
808 From Mars - Legacy/WAV/1. Individual Hits/08. Conga/3. Re-Pitched/04_Conga_RP_E.wav	16656	44100	24	1	0.121
808 From Mars - Legacy/WAV/1. Individual Hits/08. Conga/3. Re-Pitched/05_Conga_RP_G#.wav	16774	44100	24	1	0.121
808 From Mars - Legacy/WAV/1. Individual Hits/08. Conga/3. Re-Pitched/06_Conga_RP_A.wav	16144	44100	24	1	0.117
808 From Mars - Legacy/WAV/1. Individual Hits/08. Conga/3. Re-Pitched/07_Conga_RP_A#.wav	16006	44100	24	1	0.116
808 From Mars - Legacy/WAV/1. Individual Hits/08. Conga/3. Re-Pitched/08_Conga_RP_B.wav	15628	44100	24	1	0.113
808 From Mars - Legacy/WAV/1. Individual Hits/09. Toms/1. Clean/01_Tom_Low_Clean_808_F.wav	113816	44100	24	1	0.844
808 From Mars - Legacy/WAV/1. Individual Hits/09. Toms/1. Clean/02_Tom_Low_Clean_808_F#.wav	96306	44100	24	1	0.713
808 From Mars - Legacy/WAV/1. Individual Hits/09. Toms/1. Clean/03_Tom_Low_Clean_808_G.wav	126326	44100	24	1	0.937
808 From Mars - Legacy/WAV/1. Individual Hits/09. Toms/1. Clean/04_Tom_Low_Clean_808_G#.wav	97274	44100	24	1	0.72
808 From Mars - Legacy/WAV/1. Individual Hits/09. Toms/1. Clean/05_Tom_Mid_Clean_808_C.wav	71468	44100	24	1	0.528
808 From Mars - Legacy/WAV/1. Individual Hits/09. Toms/1. Clean/06_Tom_Mid_Clean_808_C#1.wav	65658	44100	24	1	0.485
808 From Mars - Legacy/WAV/1. Individual Hits/09. Toms/1. Clean/07_Tom_Mid_Clean_808_D1.wav	59306	44100	24	1	0.438
808 From Mars - Legacy/WAV/1. Individual Hits/09. Toms/1. Clean/08_Tom_Mid_Clean_808_D#1.wav	63830	44100	24	1	0.472
808 From Mars - Legacy/WAV/1. Individual Hits/09. Toms/1. Clean/09_Tom_High_Clean_808_F.wav	56490	44100	24	1	0.417
808 From Mars - Legacy/WAV/1. Individual Hits/09. Toms/1. Clean/10_Tom_High_Clean_808_F#.wav	55728	44100	24	1	0.411
808 From Mars - Legacy/WAV/1. Individual Hits/09. Toms/1. Clean/11_Tom_High_Clean_808_G.wav	52304	44100	24	1	0.386
808 From Mars - Legacy/WAV/1. Individual Hits/09. Toms/1. Clean/12_Tom_High_Clean_808_G#.wav	50420	44100	24	1	0.372
808 From Mars - Legacy/WAV/1. Individual Hits/09. Toms/1. Clean/13_Tom_High_Clean_808_A.wav	47622	44100	24	1	0.351
808 From Mars - Legacy/WAV/1. Individual Hits/09. Toms/2. Tape/01_Tom_Low_C_808_F.wav	77734	44100	24	1	0.574
808 From Mars - Legacy/WAV/1. Individual Hits/09. Toms/2. Tape/02_Tom_Low_C_808_F#.wav	75576	44100	24	1	0.558
808 From Mars - Legacy/WAV/1. Individual Hits/09. Toms/2. Tape/03_Tom_Low_C_808_G.wav	79884	44100	24	1	0.59
808 From Mars - Legacy/WAV/1. Individual Hits/09. Toms/2. Tape/04_Tom_Low_C_808_G#.wav	80622	44100	24	1	0.596
808 From Mars - Legacy/WAV/1. Individual Hits/09. Toms/2. Tape/05_Tom_Mid_C_808_C.wav	58656	44100	24	1	0.432
808 From Mars - Legacy/WAV/1. Individual Hits/09. Toms/2. Tape/06_Tom_Mid_C_808_C#.wav	54516	44100	24	1	0.401
808 From Mars - Legacy/WAV/1. Individual Hits/09. Toms/2. Tape/07_Tom_Mid_C_808_D.wav	54642	44100	24	1	0.402
808 From Mars - Legacy/WAV/1. Individual Hits/09. Toms/2. Tape/08_Tom_Mid_C_808_D#.wav	56130	44100	24	1	0.413
808 From Mars - Legacy/WAV/1. Individual Hits/09. Toms/2. Tape/09_Tom_High_C_808_F.wav	45576	44100	24	1	0.335
808 From Mars - Legacy/WAV/1. Individual Hits/09. Toms/2. Tape/10_Tom_High_C_808_F#.wav	43090	44100	24	1	0.316
808 From Mars - Legacy/WAV/1. Individual Hits/09. Toms/2. Tape/11_Tom_High_C_808_G.wav	43242	44100	24	1	0.318
808 From Mars - Legacy/WAV/1. Individual Hits/09. Toms/2. Tape/12_Tom_High_C_808_G#.wav	40108	44100	24	1	0.294
808 From Mars - Legacy/WAV/1. Individual Hits/09. Toms/2. Tape/13_Tom_High_C_808_A.wav	42762	44100	24	1	0.314
808 From Mars - Legacy/WAV/1. Individual Hits/09. Toms/3. Saturated/01_Tom_Low_B_808_F.wav	117290	44100	24	1	0.869
808 From Mars - Legacy/WAV/1. Individual Hits/09. Toms/3. Saturated/02_Tom_Low_B_808_F#.wav	121152	44100	24	1	0.898
808 From Mars - Legacy/WAV/1. Individual Hits/09. Toms/3. Saturated/03_Tom_Low_B_808_G.wav	115488	44100	24	1	0.856
808 From Mars - Legacy/WAV/1. Individual Hits/09. Toms/3. Saturated/04_Tom_Low_B_808_G#.wav	111810	44100	24	1	0.829
808 From Mars - Legacy/WAV/1. Individual Hits/09. Toms/3. Saturated/05_Tom_Mid_B_808_C.wav	91022	44100	24	1	0.674
808 From Mars - Legacy/WAV/1. Individual Hits/09. Toms/3. Saturated/06_Tom_Mid_B_808_C#.wav	88220	44100	24	1	0.653
808 From Mars - Legacy/WAV/1. Individual Hits/09. Toms/3. Saturated/07_Tom_Mid_B_808_D.wav	87972	44100	24	1	0.651
808 From Mars - Legacy/WAV/1. Individual Hits/09. Toms/3. Saturated/08_Tom_Mid_B_808_D#.wav	86400	44100	24	1	0.639
808 From Mars - Legacy/WAV/1. Individual Hits/09. Toms/3. Saturated/09_Tom_High_B_808_F.wav	81978	44100	24	1	0.607
808 From Mars - Legacy/WAV/1. Individual Hits/09. Toms/3. Saturated/10_Tom_High_B_808_F#.wav	72308	44100	24	1	0.535
808 From Mars - Legacy/WAV/1. Individual Hits/09. Toms/3. Saturated/11_Tom_High_B_808_G.wav	74508	44100	24	1	0.551
808 From Mars - Legacy/WAV/1. Individual Hits/09. Toms/3. Saturated/12_Tom_High_B_808_G#.wav	74718	44100	24	1	0.553
808 From Mars - Legacy/WAV/1. Individual Hits/09. Toms/3. Saturated/13_Tom_High_B_808_A.wav	67562	44100	24	1	0.499
808 From Mars - Legacy/WAV/1. Individual Hits/10. Cymbal/1. Tape/Cymbal_A_808_01.wav	124806	44100	24	1	0.925
808 From Mars - Legacy/WAV/1. Individual Hits/10. Cymbal/1. Tape/Cymbal_A_808_02.wav	127236	44100	24	1	0.943
808 From Mars - Legacy/WAV/1. Individual Hits/10. Cymbal/1. Tape/Cymbal_A_808_03.wav	127508	44100	24	1	0.945
808 From Mars - Legacy/WAV/1. Individual Hits/10. Cymbal/1. Tape/Cymbal_A_808_04.wav	139994	44100	24	1	1.038
808 From Mars - Legacy/WAV/1. Individual Hits/10. Cymbal/1. Tape/Cymbal_A_808_05.wav	130016	44100	24	1	0.964
808 From Mars - Legacy/WAV/1. Individual Hits/10. Cymbal/1. Tape/Cymbal_A_808_06.wav	133958	44100	24	1	0.993
808 From Mars - Legacy/WAV/1. Individual Hits/10. Cymbal/1. Tape/Cymbal_B_808_01.wav	165456	44100	24	1	1.228
808 From Mars - Legacy/WAV/1. Individual Hits/10. Cymbal/1. Tape/Cymbal_B_808_02.wav	165480	44100	24	1	1.228
808 From Mars - Legacy/WAV/1. Individual Hits/10. Cymbal/1. Tape/Cymbal_B_808_03.wav	151506	44100	24	1	1.124
808 From Mars - Legacy/WAV/1. Individual Hits/10. Cymbal/1. Tape/Cymbal_B_808_04.wav	146402	44100	24	1	1.086
808 From Mars - Legacy/WAV/1. Individual Hits/10. Cymbal/1. Tape/Cymbal_B_808_05.wav	145718	44100	24	1	1.081
808 From Mars - Legacy/WAV/1. Individual Hits/10. Cymbal/1. Tape/Cymbal_B_808_06.wav	126944	44100	24	1	0.941
808 From Mars - Legacy/WAV/1. Individual Hits/10. Cymbal/1. Tape/Cymbal_C_808_01.wav	244386	44100	24	1	1.815
808 From Mars - Legacy/WAV/1. Individual Hits/10. Cymbal/1. Tape/Cymbal_C_808_02.wav	261368	44100	24	1	1.942
808 From Mars - Legacy/WAV/1. Individual Hits/10. Cymbal/1. Tape/Cymbal_C_808_03.wav	253656	44100	24	1	1.884
808 From Mars - Legacy/WAV/1. Individual Hits/10. Cymbal/1. Tape/Cymbal_C_808_04.wav	266850	44100	24	1	1.982
808 From Mars - Legacy/WAV/1. Individual Hits/10. Cymbal/1. Tape/Cymbal_C_808_05.wav	244634	44100	24	1	1.817
808 From Mars - Legacy/WAV/1. Individual Hits/10. Cymbal/1. Tape/Cymbal_C_808_06.wav	260096	44100	24	1	1.932
808 From Mars - Legacy/WAV/1. Individual Hits/10. Cymbal/1. Tape/Cymbal_D_808_01.wav	347532	44100	24	1	2.583
808 From Mars - Legacy/WAV/1. Individual Hits/10. Cymbal/1. Tape/Cymbal_D_808_02.wav	356778	44100	24	1	2.652
808 From Mars - Legacy/WAV/1. Individual Hits/10. Cymbal/1. Tape/Cymbal_D_808_03.wav	346254	44100	24	1	2.573
808 From Mars - Legacy/WAV/1. Individual Hits/10. Cymbal/1. Tape/Cymbal_D_808_04.wav	349722	44100	24	1	2.599
808 From Mars - Legacy/WAV/1. Individual Hits/10. Cymbal/1. Tape/Cymbal_D_808_05.wav	319506	44100	24	1	2.374
808 From Mars - Legacy/WAV/1. Individual Hits/10. Cymbal/1. Tape/Cymbal_D_808_06.wav	308852	44100	24	1	2.295
808 From Mars - Legacy/WAV/1. Individual Hits/10. Cymbal/1. Tape/Cymbal_E_808_01.wav	506246	44100	24	1	3.764
808 From Mars - Legacy/WAV/1. Individual Hits/10. Cymbal/1. Tape/Cymbal_E_808_02.wav	519776	44100	24	1	3.865
808 From Mars - Legacy/WAV/1. Individual Hits/10. Cymbal/1. Tape/Cymbal_E_808_03.wav	497570	44100	24	1	3.7
808 From Mars - Legacy/WAV/1. Individual Hits/10. Cymbal/1. Tape/Cymbal_E_808_04.wav	515670	44100	24	1	3.834
808 From Mars - Legacy/WAV/1. Individual Hits/10. Cymbal/1. Tape/Cymbal_E_808_05.wav	483774	44100	24	1	3.597
808 From Mars - Legacy/WAV/1. Individual Hits/10. Cymbal/1. Tape/Cymbal_E_808_06.wav	463260	44100	24	1	3.444
808 From Mars - Legacy/WAV/1. Individual Hits/10. Cymbal/1. Tape/Cymbal_F_808_01.wav	124356	44100	24	1	0.922
808 From Mars - Legacy/WAV/1. Individual Hits/10. Cymbal/1. Tape/Cymbal_F_808_02.wav	120398	44100	24	1	0.893
808 From Mars - Legacy/WAV/1. Individual Hits/10. Cymbal/1. Tape/Cymbal_F_808_03.wav	129054	44100	24	1	0.957
808 From Mars - Legacy/WAV/1. Individual Hits/10. Cymbal/1. Tape/Cymbal_F_808_04.wav	123026	44100	24	1	0.912
808 From Mars - Legacy/WAV/1. Individual Hits/10. Cymbal/1. Tape/Cymbal_F_808_05.wav	120572	44100	24	1	0.894
808 From Mars - Legacy/WAV/1. Individual Hits/10. Cymbal/1. Tape/Cymbal_F_808_06.wav	135326	44100	24	1	1.004
808 From Mars - Legacy/WAV/1. Individual Hits/10. Cymbal/2. Re-Pitched/Harmonic/Cymbal_RP_A_808_01.wav	869628	44100	24	1	6.469
808 From Mars - Legacy/WAV/1. Individual Hits/10. Cymbal/2. Re-Pitched/Harmonic/Cymbal_RP_A_808_02.wav	883184	44100	24	1	6.569
808 From Mars - Legacy/WAV/1. Individual Hits/10. Cymbal/2. Re-Pitched/Harmonic/Cymbal_RP_B_808_01.wav	171884	44100	24	1	1.276
808 From Mars - Legacy/WAV/1. Individual Hits/10. Cymbal/2. Re-Pitched/Harmonic/Cymbal_RP_B_808_02.wav	345890	44100	24	1	2.571
808 From Mars - Legacy/WAV/1. Individual Hits/10. Cymbal/2. Re-Pitched/Harmonic/Cymbal_RP_B_808_03.wav	701264	44100	24	1	5.216
808 From Mars - Legacy/WAV/1. Individual Hits/10. Cymbal/2. Re-Pitched/Harmonic/Cymbal_RP_B_808_04.wav	672066	44100	24	1	4.998
808 From Mars - Legacy/WAV/1. Individual Hits/10. Cymbal/2. Re-Pitched/Harmonic/Cymbal_RP_C_808_01.wav	91860	44100	24	1	0.68
808 From Mars - Legacy/WAV/1. Individual Hits/10. Cymbal/2. Re-Pitched/Harmonic/Cymbal_RP_C_808_02.wav	180792	44100	24	1	1.342
808 From Mars - Legacy/WAV/1. Individual Hits/10. Cymbal/2. Re-Pitched/Harmonic/Cymbal_RP_C_808_03.wav	172728	44100	24	1	1.282
808 From Mars - Legacy/WAV/1. Individual Hits/10. Cymbal/2. Re-Pitched/Harmonic/Cymbal_RP_C_808_04.wav	188010	44100	24	1	1.396
808 From Mars - Legacy/WAV/1. Individual Hits/10. Cymbal/2. Re-Pitched/Harmonic/Cymbal_RP_D_808_01.wav	69536	44100	24	1	0.514
808 From Mars - Legacy/WAV/1. Individual Hits/10. Cymbal/2. Re-Pitched/Harmonic/Cymbal_RP_D_808_02.wav	100400	44100	24	1	0.744
808 From Mars - Legacy/WAV/1. Individual Hits/10. Cymbal/2. Re-Pitched/Harmonic/Cymbal_RP_D_808_03.wav	92298	44100	24	1	0.683
808 From Mars - Legacy/WAV/1. Individual Hits/10. Cymbal/2. Re-Pitched/Harmonic/Cymbal_RP_D_808_04.wav	256730	44100	24	1	1.907
808 From Mars - Legacy/WAV/1. Individual Hits/10. Cymbal/2. Re-Pitched/Various/Cymbal_RP2_808_01.wav	859228	44100	24	1	6.383
808 From Mars - Legacy/WAV/1. Individual Hits/10. Cymbal/2. Re-Pitched/Various/Cymbal_RP2_808_02.wav	747616	44100	24	1	5.552
808 From Mars - Legacy/WAV/1. Individual Hits/10. Cymbal/2. Re-Pitched/Various/Cymbal_RP2_808_03.wav	795094	44100	24	1	5.906
808 From Mars - Legacy/WAV/1. Individual Hits/10. Cymbal/2. Re-Pitched/Various/Cymbal_RP2_808_04.wav	788402	44100	24	1	5.856
808 From Mars - Legacy/WAV/1. Individual Hits/10. Cymbal/2. Re-Pitched/Various/Cymbal_RP2_808_05.wav	338426	44100	24	1	2.507
808 From Mars - Legacy/WAV/1. Individual Hits/10. Cymbal/2. Re-Pitched/Various/Cymbal_RP2_808_06.wav	786160	44100	24	1	5.839
808 From Mars - Legacy/WAV/1. Individual Hits/10. Cymbal/2. Re-Pitched/Various/Cymbal_RP2_808_07.wav	859536	44100	24	1	6.385
808 From Mars - Legacy/WAV/1. Individual Hits/10. Cymbal/2. Re-Pitched/Various/Cymbal_RP2_808_08.wav	799084	44100	24	1	5.935
808 From Mars - Legacy/WAV/1. Individual Hits/10. Cymbal/2. Re-Pitched/Various/Cymbal_RP2_808_09.wav	674326	44100	24	1	5.007
808 From Mars - Legacy/WAV/1. Individual Hits/10. Cymbal/2. Re-Pitched/Various/Cymbal_RP2_808_10.wav	140386	44100	24	1	1.033
808 From Mars - Legacy/WAV/1. Individual Hits/10. Cymbal/2. Re-Pitched/Various/Cymbal_RP2_808_11.wav	728860	44100	24	1	5.413
808 From Mars - Legacy/WAV/1. Individual Hits/11. Cowbell/1. Tape/Cowbell_A_808.wav	68504	44100	24	1	0.506
808 From Mars - Legacy/WAV/1. Individual Hits/11. Cowbell/1. Tape/Cowbell_B_808.wav	84830	44100	24	1	0.628
808 From Mars - Legacy/WAV/1. Individual Hits/11. Cowbell/2. Re-Pitched/Cowbell_RP_808_01.wav	182672	44100	24	1	1.356
808 From Mars - Legacy/WAV/1. Individual Hits/11. Cowbell/2. Re-Pitched/Cowbell_RP_808_02.wav	133760	44100	24	1	0.992
808 From Mars - Legacy/WAV/1. Individual Hits/11. Cowbell/2. Re-Pitched/Cowbell_RP_808_03.wav	90178	44100	24	1	0.662
808 From Mars - Legacy/WAV/1. Individual Hits/12. Maracas/1. Tape/Maracas_A_808_01.wav	4708	44100	24	1	0.032
808 From Mars - Legacy/WAV/1. Individual Hits/12. Maracas/1. Tape/Maracas_A_808_02.wav	6124	44100	24	1	0.042
808 From Mars - Legacy/WAV/1. Individual Hits/12. Maracas/1. Tape/Maracas_B_808_01.wav	4486	44100	24	1	0.03
808 From Mars - Legacy/WAV/1. Individual Hits/12. Maracas/1. Tape/Maracas_B_808_02.wav	4452	44100	24	1	0.03
808 From Mars - Legacy/WAV/1. Individual Hits/12. Maracas/1. Tape/Maracas_C_808_01.wav	6118	44100	24	1	0.042
808 From Mars - Legacy/WAV/1. Individual Hits/12. Maracas/1. Tape/Maracas_C_808_02.wav	5064	44100	24	1	0.034
808 From Mars - Legacy/WAV/1. Individual Hits/12. Maracas/1. Tape/Maracas_C_808_03.wav	5586	44100	24	1	0.038
808 From Mars - Legacy/WAV/1. Individual Hits/12. Maracas/2.Re-Pitched/Maracas_RP_A_808_01.wav	12862	44100	24	1	0.087
808 From Mars - Legacy/WAV/1. Individual Hits/12. Maracas/2.Re-Pitched/Maracas_RP_A_808_02.wav	12682	44100	24	1	0.086
808 From Mars - Legacy/WAV/1. Individual Hits/12. Maracas/2.Re-Pitched/Maracas_RP_A_808_03.wav	13404	44100	24	1	0.091
808 From Mars - Legacy/WAV/1. Individual Hits/12. Maracas/2.Re-Pitched/Maracas_RP_A_808_04.wav	12150	44100	24	1	0.082
808 From Mars - Legacy/WAV/1. Individual Hits/12. Maracas/2.Re-Pitched/Maracas_RP_A_808_05.wav	7504	44100	24	1	0.048
808 From Mars - Legacy/WAV/1. Individual Hits/12. Maracas/2.Re-Pitched/Maracas_RP_A_808_06.wav	6712	44100	24	1	0.042
808 From Mars - Legacy/WAV/1. Individual Hits/12. Maracas/2.Re-Pitched/Maracas_RP_A_808_07.wav	7630	44100	24	1	0.049
808 From Mars - Legacy/WAV/1. Individual Hits/12. Maracas/2.Re-Pitched/Maracas_RP_A_808_08.wav	6982	44100	24	1	0.044
808 From Mars - Legacy/WAV/1. Individual Hits/12. Maracas/2.Re-Pitched/Maracas_RP_B_808_01.wav	9370	44100	24	1	0.066
808 From Mars - Legacy/WAV/1. Individual Hits/12. Maracas/2.Re-Pitched/Maracas_RP_B_808_02.wav	6886	44100	24	1	0.048
808 From Mars - Legacy/WAV/1. Individual Hits/12. Maracas/2.Re-Pitched/Maracas_RP_B_808_03.wav	6090	44100	24	1	0.042
808 From Mars - Legacy/WAV/1. Individual Hits/12. Maracas/2.Re-Pitched/Maracas_RP_B_808_04.wav	5916	44100	24	1	0.041
808 From Mars - Legacy/WAV/2. Kits/Kit 1 (Clean)/01_Tom_Low_Clean_808_F.wav	113816	44100	24	1	0.844
808 From Mars - Legacy/WAV/2. Kits/Kit 1 (Clean)/09_Tom_High_Clean_808_F.wav	56490	44100	24	1	0.417
808 From Mars - Legacy/WAV/2. Kits/Kit 1 (Clean)/BD_Clean_Acc_F_808_04.wav	315666	44100	24	1	2.318
808 From Mars - Legacy/WAV/2. Kits/Kit 1 (Clean)/BD_Clean_NoAcc_C_808_03.wav	110902	44100	24	1	0.806
808 From Mars - Legacy/WAV/2. Kits/Kit 1 (Clean)/BD_Clean_NoAcc_F_808_01.wav	357554	44100	24	1	2.626
808 From Mars - Legacy/WAV/2. Kits/Kit 1 (Clean)/CH_Clean_808_01.wav	28254	44100	24	1	0.207
808 From Mars - Legacy/WAV/2. Kits/Kit 1 (Clean)/Clap_808_A_04.wav	151878	44100	24	1	1.127
808 From Mars - Legacy/WAV/2. Kits/Kit 1 (Clean)/Clave_A_808.wav	5776	44100	24	1	0.04
808 From Mars - Legacy/WAV/2. Kits/Kit 1 (Clean)/Cowbell_A_808.wav	68504	44100	24	1	0.506
808 From Mars - Legacy/WAV/2. Kits/Kit 1 (Clean)/Cymbal_C_808_02.wav	261368	44100	24	1	1.942
808 From Mars - Legacy/WAV/2. Kits/Kit 1 (Clean)/Maracas_A_808_01.wav	4504	44100	24	1	0.03
808 From Mars - Legacy/WAV/2. Kits/Kit 1 (Clean)/OH_Clean_A_808_01.wav	16954	44100	24	1	0.123
808 From Mars - Legacy/WAV/2. Kits/Kit 1 (Clean)/OH_Clean_A_808_06.wav	98154	44100	24	1	0.727
808 From Mars - Legacy/WAV/2. Kits/Kit 1 (Clean)/Rim_808_01.wav	2884	44100	24	1	0.018
808 From Mars - Legacy/WAV/2. Kits/Kit 1 (Clean)/Snare_Clean_C_808_05.wav	42176	44100	24	1	0.31
808 From Mars - Legacy/WAV/2. Kits/Kit 1 (Clean)/Snare_Clean_E_808_06.wav	34886	44100	24	1	0.256
808 From Mars - Legacy/WAV/2. Kits/Kit 2/03_Tom_Low_C_808_G.wav	79884	44100	24	1	0.59
808 From Mars - Legacy/WAV/2. Kits/Kit 2/08_Conga_Mid_B_808_D.wav	34296	44100	24	1	0.252
808 From Mars - Legacy/WAV/2. Kits/Kit 2/09_Tom_High_C_808_F.wav	45576	44100	24	1	0.335
808 From Mars - Legacy/WAV/2. Kits/Kit 2/BD_Sat01_B_808_02.wav	57210	44100	24	1	0.404
808 From Mars - Legacy/WAV/2. Kits/Kit 2/BD_Tape_NoAcc_C_808_03.wav	65702	44100	24	1	0.485
808 From Mars - Legacy/WAV/2. Kits/Kit 2/BD_Tape_NoAcc_F_808_04.wav	249354	44100	24	1	1.852
808 From Mars - Legacy/WAV/2. Kits/Kit 2/CH_B_808_07.wav	28638	44100	24	1	0.21
808 From Mars - Legacy/WAV/2. Kits/Kit 2/Clap_808_C_01.wav	189378	44100	24	1	1.406
808 From Mars - Legacy/WAV/2. Kits/Kit 2/Cymbal_B_808_03.wav	151506	44100	24	1	1.124
808 From Mars - Legacy/WAV/2. Kits/Kit 2/Maracas_B_808_01.wav	4486	44100	24	1	0.03
808 From Mars - Legacy/WAV/2. Kits/Kit 2/OH_C_808_04.wav	64662	44100	24	1	0.478
808 From Mars - Legacy/WAV/2. Kits/Kit 2/Rim_808_04.wav	3432	44100	24	1	0.022
808 From Mars - Legacy/WAV/2. Kits/Kit 2/Snare_Accent_E_808_05.wav	23306	44100	24	1	0.17
808 From Mars - Legacy/WAV/2. Kits/Kit 2/Snare_No_Accent_E_808_01.wav	32516	44100	24	1	0.238
808 From Mars - Legacy/WAV/2. Kits/Kit 2/Snare_Sat_A_808_13.wav	30374	44100	24	1	0.223
808 From Mars - Legacy/WAV/2. Kits/Kit 2/Snare_Sat_B_808_36.wav	59456	44100	24	1	0.439
808 From Mars - Legacy/WAV/2. Kits/Kit 3/07_Conga_RP_A#.wav	16006	44100	24	1	0.116
808 From Mars - Legacy/WAV/2. Kits/Kit 3/13_Tom_High_B_808_A.wav	67562	44100	24	1	0.499
808 From Mars - Legacy/WAV/2. Kits/Kit 3/BD_Clip_MPC60_808_07.wav	79262	44100	24	1	0.586
808 From Mars - Legacy/WAV/2. Kits/Kit 3/BD_Sat02_E_808_05.wav	255990	44100	24	1	1.902
808 From Mars - Legacy/WAV/2. Kits/Kit 3/BD_Sat03_B_808_03.wav	45066	44100	24	1	0.332
808 From Mars - Legacy/WAV/2. Kits/Kit 3/BD_Sat03_F_808_05.wav	260690	44100	24	1	1.937
808 From Mars - Legacy/WAV/2. Kits/Kit 3/CH_RP_A_11.wav	12558	44100	24	1	0.09
808 From Mars - Legacy/WAV/2. Kits/Kit 3/Clap_RP_808_15.wav	54646	44100	24	1	0.398
808 From Mars - Legacy/WAV/2. Kits/Kit 3/Clave_RP_808_01.wav	11194	44100	24	1	0.08
808 From Mars - Legacy/WAV/2. Kits/Kit 3/Cowbell_RP_808_02.wav	133760	44100	24	1	0.992
808 From Mars - Legacy/WAV/2. Kits/Kit 3/Cymbal_F_808_06.wav	135326	44100	24	1	1.004
808 From Mars - Legacy/WAV/2. Kits/Kit 3/Maracas_RP_A_808_03.wav	13404	44100	24	1	0.091
808 From Mars - Legacy/WAV/2. Kits/Kit 3/OH_RP_B_06.wav	136896	44100	24	1	1.007
808 From Mars - Legacy/WAV/2. Kits/Kit 3/Rim_RP_808_05.wav	5674	44100	24	1	0.034
808 From Mars - Legacy/WAV/2. Kits/Kit 3/Snare_RP_A_808_17.wav	15534	44100	24	1	0.112
808 From Mars - Legacy/WAV/2. Kits/Kit 3/Snare_RP_B_808_11.wav	25348	44100	24	1	0.18
808 From Mars - Legacy/WAV/2. Kits/Kit 4/02_Conga_RP_D.wav	16852	44100	24	1	0.122
808 From Mars - Legacy/WAV/2. Kits/Kit 4/07_Conga_RP_A#.wav	16006	44100	24	1	0.116
808 From Mars - Legacy/WAV/2. Kits/Kit 4/08_BD_Tuned_1_808_F.wav	94584	44100	24	1	0.7
808 From Mars - Legacy/WAV/2. Kits/Kit 4/08_Conga_RP_B.wav	15628	44100	24	1	0.113
808 From Mars - Legacy/WAV/2. Kits/Kit 4/BD_Long_MPC60_808_04.wav	100326	44100	24	1	0.743
808 From Mars - Legacy/WAV/2. Kits/Kit 4/BD_Long_MPC60_808_12.wav	65784	44100	24	1	0.486
808 From Mars - Legacy/WAV/2. Kits/Kit 4/CH_RP_A_03.wav	30648	44100	24	1	0.225
808 From Mars - Legacy/WAV/2. Kits/Kit 4/Clap_RP_808_14.wav	73160	44100	24	1	0.536
808 From Mars - Legacy/WAV/2. Kits/Kit 4/Clave_RP_808_01.wav	11194	44100	24	1	0.08
808 From Mars - Legacy/WAV/2. Kits/Kit 4/Clave_RP_808_04.wav	3922	44100	24	1	0.026
808 From Mars - Legacy/WAV/2. Kits/Kit 4/Cymbal_E_808_04.wav	515670	44100	24	1	3.834
808 From Mars - Legacy/WAV/2. Kits/Kit 4/Cymbal_RP_D_808_01.wav	69536	44100	24	1	0.514
808 From Mars - Legacy/WAV/2. Kits/Kit 4/Snare_Accent_K_808_04.wav	26192	44100	24	1	0.191
808 From Mars - Legacy/WAV/2. Kits/Kit 4/Snare_Accent_L_808_03.wav	26468	44100	24	1	0.193
808 From Mars - Legacy/WAV/2. Kits/Kit 4/Snare_RP_A_808_17.wav	15534	44100	24	1	0.112
808 From Mars - Legacy/WAV/2. Kits/Kit 4/Snare_RP_B_808_02.wav	23748	44100	24	1	0.169
808 From Mars - Legacy/WAV/2. Kits/Kit 5/03_Conga_RP_D#.wav	17574	44100	24	1	0.127
808 From Mars - Legacy/WAV/2. Kits/Kit 5/08_BD_BL_SP1200_808_G.wav	185442	44100	24	1	1.371
808 From Mars - Legacy/WAV/2. Kits/Kit 5/BD_A_SP1200_808_05.wav	99282	44100	24	1	0.731
808 From Mars - Legacy/WAV/2. Kits/Kit 5/BD_A_SP1200_808_11.wav	73786	44100	24	1	0.541
808 From Mars - Legacy/WAV/2. Kits/Kit 5/BD_A_SP1200_808_15.wav	59310	44100	24	1	0.433
808 From Mars - Legacy/WAV/2. Kits/Kit 5/CH_Clean_808_02.wav	25064	44100	24	1	0.183
808 From Mars - Legacy/WAV/2. Kits/Kit 5/CH_RP_B_08.wav	46208	44100	24	1	0.332
808 From Mars - Legacy/WAV/2. Kits/Kit 5/Clap_RP_808_09.wav	136096	44100	24	1	1.004
808 From Mars - Legacy/WAV/2. Kits/Kit 5/Clave_RP_808_04.wav	3922	44100	24	1	0.026
808 From Mars - Legacy/WAV/2. Kits/Kit 5/Cymbal_E_808_01.wav	506246	44100	24	1	3.764
808 From Mars - Legacy/WAV/2. Kits/Kit 5/Cymbal_E_808_04.wav	515670	44100	24	1	3.834
808 From Mars - Legacy/WAV/2. Kits/Kit 5/Maracas_RP_A_808_06.wav	6712	44100	24	1	0.042
808 From Mars - Legacy/WAV/2. Kits/Kit 5/OH_Clean_A_808_06.wav	98154	44100	24	1	0.727
808 From Mars - Legacy/WAV/2. Kits/Kit 5/OH_RP_B_03.wav	49170	44100	24	1	0.354
808 From Mars - Legacy/WAV/2. Kits/Kit 5/Snare_RP_A_808_27.wav	19074	44100	24	1	0.139
808 From Mars - Legacy/WAV/2. Kits/Kit 5/Snare_Sat_A_808_20.wav	32420	44100	24	1	0.238
808 From Mars - Legacy/WAV/2. Kits/Kit 6/02_Tom_Low_C_808_F#.wav	75576	44100	24	1	0.558
808 From Mars - Legacy/WAV/2. Kits/Kit 6/09_Tom_High_C_808_F.wav	45576	44100	24	1	0.335
808 From Mars - Legacy/WAV/2. Kits/Kit 6/BD_Clip_MPC60_808_03.wav	99540	44100	24	1	0.737
808 From Mars - Legacy/WAV/2. Kits/Kit 6/BD_Clip_MPC60_808_08.wav	73740	44100	24	1	0.545
808 From Mars - Legacy/WAV/2. Kits/Kit 6/CH_D_808_02.wav	26226	44100	24	1	0.192
808 From Mars - Legacy/WAV/2. Kits/Kit 6/CH_D_808_03.wav	41118	44100	24	1	0.302
808 From Mars - Legacy/WAV/2. Kits/Kit 6/CH_RP_A_06.wav	31406	44100	24	1	0.225
808 From Mars - Legacy/WAV/2. Kits/Kit 6/Clap_808_B_01.wav	60726	44100	24	1	0.448
808 From Mars - Legacy/WAV/2. Kits/Kit 6/Maracas_C_808_03.wav	34074	44100	24	1	0.25
808 From Mars - Legacy/WAV/2. Kits/Kit 6/Maracas_RP_A_808_03.wav	13404	44100	24	1	0.091
808 From Mars - Legacy/WAV/2. Kits/Kit 6/Maracas_RP_A_808_05.wav	7504	44100	24	1	0.048
808 From Mars - Legacy/WAV/2. Kits/Kit 6/OH_C_808_02.wav	31014	44100	24	1	0.227
808 From Mars - Legacy/WAV/2. Kits/Kit 6/OH_D_808_03.wav	99714	44100	24	1	0.739
808 From Mars - Legacy/WAV/2. Kits/Kit 6/Rim_808_07.wav	10720	44100	24	1	0.076
808 From Mars - Legacy/WAV/2. Kits/Kit 6/Snare_Sat_A_808_07.wav	35792	44100	24	1	0.263
808 From Mars - Legacy/WAV/2. Kits/Kit 6/Snare_Sat_A_808_11.wav	25626	44100	24	1	0.187
808 From Mars - Legacy/WAV/2. Kits/Kit 7/04_Tom_Low_C_808_G#.wav	80622	44100	24	1	0.596
808 From Mars - Legacy/WAV/2. Kits/Kit 7/05_Conga_Low_B_808_A.wav	56648	44100	24	1	0.418
808 From Mars - Legacy/WAV/2. Kits/Kit 7/08_Tom_Mid_C_808_D#.wav	56130	44100	24	1	0.413
808 From Mars - Legacy/WAV/2. Kits/Kit 7/10_Conga_Mid_B_808_E.wav	29940	44100	24	1	0.219
808 From Mars - Legacy/WAV/2. Kits/Kit 7/12_Conga_Hi_B_808_G#.wav	42090	44100	24	1	0.31
808 From Mars - Legacy/WAV/2. Kits/Kit 7/12_Tom_High_C_808_G#.wav	40108	44100	24	1	0.294
808 From Mars - Legacy/WAV/2. Kits/Kit 7/BD_Sat02_F_808_01.wav	325560	44100	24	1	2.419
808 From Mars - Legacy/WAV/2. Kits/Kit 7/BD_Sat02_F_808_06.wav	330224	44100	24	1	2.454
808 From Mars - Legacy/WAV/2. Kits/Kit 7/CH_B_808_03.wav	30924	44100	24	1	0.227
808 From Mars - Legacy/WAV/2. Kits/Kit 7/Clap_808_A_01.wav	47712	44100	24	1	0.352
808 From Mars - Legacy/WAV/2. Kits/Kit 7/Clap_RP_808_17.wav	59480	44100	24	1	0.434
808 From Mars - Legacy/WAV/2. Kits/Kit 7/OH_D_808_03.wav	99714	44100	24	1	0.739
808 From Mars - Legacy/WAV/2. Kits/Kit 7/Rim_808_02.wav	4480	44100	24	1	0.025
808 From Mars - Legacy/WAV/2. Kits/Kit 7/Snare_Accent_C_808_02.wav	24816	44100	24	1	0.181
808 From Mars - Legacy/WAV/2. Kits/Kit 7/Snare_No_Accent_E_808_01.wav	32516	44100	24	1	0.238
808 From Mars - Legacy/WAV/2. Kits/Kit 7/Snare_RP_B_808_14.wav	25920	44100	24	1	0.184
