path	bytes	sample_rate	bits	channels	seconds
Micro From Mars/WAV/MicroMoog 1/SFM-MicroMoog1-24.wav	311761	44100	24	1	2.326
Micro From Mars/WAV/MicroMoog 1/SFM-MicroMoog1-25.wav	335167	44100	24	1	2.502
Micro From Mars/WAV/MicroMoog 1/SFM-MicroMoog1-26.wav	313392	44100	24	1	2.299
Micro From Mars/WAV/MicroMoog 1/SFM-MicroMoog1-27.wav	284341	44100	24	1	2.118
Micro From Mars/WAV/MicroMoog 1/SFM-MicroMoog1-28.wav	310934	44100	24	1	2.275
Micro From Mars/WAV/MicroMoog 1/SFM-MicroMoog1-29.wav	288168	44100	24	1	2.111
Micro From Mars/WAV/MicroMoog 1/SFM-MicroMoog1-30.wav	300834	44100	24	1	2.205
Micro From Mars/WAV/MicroMoog 1/SFM-MicroMoog1-31.wav	303823	44100	24	1	2.266
Micro From Mars/WAV/MicroMoog 1/SFM-MicroMoog1-32.wav	293761	44100	24	1	2.189
Micro From Mars/WAV/MicroMoog 1/SFM-MicroMoog1-33.wav	299168	44100	24	1	2.187
Micro From Mars/WAV/MicroMoog 1/SFM-MicroMoog1-34.wav	297738	44100	24	1	2.182
Micro From Mars/WAV/MicroMoog 1/SFM-MicroMoog1-35.wav	314851	44100	24	1	2.349
Micro From Mars/WAV/MicroMoog 1/SFM-MicroMoog1-36.wav	296689	44100	24	1	2.212
Micro From Mars/WAV/MicroMoog 1/SFM-MicroMoog1-37.wav	297083	44100	24	1	2.209
Micro From Mars/WAV/MicroMoog 1/SFM-MicroMoog1-38.wav	307951	44100	24	1	2.297
Micro From Mars/WAV/MicroMoog 1/SFM-MicroMoog1-39.wav	301422	44100	24	1	2.21
Micro From Mars/WAV/MicroMoog 1/SFM-MicroMoog1-40.wav	306300	44100	24	1	2.246
Micro From Mars/WAV/MicroMoog 1/SFM-MicroMoog1-41.wav	298950	44100	24	1	2.191
Micro From Mars/WAV/MicroMoog 1/SFM-MicroMoog1-42.wav	299161	44100	24	1	2.23
Micro From Mars/WAV/MicroMoog 1/SFM-MicroMoog1-43.wav	312852	44100	24	1	2.295
Micro From Mars/WAV/MicroMoog 1/SFM-MicroMoog1-44.wav	307980	44100	24	1	2.259
Micro From Mars/WAV/MicroMoog 1/SFM-MicroMoog1-45.wav	314796	44100	24	1	2.303
Micro From Mars/WAV/MicroMoog 1/SFM-MicroMoog1-46.wav	323682	44100	24	1	2.375
Micro From Mars/WAV/MicroMoog 1/SFM-MicroMoog1-47.wav	361561	44100	24	1	2.702
Micro From Mars/WAV/MicroMoog 1/SFM-MicroMoog1-48.wav	329250	44100	24	1	2.417
Micro From Mars/WAV/MicroMoog 1/SFM-MicroMoog1-49.wav	308311	44100	24	1	2.299
Micro From Mars/WAV/MicroMoog 1/SFM-MicroMoog1-50.wav	314593	44100	24	1	2.347
Micro From Mars/WAV/MicroMoog 1/SFM-MicroMoog1-51.wav	313632	44100	24	1	2.301
Micro From Mars/WAV/MicroMoog 1/SFM-MicroMoog1-52.wav	317342	44100	24	1	2.329
Micro From Mars/WAV/MicroMoog 1/SFM-MicroMoog1-53.wav	325974	44100	24	1	2.386
Micro From Mars/WAV/MicroMoog 1/SFM-MicroMoog1-54.wav	316069	44100	24	1	2.358
Micro From Mars/WAV/MicroMoog 1/SFM-MicroMoog1-55.wav	319206	44100	24	1	2.336
Micro From Mars/WAV/MicroMoog 1/SFM-MicroMoog1-56.wav	307272	44100	24	1	2.253
Micro From Mars/WAV/MicroMoog 1/SFM-MicroMoog1-57.wav	336144	44100	24	1	2.468
Micro From Mars/WAV/MicroMoog 1/SFM-MicroMoog1-58.wav	318640	44100	24	1	2.332
Micro From Mars/WAV/MicroMoog 1/SFM-MicroMoog1-59.wav	324019	44100	24	1	2.418
Micro From Mars/WAV/MicroMoog 1/SFM-MicroMoog1-60.wav	332850	44100	24	1	2.444
Micro From Mars/WAV/MicroMoog 1/SFM-MicroMoog1-61.wav	329706	44100	24	1	2.42
Micro From Mars/WAV/MicroMoog 1/SFM-MicroMoog1-62.wav	304013	44100	24	1	2.261
Micro From Mars/WAV/MicroMoog 1/SFM-MicroMoog1-63.wav	309571	44100	24	1	2.309
Micro From Mars/WAV/MicroMoog 1/SFM-MicroMoog1-64.wav	311400	44100	24	1	2.284
Micro From Mars/WAV/MicroMoog 1/SFM-MicroMoog1-65.wav	306419	44100	24	1	2.279
Micro From Mars/WAV/MicroMoog 1/SFM-MicroMoog1-66.wav	302587	44100	24	1	2.256
Micro From Mars/WAV/MicroMoog 1/SFM-MicroMoog1-67.wav	301051	44100	24	1	2.245
Micro From Mars/WAV/MicroMoog 1/SFM-MicroMoog1-68.wav	294234	44100	24	1	2.156
Micro From Mars/WAV/MicroMoog 1/SFM-MicroMoog1-69.wav	305040	44100	24	1	2.237
Micro From Mars/WAV/MicroMoog 1/SFM-MicroMoog1-70.wav	310679	44100	24	1	2.311
Micro From Mars/WAV/MicroMoog 1/SFM-MicroMoog1-71.wav	353419	44100	24	1	2.64
Micro From Mars/WAV/MicroMoog 1/SFM-MicroMoog1-72.wav	321973	44100	24	1	2.403
Micro From Mars/WAV/MicroMoog 1/SFM-MicroMoog1-73.wav	305047	44100	24	1	2.275
Micro From Mars/WAV/MicroMoog 1/SFM-MicroMoog1-74.wav	314977	44100	24	1	2.35
Micro From Mars/WAV/MicroMoog 1/SFM-MicroMoog1-75.wav	314322	44100	24	1	2.3
Micro From Mars/WAV/MicroMoog 1/SFM-MicroMoog1-76.wav	320743	44100	24	1	2.393
Micro From Mars/WAV/MicroMoog 1/SFM-MicroMoog1-77.wav	305460	44100	24	1	2.24
Micro From Mars/WAV/MicroMoog 1/SFM-MicroMoog1-78.wav	312786	44100	24	1	2.294
Micro From Mars/WAV/MicroMoog 1/SFM-MicroMoog1-79.wav	324529	44100	24	1	2.422
Micro From Mars/WAV/MicroMoog 1/SFM-MicroMoog1-80.wav	322524	44100	24	1	2.367
Micro From Mars/WAV/MicroMoog 1/SFM-MicroMoog1-81.wav	309384	44100	24	1	2.269
Micro From Mars/WAV/MicroMoog 1/SFM-MicroMoog1-82.wav	343206	44100	24	1	2.521
Micro From Mars/WAV/MicroMoog 1/SFM-MicroMoog1-83.wav	306691	44100	24	1	2.287
Micro From Mars/WAV/MicroMoog 1/SFM-MicroMoog1-84.wav	536041	44100	24	1	4.021
Micro From Mars/WAV/MicroMoog 10/SFM-MicroMoog10-24.wav	607237	44100	24	1	4.559
Micro From Mars/WAV/MicroMoog 10/SFM-MicroMoog10-25.wav	614490	44100	24	1	4.54
Micro From Mars/WAV/MicroMoog 10/SFM-MicroMoog10-26.wav	638874	44100	24	1	4.721
Micro From Mars/WAV/MicroMoog 10/SFM-MicroMoog10-27.wav	615162	44100	24	1	4.545
Micro From Mars/WAV/MicroMoog 10/SFM-MicroMoog10-28.wav	613213	44100	24	1	4.604
Micro From Mars/WAV/MicroMoog 10/SFM-MicroMoog10-29.wav	600325	44100	24	1	4.507
Micro From Mars/WAV/MicroMoog 10/SFM-MicroMoog10-30.wav	618582	44100	24	1	4.57
Micro From Mars/WAV/MicroMoog 10/SFM-MicroMoog10-31.wav	622561	44100	24	1	4.675
Micro From Mars/WAV/MicroMoog 10/SFM-MicroMoog10-32.wav	618625	44100	24	1	4.645
Micro From Mars/WAV/MicroMoog 10/SFM-MicroMoog10-33.wav	632011	44100	24	1	4.746
Micro From Mars/WAV/MicroMoog 10/SFM-MicroMoog10-34.wav	660666	44100	24	1	4.883
Micro From Mars/WAV/MicroMoog 10/SFM-MicroMoog10-35.wav	737293	44100	24	1	5.542
Micro From Mars/WAV/MicroMoog 10/SFM-MicroMoog10-36.wav	659143	44100	24	1	4.951
Micro From Mars/WAV/MicroMoog 10/SFM-MicroMoog10-37.wav	628789	44100	24	1	4.722
Micro From Mars/WAV/MicroMoog 10/SFM-MicroMoog10-38.wav	641815	44100	24	1	4.82
Micro From Mars/WAV/MicroMoog 10/SFM-MicroMoog10-39.wav	638052	44100	24	1	4.715
Micro From Mars/WAV/MicroMoog 10/SFM-MicroMoog10-40.wav	636241	44100	24	1	4.778
Micro From Mars/WAV/MicroMoog 10/SFM-MicroMoog10-41.wav	664056	44100	24	1	4.909
Micro From Mars/WAV/MicroMoog 10/SFM-MicroMoog10-42.wav	644575	44100	24	1	4.841
Micro From Mars/WAV/MicroMoog 10/SFM-MicroMoog10-43.wav	648744	44100	24	1	4.795
Micro From Mars/WAV/MicroMoog 10/SFM-MicroMoog10-44.wav	626796	44100	24	1	4.631
Micro From Mars/WAV/MicroMoog 10/SFM-MicroMoog10-45.wav	687090	44100	24	1	5.08
Micro From Mars/WAV/MicroMoog 10/SFM-MicroMoog10-46.wav	640279	44100	24	1	4.809
Micro From Mars/WAV/MicroMoog 10/SFM-MicroMoog10-47.wav	671436	44100	24	1	4.963
Micro From Mars/WAV/MicroMoog 10/SFM-MicroMoog10-48.wav	677562	44100	24	1	5.009
Micro From Mars/WAV/MicroMoog 10/SFM-MicroMoog10-49.wav	661141	44100	24	1	4.966
Micro From Mars/WAV/MicroMoog 10/SFM-MicroMoog10-50.wav	619513	44100	24	1	4.652
Micro From Mars/WAV/MicroMoog 10/SFM-MicroMoog10-51.wav	642660	44100	24	1	4.749
Micro From Mars/WAV/MicroMoog 10/SFM-MicroMoog10-52.wav	625705	44100	24	1	4.698
Micro From Mars/WAV/MicroMoog 10/SFM-MicroMoog10-53.wav	624001	44100	24	1	4.686
Micro From Mars/WAV/MicroMoog 10/SFM-MicroMoog10-54.wav	618679	44100	24	1	4.645
Micro From Mars/WAV/MicroMoog 10/SFM-MicroMoog10-55.wav	615025	44100	24	1	4.618
Micro From Mars/WAV/MicroMoog 10/SFM-MicroMoog10-56.wav	590653	44100	24	1	4.434
Micro From Mars/WAV/MicroMoog 10/SFM-MicroMoog10-57.wav	622692	44100	24	1	4.601
Micro From Mars/WAV/MicroMoog 10/SFM-MicroMoog10-58.wav	632917	44100	24	1	4.753
Micro From Mars/WAV/MicroMoog 10/SFM-MicroMoog10-59.wav	732138	44100	24	1	5.415
Micro From Mars/WAV/MicroMoog 10/SFM-MicroMoog10-60.wav	666408	44100	24	1	4.926
Micro From Mars/WAV/MicroMoog 10/SFM-MicroMoog10-61.wav	632970	44100	24	1	4.677
Micro From Mars/WAV/MicroMoog 10/SFM-MicroMoog10-62.wav	652926	44100	24	1	4.826
Micro From Mars/WAV/MicroMoog 10/SFM-MicroMoog10-63.wav	639498	44100	24	1	4.726
Micro From Mars/WAV/MicroMoog 10/SFM-MicroMoog10-64.wav	653539	44100	24	1	4.909
Micro From Mars/WAV/MicroMoog 10/SFM-MicroMoog10-65.wav	623808	44100	24	1	4.609
Micro From Mars/WAV/MicroMoog 10/SFM-MicroMoog10-66.wav	627883	44100	24	1	4.715
Micro From Mars/WAV/MicroMoog 10/SFM-MicroMoog10-67.wav	661273	44100	24	1	4.967
Micro From Mars/WAV/MicroMoog 10/SFM-MicroMoog10-68.wav	657492	44100	24	1	4.86
Micro From Mars/WAV/MicroMoog 10/SFM-MicroMoog10-69.wav	632538	44100	24	1	4.674
Micro From Mars/WAV/MicroMoog 10/SFM-MicroMoog10-70.wav	688405	44100	24	1	5.172
Micro From Mars/WAV/MicroMoog 10/SFM-MicroMoog10-71.wav	635112	44100	24	1	4.693
Micro From Mars/WAV/MicroMoog 10/SFM-MicroMoog10-72.wav	765739	44100	24	1	5.757
Micro From Mars/WAV/MicroMoog 11/SFM-MicroMoog11-24.wav	325926	44100	24	1	2.392
Micro From Mars/WAV/MicroMoog 11/SFM-MicroMoog11-25.wav	297259	44100	24	1	2.216
Micro From Mars/WAV/MicroMoog 11/SFM-MicroMoog11-26.wav	297985	44100	24	1	2.221
Micro From Mars/WAV/MicroMoog 11/SFM-MicroMoog11-27.wav	305082	44100	24	1	2.237
Micro From Mars/WAV/MicroMoog 11/SFM-MicroMoog11-28.wav	294163	44100	24	1	2.192
Micro From Mars/WAV/MicroMoog 11/SFM-MicroMoog11-29.wav	291330	44100	24	1	2.135
Micro From Mars/WAV/MicroMoog 11/SFM-MicroMoog11-30.wav	285097	44100	24	1	2.124
Micro From Mars/WAV/MicroMoog 11/SFM-MicroMoog11-31.wav	277794	44100	24	1	2.034
Micro From Mars/WAV/MicroMoog 11/SFM-MicroMoog11-32.wav	291649	44100	24	1	2.173
Micro From Mars/WAV/MicroMoog 11/SFM-MicroMoog11-33.wav	285913	44100	24	1	2.13
Micro From Mars/WAV/MicroMoog 11/SFM-MicroMoog11-34.wav	282589	44100	24	1	2.105
Micro From Mars/WAV/MicroMoog 11/SFM-MicroMoog11-35.wav	282031	44100	24	1	2.101
Micro From Mars/WAV/MicroMoog 11/SFM-MicroMoog11-36.wav	284989	44100	24	1	2.123
Micro From Mars/WAV/MicroMoog 11/SFM-MicroMoog11-37.wav	277525	44100	24	1	2.067
Micro From Mars/WAV/MicroMoog 11/SFM-MicroMoog11-38.wav	265429	44100	24	1	1.975
Micro From Mars/WAV/MicroMoog 11/SFM-MicroMoog11-39.wav	276613	44100	24	1	2.06
Micro From Mars/WAV/MicroMoog 11/SFM-MicroMoog11-40.wav	271879	44100	24	1	2.024
Micro From Mars/WAV/MicroMoog 11/SFM-MicroMoog11-41.wav	257785	44100	24	1	1.918
Micro From Mars/WAV/MicroMoog 11/SFM-MicroMoog11-42.wav	390444	44100	24	1	2.872
Micro From Mars/WAV/MicroMoog 11/SFM-MicroMoog11-43.wav	356737	44100	24	1	2.665
Micro From Mars/WAV/MicroMoog 11/SFM-MicroMoog11-44.wav	380778	44100	24	1	2.8
Micro From Mars/WAV/MicroMoog 11/SFM-MicroMoog11-45.wav	378480	44100	24	1	2.783
Micro From Mars/WAV/MicroMoog 11/SFM-MicroMoog11-46.wav	384013	44100	24	1	2.872
Micro From Mars/WAV/MicroMoog 11/SFM-MicroMoog11-47.wav	380268	44100	24	1	2.797
Micro From Mars/WAV/MicroMoog 11/SFM-MicroMoog11-48.wav	376518	44100	24	1	2.769
Micro From Mars/WAV/MicroMoog 11/SFM-MicroMoog11-49.wav	362491	44100	24	1	2.709
Micro From Mars/WAV/MicroMoog 11/SFM-MicroMoog11-50.wav	354811	44100	24	1	2.651
Micro From Mars/WAV/MicroMoog 11/SFM-MicroMoog11-51.wav	354900	44100	24	1	2.608
Micro From Mars/WAV/MicroMoog 11/SFM-MicroMoog11-52.wav	357264	44100	24	1	2.625
Micro From Mars/WAV/MicroMoog 11/SFM-MicroMoog11-53.wav	332395	44100	24	1	2.481
Micro From Mars/WAV/MicroMoog 11/SFM-MicroMoog11-54.wav	391183	44100	24	1	2.926
Micro From Mars/WAV/MicroMoog 11/SFM-MicroMoog11-55.wav	335532	44100	24	1	2.464
Micro From Mars/WAV/MicroMoog 11/SFM-MicroMoog11-56.wav	355195	44100	24	1	2.654
Micro From Mars/WAV/MicroMoog 11/SFM-MicroMoog11-57.wav	335724	44100	24	1	2.465
Micro From Mars/WAV/MicroMoog 11/SFM-MicroMoog11-58.wav	374820	44100	24	1	2.756
Micro From Mars/WAV/MicroMoog 11/SFM-MicroMoog11-59.wav	363420	44100	24	1	2.671
Micro From Mars/WAV/MicroMoog 11/SFM-MicroMoog11-60.wav	384847	44100	24	1	2.878
Micro From Mars/WAV/MicroMoog 11/SFM-MicroMoog11-61.wav	382314	44100	24	1	2.812
Micro From Mars/WAV/MicroMoog 11/SFM-MicroMoog11-62.wav	367422	44100	24	1	2.701
Micro From Mars/WAV/MicroMoog 11/SFM-MicroMoog11-63.wav	368052	44100	24	1	2.706
Micro From Mars/WAV/MicroMoog 11/SFM-MicroMoog11-64.wav	375930	44100	24	1	2.764
Micro From Mars/WAV/MicroMoog 11/SFM-MicroMoog11-65.wav	347580	44100	24	1	2.553
Micro From Mars/WAV/MicroMoog 11/SFM-MicroMoog11-66.wav	347605	44100	24	1	2.596
Micro From Mars/WAV/MicroMoog 11/SFM-MicroMoog11-67.wav	338148	44100	24	1	2.483
Micro From Mars/WAV/MicroMoog 11/SFM-MicroMoog11-68.wav	345168	44100	24	1	2.535
Micro From Mars/WAV/MicroMoog 11/SFM-MicroMoog11-69.wav	345150	44100	24	1	2.535
Micro From Mars/WAV/MicroMoog 11/SFM-MicroMoog11-70.wav	321607	44100	24	1	2.4
Micro From Mars/WAV/MicroMoog 11/SFM-MicroMoog11-71.wav	344107	44100	24	1	2.57
Micro From Mars/WAV/MicroMoog 11/SFM-MicroMoog11-72.wav	375097	44100	24	1	2.804
Micro From Mars/WAV/MicroMoog 11/SFM-MicroMoog11-73.wav	361980	44100	24	1	2.66
Micro From Mars/WAV/MicroMoog 11/SFM-MicroMoog11-74.wav	344797	44100	24	1	2.575
Micro From Mars/WAV/MicroMoog 11/SFM-MicroMoog11-75.wav	375103	44100	24	1	2.804
Micro From Mars/WAV/MicroMoog 11/SFM-MicroMoog11-76.wav	376170	44100	24	1	2.766
Micro From Mars/WAV/MicroMoog 11/SFM-MicroMoog11-77.wav	305419	44100	24	1	2.278
Micro From Mars/WAV/MicroMoog 12/SFM-MicroMoog12-24.wav	503515	44100	24	1	3.775
Micro From Mars/WAV/MicroMoog 12/SFM-MicroMoog12-25.wav	407485	44100	24	1	3.049
Micro From Mars/WAV/MicroMoog 12/SFM-MicroMoog12-26.wav	370428	44100	24	1	2.723
Micro From Mars/WAV/MicroMoog 12/SFM-MicroMoog12-27.wav	388692	44100	24	1	2.859
Micro From Mars/WAV/MicroMoog 12/SFM-MicroMoog12-28.wav	366301	44100	24	1	2.738
Micro From Mars/WAV/MicroMoog 12/SFM-MicroMoog12-29.wav	362095	44100	24	1	2.706
Micro From Mars/WAV/MicroMoog 12/SFM-MicroMoog12-30.wav	355237	44100	24	1	2.654
Micro From Mars/WAV/MicroMoog 12/SFM-MicroMoog12-31.wav	388038	44100	24	1	2.854
Micro From Mars/WAV/MicroMoog 12/SFM-MicroMoog12-32.wav	349225	44100	24	1	2.609
Micro From Mars/WAV/MicroMoog 12/SFM-MicroMoog12-33.wav	363312	44100	24	1	2.67
Micro From Mars/WAV/MicroMoog 12/SFM-MicroMoog12-34.wav	363505	44100	24	1	2.717
Micro From Mars/WAV/MicroMoog 12/SFM-MicroMoog12-35.wav	354259	44100	24	1	2.647
Micro From Mars/WAV/MicroMoog 12/SFM-MicroMoog12-36.wav	394158	44100	24	1	2.9
Micro From Mars/WAV/MicroMoog 12/SFM-MicroMoog12-37.wav	364854	44100	24	1	2.682
Micro From Mars/WAV/MicroMoog 12/SFM-MicroMoog12-38.wav	364195	44100	24	1	2.722
Micro From Mars/WAV/MicroMoog 12/SFM-MicroMoog12-39.wav	368077	44100	24	1	2.751
Micro From Mars/WAV/MicroMoog 12/SFM-MicroMoog12-40.wav	369480	44100	24	1	2.716
Micro From Mars/WAV/MicroMoog 12/SFM-MicroMoog12-41.wav	383335	44100	24	1	2.867
Micro From Mars/WAV/MicroMoog 12/SFM-MicroMoog12-42.wav	352825	44100	24	1	2.636
Micro From Mars/WAV/MicroMoog 12/SFM-MicroMoog12-43.wav	370758	44100	24	1	2.726
Micro From Mars/WAV/MicroMoog 12/SFM-MicroMoog12-44.wav	390720	44100	24	1	2.874
Micro From Mars/WAV/MicroMoog 12/SFM-MicroMoog12-45.wav	384018	44100	24	1	2.824
Micro From Mars/WAV/MicroMoog 12/SFM-MicroMoog12-46.wav	375360	44100	24	1	2.76
Micro From Mars/WAV/MicroMoog 12/SFM-MicroMoog12-47.wav	376519	44100	24	1	2.815
Micro From Mars/WAV/MicroMoog 12/SFM-MicroMoog12-48.wav	375876	44100	24	1	2.764
Micro From Mars/WAV/MicroMoog 12/SFM-MicroMoog12-49.wav	363901	44100	24	1	2.72
Micro From Mars/WAV/MicroMoog 12/SFM-MicroMoog12-50.wav	379477	44100	24	1	2.837
Micro From Mars/WAV/MicroMoog 12/SFM-MicroMoog12-51.wav	414360	44100	24	1	3.05
Micro From Mars/WAV/MicroMoog 12/SFM-MicroMoog12-52.wav	385933	44100	24	1	2.886
Micro From Mars/WAV/MicroMoog 12/SFM-MicroMoog12-53.wav	389173	44100	24	1	2.911
Micro From Mars/WAV/MicroMoog 12/SFM-MicroMoog12-54.wav	391776	44100	24	1	2.882
Micro From Mars/WAV/MicroMoog 12/SFM-MicroMoog12-55.wav	398958	44100	24	1	2.936
Micro From Mars/WAV/MicroMoog 12/SFM-MicroMoog12-56.wav	421704	44100	24	1	3.105
Micro From Mars/WAV/MicroMoog 12/SFM-MicroMoog12-57.wav	391717	44100	24	1	2.93
Micro From Mars/WAV/MicroMoog 12/SFM-MicroMoog12-58.wav	370596	44100	24	1	2.725
Micro From Mars/WAV/MicroMoog 12/SFM-MicroMoog12-59.wav	392947	44100	24	1	2.939
Micro From Mars/WAV/MicroMoog 12/SFM-MicroMoog12-60.wav	305317	44100	24	1	2.277
Micro From Mars/WAV/MicroMoog 12/SFM-MicroMoog12-61.wav	358243	44100	24	1	2.677
Micro From Mars/WAV/MicroMoog 12/SFM-MicroMoog12-62.wav	380947	44100	24	1	2.848
Micro From Mars/WAV/MicroMoog 12/SFM-MicroMoog12-63.wav	356371	44100	24	1	2.663
Micro From Mars/WAV/MicroMoog 12/SFM-MicroMoog12-64.wav	349657	44100	24	1	2.612
Micro From Mars/WAV/MicroMoog 12/SFM-MicroMoog12-65.wav	372318	44100	24	1	2.737
Micro From Mars/WAV/MicroMoog 12/SFM-MicroMoog12-66.wav	363546	44100	24	1	2.672
Micro From Mars/WAV/MicroMoog 12/SFM-MicroMoog12-67.wav	364302	44100	24	1	2.678
Micro From Mars/WAV/MicroMoog 12/SFM-MicroMoog12-68.wav	363073	44100	24	1	2.713
Micro From Mars/WAV/MicroMoog 12/SFM-MicroMoog12-69.wav	357283	44100	24	1	2.67
Micro From Mars/WAV/MicroMoog 12/SFM-MicroMoog12-70.wav	375978	44100	24	1	2.765
Micro From Mars/WAV/MicroMoog 12/SFM-MicroMoog12-71.wav	373044	44100	24	1	2.743
Micro From Mars/WAV/MicroMoog 12/SFM-MicroMoog12-72.wav	266551	44100	24	1	1.984
Micro From Mars/WAV/MicroMoog 13/SFM-MicroMoog13-24.wav	478368	44100	24	1	3.527
Micro From Mars/WAV/MicroMoog 13/SFM-MicroMoog13-25.wav	484512	44100	24	1	3.572
Micro From Mars/WAV/MicroMoog 13/SFM-MicroMoog13-26.wav	713503	44100	24	1	5.362
Micro From Mars/WAV/MicroMoog 13/SFM-MicroMoog13-27.wav	567637	44100	24	1	4.26
Micro From Mars/WAV/MicroMoog 13/SFM-MicroMoog13-28.wav	604932	44100	24	1	4.469
Micro From Mars/WAV/MicroMoog 13/SFM-MicroMoog13-29.wav	581592	44100	24	1	4.295
Micro From Mars/WAV/MicroMoog 13/SFM-MicroMoog13-30.wav	637650	44100	24	1	4.712
Micro From Mars/WAV/MicroMoog 13/SFM-MicroMoog13-31.wav	542095	44100	24	1	4.067
Micro From Mars/WAV/MicroMoog 13/SFM-MicroMoog13-32.wav	756252	44100	24	1	5.595
Micro From Mars/WAV/MicroMoog 13/SFM-MicroMoog13-33.wav	697908	44100	24	1	5.161
Micro From Mars/WAV/MicroMoog 13/SFM-MicroMoog13-34.wav	417301	44100	24	1	3.123
Micro From Mars/WAV/MicroMoog 13/SFM-MicroMoog13-35.wav	718651	44100	24	1	5.401
Micro From Mars/WAV/MicroMoog 13/SFM-MicroMoog13-36.wav	747246	44100	24	1	5.528
Micro From Mars/WAV/MicroMoog 13/SFM-MicroMoog13-37.wav	606018	44100	24	1	4.477
Micro From Mars/WAV/MicroMoog 13/SFM-MicroMoog13-38.wav	660030	44100	24	1	4.879
Micro From Mars/WAV/MicroMoog 13/SFM-MicroMoog13-39.wav	719928	44100	24	1	5.324
Micro From Mars/WAV/MicroMoog 13/SFM-MicroMoog13-40.wav	568015	44100	24	1	4.262
Micro From Mars/WAV/MicroMoog 13/SFM-MicroMoog13-41.wav	671275	44100	24	1	5.043
Micro From Mars/WAV/MicroMoog 13/SFM-MicroMoog13-42.wav	720102	44100	24	1	5.326
Micro From Mars/WAV/MicroMoog 13/SFM-MicroMoog13-43.wav	576174	44100	24	1	4.255
Micro From Mars/WAV/MicroMoog 13/SFM-MicroMoog13-44.wav	678709	44100	24	1	5.099
Micro From Mars/WAV/MicroMoog 13/SFM-MicroMoog13-45.wav	692316	44100	24	1	5.119
Micro From Mars/WAV/MicroMoog 13/SFM-MicroMoog13-46.wav	432979	44100	24	1	3.242
Micro From Mars/WAV/MicroMoog 13/SFM-MicroMoog13-47.wav	600018	44100	24	1	4.432
Micro From Mars/WAV/MicroMoog 13/SFM-MicroMoog13-48.wav	673447	44100	24	1	5.059
Micro From Mars/WAV/MicroMoog 13/SFM-MicroMoog13-49.wav	661464	44100	24	1	4.889
Micro From Mars/WAV/MicroMoog 13/SFM-MicroMoog13-50.wav	737683	44100	24	1	5.545
Micro From Mars/WAV/MicroMoog 13/SFM-MicroMoog13-51.wav	741384	44100	24	1	5.484
Micro From Mars/WAV/MicroMoog 13/SFM-MicroMoog13-52.wav	222097	44100	24	1	1.648
Micro From Mars/WAV/MicroMoog 13/SFM-MicroMoog13-53.wav	487711	44100	24	1	3.655
Micro From Mars/WAV/MicroMoog 13/SFM-MicroMoog13-54.wav	495408	44100	24	1	3.653
Micro From Mars/WAV/MicroMoog 13/SFM-MicroMoog13-55.wav	538176	44100	24	1	3.972
Micro From Mars/WAV/MicroMoog 13/SFM-MicroMoog13-56.wav	727495	44100	24	1	5.468
Micro From Mars/WAV/MicroMoog 13/SFM-MicroMoog13-57.wav	714648	44100	24	1	5.285
Micro From Mars/WAV/MicroMoog 13/SFM-MicroMoog13-58.wav	532536	44100	24	1	3.93
Micro From Mars/WAV/MicroMoog 13/SFM-MicroMoog13-59.wav	727543	44100	24	1	5.468
Micro From Mars/WAV/MicroMoog 13/SFM-MicroMoog13-60.wav	429858	44100	24	1	3.166
Micro From Mars/WAV/MicroMoog 13/SFM-MicroMoog13-61.wav	229573	44100	24	1	1.704
Micro From Mars/WAV/MicroMoog 13/SFM-MicroMoog13-62.wav	296160	44100	24	1	2.171
Micro From Mars/WAV/MicroMoog 13/SFM-MicroMoog13-63.wav	506617	44100	24	1	3.798
Micro From Mars/WAV/MicroMoog 13/SFM-MicroMoog13-64.wav	456432	44100	24	1	3.363
Micro From Mars/WAV/MicroMoog 13/SFM-MicroMoog13-65.wav	507648	44100	24	1	3.745
Micro From Mars/WAV/MicroMoog 13/SFM-MicroMoog13-66.wav	337369	44100	24	1	2.519
Micro From Mars/WAV/MicroMoog 13/SFM-MicroMoog13-67.wav	726738	44100	24	1	5.375
Micro From Mars/WAV/MicroMoog 13/SFM-MicroMoog13-68.wav	702618	44100	24	1	5.196
Micro From Mars/WAV/MicroMoog 13/SFM-MicroMoog13-69.wav	743676	44100	24	1	5.501
Micro From Mars/WAV/MicroMoog 13/SFM-MicroMoog13-70.wav	756967	44100	24	1	5.691
Micro From Mars/WAV/MicroMoog 13/SFM-MicroMoog13-71.wav	752089	44100	24	1	5.654
Micro From Mars/WAV/MicroMoog 13/SFM-MicroMoog13-72.wav	424158	44100	24	1	3.123
Micro From Mars/WAV/MicroMoog 13/SFM-MicroMoog13-73.wav	709867	44100	24	1	5.335
Micro From Mars/WAV/MicroMoog 13/SFM-MicroMoog13-74.wav	591378	44100	24	1	4.368
Micro From Mars/WAV/MicroMoog 13/SFM-MicroMoog13-75.wav	681786	44100	24	1	5.041
Micro From Mars/WAV/MicroMoog 13/SFM-MicroMoog13-76.wav	756906	44100	24	1	5.6
Micro From Mars/WAV/MicroMoog 13/SFM-MicroMoog13-77.wav	497730	44100	24	1	3.671
Micro From Mars/WAV/MicroMoog 13/SFM-MicroMoog13-78.wav	319165	44100	24	1	2.381
Micro From Mars/WAV/MicroMoog 13/SFM-MicroMoog13-79.wav	584550	44100	24	1	4.317
Micro From Mars/WAV/MicroMoog 13/SFM-MicroMoog13-80.wav	470203	44100	24	1	3.523
Micro From Mars/WAV/MicroMoog 13/SFM-MicroMoog13-81.wav	536617	44100	24	1	4.025
Micro From Mars/WAV/MicroMoog 13/SFM-MicroMoog13-82.wav	240150	44100	24	1	1.754
Micro From Mars/WAV/MicroMoog 13/SFM-MicroMoog13-83.wav	165745	44100	24	1	1.222
Micro From Mars/WAV/MicroMoog 13/SFM-MicroMoog13-84.wav	736747	44100	24	1	5.538
Micro From Mars/WAV/MicroMoog 13/SFM-MicroMoog13-85.wav	721506	44100	24	1	5.336
Micro From Mars/WAV/MicroMoog 13/SFM-MicroMoog13-86.wav	467694	44100	24	1	3.447
Micro From Mars/WAV/MicroMoog 13/SFM-MicroMoog13-87.wav	223909	44100	24	1	1.661
Micro From Mars/WAV/MicroMoog 13/SFM-MicroMoog13-88.wav	358308	44100	24	1	2.633
Micro From Mars/WAV/MicroMoog 13/SFM-MicroMoog13-89.wav	762864	44100	24	1	5.644
Micro From Mars/WAV/MicroMoog 13/SFM-MicroMoog13-90.wav	390289	44100	24	1	2.919
Micro From Mars/WAV/MicroMoog 13/SFM-MicroMoog13-91.wav	327433	44100	24	1	2.444
Micro From Mars/WAV/MicroMoog 13/SFM-MicroMoog13-92.wav	449670	44100	24	1	3.313
Micro From Mars/WAV/MicroMoog 13/SFM-MicroMoog13-93.wav	308539	44100	24	1	2.301
Micro From Mars/WAV/MicroMoog 14/SFM-MicroMoog14-24.wav	398304	44100	24	1	2.931
Micro From Mars/WAV/MicroMoog 14/SFM-MicroMoog14-25.wav	685638	44100	24	1	5.069
Micro From Mars/WAV/MicroMoog 14/SFM-MicroMoog14-26.wav	772710	44100	24	1	5.717
Micro From Mars/WAV/MicroMoog 14/SFM-MicroMoog14-27.wav	441828	44100	24	1	3.255
Micro From Mars/WAV/MicroMoog 14/SFM-MicroMoog14-28.wav	775770	44100	24	1	5.74
Micro From Mars/WAV/MicroMoog 14/SFM-MicroMoog14-29.wav	649506	44100	24	1	4.8
Micro From Mars/WAV/MicroMoog 14/SFM-MicroMoog14-30.wav	680617	44100	24	1	5.114
Micro From Mars/WAV/MicroMoog 14/SFM-MicroMoog14-31.wav	376200	44100	24	1	2.766
Micro From Mars/WAV/MicroMoog 14/SFM-MicroMoog14-32.wav	463501	44100	24	1	3.472
Micro From Mars/WAV/MicroMoog 14/SFM-MicroMoog14-33.wav	742537	44100	24	1	5.582
Micro From Mars/WAV/MicroMoog 14/SFM-MicroMoog14-34.wav	620226	44100	24	1	4.582
Micro From Mars/WAV/MicroMoog 14/SFM-MicroMoog14-35.wav	620274	44100	24	1	4.583
Micro From Mars/WAV/MicroMoog 14/SFM-MicroMoog14-36.wav	429859	44100	24	1	3.218
Micro From Mars/WAV/MicroMoog 14/SFM-MicroMoog14-37.wav	626893	44100	24	1	4.707
Micro From Mars/WAV/MicroMoog 14/SFM-MicroMoog14-38.wav	729013	44100	24	1	5.479
Micro From Mars/WAV/MicroMoog 14/SFM-MicroMoog14-39.wav	683821	44100	24	1	5.138
Micro From Mars/WAV/MicroMoog 14/SFM-MicroMoog14-40.wav	467202	44100	24	1	3.444
Micro From Mars/WAV/MicroMoog 14/SFM-MicroMoog14-41.wav	718705	44100	24	1	5.401
Micro From Mars/WAV/MicroMoog 14/SFM-MicroMoog14-42.wav	653659	44100	24	1	4.91
Micro From Mars/WAV/MicroMoog 14/SFM-MicroMoog14-43.wav	746749	44100	24	1	5.613
Micro From Mars/WAV/MicroMoog 14/SFM-MicroMoog14-44.wav	706320	44100	24	1	5.223
Micro From Mars/WAV/MicroMoog 14/SFM-MicroMoog14-45.wav	512827	44100	24	1	3.845
Micro From Mars/WAV/MicroMoog 14/SFM-MicroMoog14-46.wav	727830	44100	24	1	5.383
Micro From Mars/WAV/MicroMoog 14/SFM-MicroMoog14-47.wav	708817	44100	24	1	5.327
Micro From Mars/WAV/MicroMoog 14/SFM-MicroMoog14-48.wav	403129	44100	24	1	3.016
Micro From Mars/WAV/MicroMoog 14/SFM-MicroMoog14-49.wav	749712	44100	24	1	5.546
Micro From Mars/WAV/MicroMoog 14/SFM-MicroMoog14-50.wav	704035	44100	24	1	5.291
Micro From Mars/WAV/MicroMoog 14/SFM-MicroMoog14-51.wav	626682	44100	24	1	4.63
Micro From Mars/WAV/MicroMoog 14/SFM-MicroMoog14-52.wav	619494	44100	24	1	4.577
Micro From Mars/WAV/MicroMoog 14/SFM-MicroMoog14-53.wav	549673	44100	24	1	4.124
Micro From Mars/WAV/MicroMoog 14/SFM-MicroMoog14-54.wav	547170	44100	24	1	4.039
Micro From Mars/WAV/MicroMoog 14/SFM-MicroMoog14-55.wav	538093	44100	24	1	4.036
Micro From Mars/WAV/MicroMoog 14/SFM-MicroMoog14-56.wav	745452	44100	24	1	5.514
Micro From Mars/WAV/MicroMoog 14/SFM-MicroMoog14-57.wav	350568	44100	24	1	2.576
Micro From Mars/WAV/MicroMoog 14/SFM-MicroMoog14-58.wav	648912	44100	24	1	4.796
Micro From Mars/WAV/MicroMoog 14/SFM-MicroMoog14-59.wav	390936	44100	24	1	2.876
Micro From Mars/WAV/MicroMoog 15/SFM-MicroMoog15-24.wav	633271	44100	24	1	4.756
Micro From Mars/WAV/MicroMoog 15/SFM-MicroMoog15-25.wav	692797	44100	24	1	5.206
Micro From Mars/WAV/MicroMoog 15/SFM-MicroMoog15-26.wav	739687	44100	24	1	5.56
Micro From Mars/WAV/MicroMoog 15/SFM-MicroMoog15-27.wav	491928	44100	24	1	3.628
Micro From Mars/WAV/MicroMoog 15/SFM-MicroMoog15-28.wav	737941	44100	24	1	5.547
Micro From Mars/WAV/MicroMoog 15/SFM-MicroMoog15-29.wav	799428	44100	24	1	5.916
Micro From Mars/WAV/MicroMoog 15/SFM-MicroMoog15-30.wav	585973	44100	24	1	4.398
Micro From Mars/WAV/MicroMoog 15/SFM-MicroMoog15-31.wav	720612	44100	24	1	5.329
Micro From Mars/WAV/MicroMoog 15/SFM-MicroMoog15-32.wav	695701	44100	24	1	5.228
Micro From Mars/WAV/MicroMoog 15/SFM-MicroMoog15-33.wav	699582	44100	24	1	5.173
Micro From Mars/WAV/MicroMoog 15/SFM-MicroMoog15-34.wav	690060	44100	24	1	5.102
Micro From Mars/WAV/MicroMoog 15/SFM-MicroMoog15-35.wav	549276	44100	24	1	4.054
Micro From Mars/WAV/MicroMoog 15/SFM-MicroMoog15-36.wav	542088	44100	24	1	4.001
Micro From Mars/WAV/MicroMoog 15/SFM-MicroMoog15-37.wav	325567	44100	24	1	2.43
Micro From Mars/WAV/MicroMoog 15/SFM-MicroMoog15-38.wav	650641	44100	24	1	4.887
Micro From Mars/WAV/MicroMoog 15/SFM-MicroMoog15-39.wav	637633	44100	24	1	4.789
Micro From Mars/WAV/MicroMoog 15/SFM-MicroMoog15-40.wav	702402	44100	24	1	5.194
Micro From Mars/WAV/MicroMoog 15/SFM-MicroMoog15-41.wav	682105	44100	24	1	5.125
Micro From Mars/WAV/MicroMoog 15/SFM-MicroMoog15-42.wav	741907	44100	24	1	5.577
Micro From Mars/WAV/MicroMoog 15/SFM-MicroMoog15-43.wav	744282	44100	24	1	5.506
Micro From Mars/WAV/MicroMoog 15/SFM-MicroMoog15-44.wav	723031	44100	24	1	5.434
Micro From Mars/WAV/MicroMoog 15/SFM-MicroMoog15-45.wav	758388	44100	24	1	5.611
Micro From Mars/WAV/MicroMoog 15/SFM-MicroMoog15-46.wav	713503	44100	24	1	5.362
Micro From Mars/WAV/MicroMoog 15/SFM-MicroMoog15-47.wav	314172	44100	24	1	2.305
Micro From Mars/WAV/MicroMoog 15/SFM-MicroMoog15-48.wav	440106	44100	24	1	3.242
Micro From Mars/WAV/MicroMoog 15/SFM-MicroMoog15-49.wav	700536	44100	24	1	5.18
Micro From Mars/WAV/MicroMoog 15/SFM-MicroMoog15-50.wav	734952	44100	24	1	5.436
Micro From Mars/WAV/MicroMoog 15/SFM-MicroMoog15-51.wav	737023	44100	24	1	5.54
Micro From Mars/WAV/MicroMoog 15/SFM-MicroMoog15-52.wav	741492	44100	24	1	5.485
Micro From Mars/WAV/MicroMoog 15/SFM-MicroMoog15-53.wav	665004	44100	24	1	4.916
Micro From Mars/WAV/MicroMoog 15/SFM-MicroMoog15-54.wav	709465	44100	24	1	5.332
Micro From Mars/WAV/MicroMoog 15/SFM-MicroMoog15-55.wav	443082	44100	24	1	3.264
Micro From Mars/WAV/MicroMoog 15/SFM-MicroMoog15-56.wav	628249	44100	24	1	4.718
Micro From Mars/WAV/MicroMoog 15/SFM-MicroMoog15-57.wav	680317	44100	24	1	5.111
Micro From Mars/WAV/MicroMoog 15/SFM-MicroMoog15-58.wav	738979	44100	24	1	5.555
Micro From Mars/WAV/MicroMoog 15/SFM-MicroMoog15-59.wav	733351	44100	24	1	5.512
Micro From Mars/WAV/MicroMoog 15/SFM-MicroMoog15-60.wav	332718	44100	24	1	2.443
Micro From Mars/WAV/MicroMoog 15/SFM-MicroMoog15-61.wav	719796	44100	24	1	5.323
Micro From Mars/WAV/MicroMoog 15/SFM-MicroMoog15-62.wav	698767	44100	24	1	5.251
Micro From Mars/WAV/MicroMoog 15/SFM-MicroMoog15-63.wav	433476	44100	24	1	3.193
Micro From Mars/WAV/MicroMoog 15/SFM-MicroMoog15-64.wav	678199	44100	24	1	5.095
Micro From Mars/WAV/MicroMoog 15/SFM-MicroMoog15-65.wav	739398	44100	24	1	5.469
Micro From Mars/WAV/MicroMoog 15/SFM-MicroMoog15-66.wav	326875	44100	24	1	2.44
Micro From Mars/WAV/MicroMoog 15/SFM-MicroMoog15-67.wav	581935	44100	24	1	4.368
Micro From Mars/WAV/MicroMoog 15/SFM-MicroMoog15-68.wav	580470	44100	24	1	4.287
Micro From Mars/WAV/MicroMoog 15/SFM-MicroMoog15-69.wav	647022	44100	24	1	4.782
Micro From Mars/WAV/MicroMoog 15/SFM-MicroMoog15-70.wav	290083	44100	24	1	2.162
Micro From Mars/WAV/MicroMoog 15/SFM-MicroMoog15-71.wav	411637	44100	24	1	3.08
Micro From Mars/WAV/MicroMoog 15/SFM-MicroMoog15-72.wav	732019	44100	24	1	5.502
Micro From Mars/WAV/MicroMoog 15/SFM-MicroMoog15-73.wav	462157	44100	24	1	3.462
Micro From Mars/WAV/MicroMoog 15/SFM-MicroMoog15-74.wav	717961	44100	24	1	5.396
Micro From Mars/WAV/MicroMoog 15/SFM-MicroMoog15-75.wav	716724	44100	24	1	5.301
Micro From Mars/WAV/MicroMoog 15/SFM-MicroMoog15-76.wav	578496	44100	24	1	4.272
Micro From Mars/WAV/MicroMoog 15/SFM-MicroMoog15-77.wav	444312	44100	24	1	3.273
Micro From Mars/WAV/MicroMoog 15/SFM-MicroMoog15-78.wav	679027	44100	24	1	5.102
Micro From Mars/WAV/MicroMoog 15/SFM-MicroMoog15-79.wav	354295	44100	24	1	2.647
Micro From Mars/WAV/MicroMoog 15/SFM-MicroMoog15-80.wav	331663	44100	24	1	2.476
Micro From Mars/WAV/MicroMoog 15/SFM-MicroMoog15-81.wav	706489	44100	24	1	5.309
Micro From Mars/WAV/MicroMoog 15/SFM-MicroMoog15-82.wav	507391	44100	24	1	3.804
Micro From Mars/WAV/MicroMoog 15/SFM-MicroMoog15-83.wav	501042	44100	24	1	3.695
Micro From Mars/WAV/MicroMoog 15/SFM-MicroMoog15-84.wav	490332	44100	24	1	3.616
Micro From Mars/WAV/MicroMoog 16/SFM-MicroMoog16-24.wav	748992	44100	24	1	5.541
Micro From Mars/WAV/MicroMoog 16/SFM-MicroMoog16-25.wav	697194	44100	24	1	5.155
Micro From Mars/WAV/MicroMoog 16/SFM-MicroMoog16-26.wav	716275	44100	24	1	5.383
Micro From Mars/WAV/MicroMoog 16/SFM-MicroMoog16-27.wav	700314	44100	24	1	5.178
Micro From Mars/WAV/MicroMoog 16/SFM-MicroMoog16-28.wav	759210	44100	24	1	5.617
Micro From Mars/WAV/MicroMoog 16/SFM-MicroMoog16-29.wav	719503	44100	24	1	5.407
Micro From Mars/WAV/MicroMoog 16/SFM-MicroMoog16-30.wav	716527	44100	24	1	5.385
Micro From Mars/WAV/MicroMoog 16/SFM-MicroMoog16-31.wav	724206	44100	24	1	5.356
Micro From Mars/WAV/MicroMoog 16/SFM-MicroMoog16-32.wav	699780	44100	24	1	5.174
Micro From Mars/WAV/MicroMoog 16/SFM-MicroMoog16-33.wav	607681	44100	24	1	4.562
Micro From Mars/WAV/MicroMoog 16/SFM-MicroMoog16-34.wav	744300	44100	24	1	5.506
Micro From Mars/WAV/MicroMoog 16/SFM-MicroMoog16-35.wav	724038	44100	24	1	5.355
Micro From Mars/WAV/MicroMoog 16/SFM-MicroMoog16-36.wav	645943	44100	24	1	4.851
Micro From Mars/WAV/MicroMoog 16/SFM-MicroMoog16-37.wav	696084	44100	24	1	5.147
Micro From Mars/WAV/MicroMoog 16/SFM-MicroMoog16-38.wav	704449	44100	24	1	5.294
Micro From Mars/WAV/MicroMoog 16/SFM-MicroMoog16-39.wav	753708	44100	24	1	5.576
Micro From Mars/WAV/MicroMoog 16/SFM-MicroMoog16-40.wav	708103	44100	24	1	5.321
Micro From Mars/WAV/MicroMoog 16/SFM-MicroMoog16-41.wav	686929	44100	24	1	5.161
Micro From Mars/WAV/MicroMoog 16/SFM-MicroMoog16-42.wav	710268	44100	24	1	5.253
Micro From Mars/WAV/MicroMoog 16/SFM-MicroMoog16-43.wav	729187	44100	24	1	5.481
Micro From Mars/WAV/MicroMoog 16/SFM-MicroMoog16-44.wav	626418	44100	24	1	4.628
Micro From Mars/WAV/MicroMoog 16/SFM-MicroMoog16-45.wav	649626	44100	24	1	4.801
Micro From Mars/WAV/MicroMoog 16/SFM-MicroMoog16-46.wav	732528	44100	24	1	5.418
Micro From Mars/WAV/MicroMoog 16/SFM-MicroMoog16-47.wav	715332	44100	24	1	5.29
Micro From Mars/WAV/MicroMoog 16/SFM-MicroMoog16-48.wav	663372	44100	24	1	4.904
Micro From Mars/WAV/MicroMoog 16/SFM-MicroMoog16-49.wav	724471	44100	24	1	5.445
Micro From Mars/WAV/MicroMoog 16/SFM-MicroMoog16-50.wav	680983	44100	24	1	5.116
Micro From Mars/WAV/MicroMoog 16/SFM-MicroMoog16-51.wav	730609	44100	24	1	5.491
Micro From Mars/WAV/MicroMoog 16/SFM-MicroMoog16-52.wav	689184	44100	24	1	5.096
Micro From Mars/WAV/MicroMoog 16/SFM-MicroMoog16-53.wav	574483	44100	24	1	4.311
Micro From Mars/WAV/MicroMoog 16/SFM-MicroMoog16-54.wav	697614	44100	24	1	5.158
Micro From Mars/WAV/MicroMoog 16/SFM-MicroMoog16-55.wav	729493	44100	24	1	5.483
Micro From Mars/WAV/MicroMoog 16/SFM-MicroMoog16-56.wav	687468	44100	24	1	5.083
Micro From Mars/WAV/MicroMoog 16/SFM-MicroMoog16-57.wav	717306	44100	24	1	5.305
Micro From Mars/WAV/MicroMoog 16/SFM-MicroMoog16-58.wav	669931	44100	24	1	5.033
Micro From Mars/WAV/MicroMoog 16/SFM-MicroMoog16-59.wav	733783	44100	24	1	5.515
Micro From Mars/WAV/MicroMoog 16/SFM-MicroMoog16-60.wav	733350	44100	24	1	5.424
Micro From Mars/WAV/MicroMoog 16/SFM-MicroMoog16-61.wav	677124	44100	24	1	5.006
Micro From Mars/WAV/MicroMoog 16/SFM-MicroMoog16-62.wav	724614	44100	24	1	5.359
Micro From Mars/WAV/MicroMoog 16/SFM-MicroMoog16-63.wav	694807	44100	24	1	5.221
Micro From Mars/WAV/MicroMoog 16/SFM-MicroMoog16-64.wav	697206	44100	24	1	5.155
Micro From Mars/WAV/MicroMoog 16/SFM-MicroMoog16-65.wav	718879	44100	24	1	5.403
Micro From Mars/WAV/MicroMoog 16/SFM-MicroMoog16-66.wav	642642	44100	24	1	4.749
Micro From Mars/WAV/MicroMoog 16/SFM-MicroMoog16-67.wav	716076	44100	24	1	5.296
Micro From Mars/WAV/MicroMoog 16/SFM-MicroMoog16-68.wav	660547	44100	24	1	4.962
Micro From Mars/WAV/MicroMoog 16/SFM-MicroMoog16-69.wav	676308	44100	24	1	5.0
Micro From Mars/WAV/MicroMoog 16/SFM-MicroMoog16-70.wav	691590	44100	24	1	5.114
Micro From Mars/WAV/MicroMoog 16/SFM-MicroMoog16-71.wav	717762	44100	24	1	5.308
Micro From Mars/WAV/MicroMoog 16/SFM-MicroMoog16-72.wav	565212	44100	24	1	4.173
Micro From Mars/WAV/MicroMoog 16/SFM-MicroMoog16-73.wav	645361	44100	24	1	4.847
Micro From Mars/WAV/MicroMoog 16/SFM-MicroMoog16-74.wav	813102	44100	24	1	6.018
Micro From Mars/WAV/MicroMoog 16/SFM-MicroMoog16-75.wav	718627	44100	24	1	5.401
Micro From Mars/WAV/MicroMoog 16/SFM-MicroMoog16-76.wav	728041	44100	24	1	5.472
Micro From Mars/WAV/MicroMoog 16/SFM-MicroMoog16-77.wav	760728	44100	24	1	5.628
Micro From Mars/WAV/MicroMoog 16/SFM-MicroMoog16-78.wav	661807	44100	24	1	4.971
Micro From Mars/WAV/MicroMoog 16/SFM-MicroMoog16-79.wav	651463	44100	24	1	4.893
Micro From Mars/WAV/MicroMoog 16/SFM-MicroMoog16-80.wav	660342	44100	24	1	4.881
Micro From Mars/WAV/MicroMoog 16/SFM-MicroMoog16-81.wav	561894	44100	24	1	4.148
Micro From Mars/WAV/MicroMoog 16/SFM-MicroMoog16-82.wav	690481	44100	24	1	5.188
Micro From Mars/WAV/MicroMoog 16/SFM-MicroMoog16-83.wav	708469	44100	24	1	5.324
Micro From Mars/WAV/MicroMoog 16/SFM-MicroMoog16-84.wav	688645	44100	24	1	5.174
Micro From Mars/WAV/MicroMoog 17/SFM-MicroMoog17-24.wav	750913	44100	24	1	5.645
Micro From Mars/WAV/MicroMoog 17/SFM-MicroMoog17-25.wav	747745	44100	24	1	5.621
Micro From Mars/WAV/MicroMoog 17/SFM-MicroMoog17-26.wav	765955	44100	24	1	5.759
Micro From Mars/WAV/MicroMoog 17/SFM-MicroMoog17-27.wav	739759	44100	24	1	5.561
Micro From Mars/WAV/MicroMoog 17/SFM-MicroMoog17-28.wav	996402	44100	24	1	7.382
Micro From Mars/WAV/MicroMoog 17/SFM-MicroMoog17-29.wav	784584	44100	24	1	5.806
Micro From Mars/WAV/MicroMoog 17/SFM-MicroMoog17-30.wav	786235	44100	24	1	5.912
Micro From Mars/WAV/MicroMoog 17/SFM-MicroMoog17-31.wav	761694	44100	24	1	5.635
Micro From Mars/WAV/MicroMoog 17/SFM-MicroMoog17-32.wav	754332	44100	24	1	5.58
Micro From Mars/WAV/MicroMoog 17/SFM-MicroMoog17-33.wav	761142	44100	24	1	5.631
Micro From Mars/WAV/MicroMoog 17/SFM-MicroMoog17-34.wav	739867	44100	24	1	5.561
Micro From Mars/WAV/MicroMoog 17/SFM-MicroMoog17-35.wav	759612	44100	24	1	5.62
Micro From Mars/WAV/MicroMoog 17/SFM-MicroMoog17-36.wav	771252	44100	24	1	5.706
Micro From Mars/WAV/MicroMoog 17/SFM-MicroMoog17-37.wav	764586	44100	24	1	5.657
Micro From Mars/WAV/MicroMoog 17/SFM-MicroMoog17-38.wav	775891	44100	24	1	5.834
Micro From Mars/WAV/MicroMoog 17/SFM-MicroMoog17-39.wav	780877	44100	24	1	5.871
Micro From Mars/WAV/MicroMoog 17/SFM-MicroMoog17-40.wav	784327	44100	24	1	5.897
Micro From Mars/WAV/MicroMoog 17/SFM-MicroMoog17-41.wav	798390	44100	24	1	5.908
Micro From Mars/WAV/MicroMoog 17/SFM-MicroMoog17-42.wav	742404	44100	24	1	5.492
Micro From Mars/WAV/MicroMoog 17/SFM-MicroMoog17-43.wav	730351	44100	24	1	5.489
Micro From Mars/WAV/MicroMoog 17/SFM-MicroMoog17-44.wav	747120	44100	24	1	5.527
Micro From Mars/WAV/MicroMoog 17/SFM-MicroMoog17-45.wav	735631	44100	24	1	5.529
Micro From Mars/WAV/MicroMoog 17/SFM-MicroMoog17-46.wav	748386	44100	24	1	5.536
Micro From Mars/WAV/MicroMoog 17/SFM-MicroMoog17-47.wav	734917	44100	24	1	5.524
Micro From Mars/WAV/MicroMoog 17/SFM-MicroMoog17-48.wav	748068	44100	24	1	5.534
Micro From Mars/WAV/MicroMoog 17/SFM-MicroMoog17-49.wav	752731	44100	24	1	5.659
Micro From Mars/WAV/MicroMoog 17/SFM-MicroMoog17-50.wav	759516	44100	24	1	5.619
Micro From Mars/WAV/MicroMoog 17/SFM-MicroMoog17-51.wav	770551	44100	24	1	5.793
Micro From Mars/WAV/MicroMoog 17/SFM-MicroMoog17-52.wav	762486	44100	24	1	5.641
Micro From Mars/WAV/MicroMoog 17/SFM-MicroMoog17-53.wav	768751	44100	24	1	5.78
Micro From Mars/WAV/MicroMoog 17/SFM-MicroMoog17-54.wav	780169	44100	24	1	5.866
Micro From Mars/WAV/MicroMoog 17/SFM-MicroMoog17-55.wav	766681	44100	24	1	5.764
Micro From Mars/WAV/MicroMoog 17/SFM-MicroMoog17-56.wav	759738	44100	24	1	5.621
Micro From Mars/WAV/MicroMoog 17/SFM-MicroMoog17-57.wav	752052	44100	24	1	5.563
Micro From Mars/WAV/MicroMoog 17/SFM-MicroMoog17-58.wav	741511	44100	24	1	5.574
Micro From Mars/WAV/MicroMoog 17/SFM-MicroMoog17-59.wav	757351	44100	24	1	5.694
Micro From Mars/WAV/MicroMoog 17/SFM-MicroMoog17-60.wav	731976	44100	24	1	5.414
Micro From Mars/WAV/MicroMoog 17/SFM-MicroMoog17-61.wav	772716	44100	24	1	5.717
Micro From Mars/WAV/MicroMoog 17/SFM-MicroMoog17-62.wav	759696	44100	24	1	5.62
Micro From Mars/WAV/MicroMoog 17/SFM-MicroMoog17-63.wav	784327	44100	24	1	5.897
Micro From Mars/WAV/MicroMoog 17/SFM-MicroMoog17-64.wav	746623	44100	24	1	5.612
Micro From Mars/WAV/MicroMoog 17/SFM-MicroMoog17-65.wav	767580	44100	24	1	5.679
Micro From Mars/WAV/MicroMoog 17/SFM-MicroMoog17-66.wav	766753	44100	24	1	5.765
Micro From Mars/WAV/MicroMoog 17/SFM-MicroMoog17-67.wav	779460	44100	24	1	5.767
Micro From Mars/WAV/MicroMoog 17/SFM-MicroMoog17-68.wav	773593	44100	24	1	5.816
Micro From Mars/WAV/MicroMoog 17/SFM-MicroMoog17-69.wav	790117	44100	24	1	5.941
Micro From Mars/WAV/MicroMoog 17/SFM-MicroMoog17-70.wav	799518	44100	24	1	5.917
Micro From Mars/WAV/MicroMoog 17/SFM-MicroMoog17-71.wav	793746	44100	24	1	5.874
Micro From Mars/WAV/MicroMoog 17/SFM-MicroMoog17-72.wav	746850	44100	24	1	5.525
Micro From Mars/WAV/MicroMoog 17/SFM-MicroMoog17-73.wav	736201	44100	24	1	5.534
Micro From Mars/WAV/MicroMoog 17/SFM-MicroMoog17-74.wav	751050	44100	24	1	5.556
Micro From Mars/WAV/MicroMoog 17/SFM-MicroMoog17-75.wav	747583	44100	24	1	5.62
Micro From Mars/WAV/MicroMoog 17/SFM-MicroMoog17-76.wav	772506	44100	24	1	5.716
Micro From Mars/WAV/MicroMoog 17/SFM-MicroMoog17-77.wav	747637	44100	24	1	5.62
Micro From Mars/WAV/MicroMoog 17/SFM-MicroMoog17-78.wav	747661	44100	24	1	5.62
Micro From Mars/WAV/MicroMoog 17/SFM-MicroMoog17-79.wav	779412	44100	24	1	5.767
Micro From Mars/WAV/MicroMoog 17/SFM-MicroMoog17-80.wav	766573	44100	24	1	5.763
Micro From Mars/WAV/MicroMoog 17/SFM-MicroMoog17-81.wav	759882	44100	24	1	5.622
Micro From Mars/WAV/MicroMoog 17/SFM-MicroMoog17-82.wav	754446	44100	24	1	5.581
Micro From Mars/WAV/MicroMoog 17/SFM-MicroMoog17-83.wav	759726	44100	24	1	5.621
Micro From Mars/WAV/MicroMoog 17/SFM-MicroMoog17-84.wav	772428	44100	24	1	5.715
Micro From Mars/WAV/MicroMoog 17/SFM-MicroMoog17-85.wav	759564	44100	24	1	5.619
Micro From Mars/WAV/MicroMoog 17/SFM-MicroMoog17-86.wav	753378	44100	24	1	5.573
Micro From Mars/WAV/MicroMoog 17/SFM-MicroMoog17-87.wav	760236	44100	24	1	5.624
Micro From Mars/WAV/MicroMoog 17/SFM-MicroMoog17-88.wav	759810	44100	24	1	5.621
Micro From Mars/WAV/MicroMoog 17/SFM-MicroMoog17-89.wav	747511	44100	24	1	5.619
Micro From Mars/WAV/MicroMoog 17/SFM-MicroMoog17-90.wav	757584	44100	24	1	5.605
Micro From Mars/WAV/MicroMoog 18/SFM-MicroMoog18-100.wav	681565	44100	24	1	5.121
Micro From Mars/WAV/MicroMoog 18/SFM-MicroMoog18-101.wav	754483	44100	24	1	5.672
Micro From Mars/WAV/MicroMoog 18/SFM-MicroMoog18-102.wav	794988	44100	24	1	5.883
Micro From Mars/WAV/MicroMoog 18/SFM-MicroMoog18-103.wav	664993	44100	24	1	4.995
Micro From Mars/WAV/MicroMoog 18/SFM-MicroMoog18-36.wav	552234	44100	24	1	4.076
Micro From Mars/WAV/MicroMoog 18/SFM-MicroMoog18-37.wav	669091	44100	24	1	5.026
Micro From Mars/WAV/MicroMoog 18/SFM-MicroMoog18-38.wav	533119	44100	24	1	3.999
Micro From Mars/WAV/MicroMoog 18/SFM-MicroMoog18-39.wav	654421	44100	24	1	4.916
Micro From Mars/WAV/MicroMoog 18/SFM-MicroMoog18-40.wav	584874	44100	24	1	4.319
Micro From Mars/WAV/MicroMoog 18/SFM-MicroMoog18-41.wav	644707	44100	24	1	4.842
Micro From Mars/WAV/MicroMoog 18/SFM-MicroMoog18-42.wav	519996	44100	24	1	3.837
Micro From Mars/WAV/MicroMoog 18/SFM-MicroMoog18-43.wav	633229	44100	24	1	4.755
Micro From Mars/WAV/MicroMoog 18/SFM-MicroMoog18-44.wav	518995	44100	24	1	3.892
Micro From Mars/WAV/MicroMoog 18/SFM-MicroMoog18-45.wav	688375	44100	24	1	5.172
Micro From Mars/WAV/MicroMoog 18/SFM-MicroMoog18-46.wav	773065	44100	24	1	5.812
Micro From Mars/WAV/MicroMoog 18/SFM-MicroMoog18-47.wav	752005	44100	24	1	5.653
Micro From Mars/WAV/MicroMoog 18/SFM-MicroMoog18-48.wav	778315	44100	24	1	5.852
Micro From Mars/WAV/MicroMoog 18/SFM-MicroMoog18-49.wav	774205	44100	24	1	5.821
Micro From Mars/WAV/MicroMoog 18/SFM-MicroMoog18-50.wav	786169	44100	24	1	5.911
Micro From Mars/WAV/MicroMoog 18/SFM-MicroMoog18-51.wav	782635	44100	24	1	5.885
Micro From Mars/WAV/MicroMoog 18/SFM-MicroMoog18-52.wav	784699	44100	24	1	5.9
Micro From Mars/WAV/MicroMoog 18/SFM-MicroMoog18-53.wav	792576	44100	24	1	5.865
Micro From Mars/WAV/MicroMoog 18/SFM-MicroMoog18-54.wav	753744	44100	24	1	5.576
Micro From Mars/WAV/MicroMoog 18/SFM-MicroMoog18-55.wav	748357	44100	24	1	5.626
Micro From Mars/WAV/MicroMoog 18/SFM-MicroMoog18-56.wav	763951	44100	24	1	5.743
Micro From Mars/WAV/MicroMoog 18/SFM-MicroMoog18-57.wav	785988	44100	24	1	5.816
Micro From Mars/WAV/MicroMoog 18/SFM-MicroMoog18-58.wav	720126	44100	24	1	5.326
Micro From Mars/WAV/MicroMoog 18/SFM-MicroMoog18-59.wav	774877	44100	24	1	5.826
Micro From Mars/WAV/MicroMoog 18/SFM-MicroMoog18-60.wav	788478	44100	24	1	5.835
Micro From Mars/WAV/MicroMoog 18/SFM-MicroMoog18-61.wav	747942	44100	24	1	5.533
Micro From Mars/WAV/MicroMoog 18/SFM-MicroMoog18-62.wav	794425	44100	24	1	5.974
Micro From Mars/WAV/MicroMoog 18/SFM-MicroMoog18-63.wav	728964	44100	24	1	5.392
Micro From Mars/WAV/MicroMoog 18/SFM-MicroMoog18-64.wav	782395	44100	24	1	5.883
Micro From Mars/WAV/MicroMoog 18/SFM-MicroMoog18-65.wav	682746	44100	24	1	5.048
Micro From Mars/WAV/MicroMoog 18/SFM-MicroMoog18-66.wav	703290	44100	24	1	5.201
Micro From Mars/WAV/MicroMoog 18/SFM-MicroMoog18-67.wav	740677	44100	24	1	5.568
Micro From Mars/WAV/MicroMoog 18/SFM-MicroMoog18-68.wav	652951	44100	24	1	4.904
Micro From Mars/WAV/MicroMoog 18/SFM-MicroMoog18-69.wav	738025	44100	24	1	5.547
Micro From Mars/WAV/MicroMoog 18/SFM-MicroMoog18-70.wav	761826	44100	24	1	5.636
Micro From Mars/WAV/MicroMoog 18/SFM-MicroMoog18-71.wav	615780	44100	24	1	4.549
Micro From Mars/WAV/MicroMoog 18/SFM-MicroMoog18-72.wav	734311	44100	24	1	5.519
Micro From Mars/WAV/MicroMoog 18/SFM-MicroMoog18-73.wav	703867	44100	24	1	5.289
Micro From Mars/WAV/MicroMoog 18/SFM-MicroMoog18-74.wav	779755	44100	24	1	5.863
Micro From Mars/WAV/MicroMoog 18/SFM-MicroMoog18-75.wav	760843	44100	24	1	5.72
Micro From Mars/WAV/MicroMoog 18/SFM-MicroMoog18-76.wav	779245	44100	24	1	5.859
Micro From Mars/WAV/MicroMoog 18/SFM-MicroMoog18-77.wav	750582	44100	24	1	5.553
Micro From Mars/WAV/MicroMoog 18/SFM-MicroMoog18-78.wav	792492	44100	24	1	5.864
Micro From Mars/WAV/MicroMoog 18/SFM-MicroMoog18-79.wav	781807	44100	24	1	5.878
Micro From Mars/WAV/MicroMoog 18/SFM-MicroMoog18-80.wav	798636	44100	24	1	5.91
Micro From Mars/WAV/MicroMoog 18/SFM-MicroMoog18-81.wav	789606	44100	24	1	5.843
Micro From Mars/WAV/MicroMoog 18/SFM-MicroMoog18-82.wav	788059	44100	24	1	5.926
Micro From Mars/WAV/MicroMoog 18/SFM-MicroMoog18-83.wav	787567	44100	24	1	5.922
Micro From Mars/WAV/MicroMoog 18/SFM-MicroMoog18-84.wav	774822	44100	24	1	5.733
Micro From Mars/WAV/MicroMoog 18/SFM-MicroMoog18-85.wav	797365	44100	24	1	5.996
Micro From Mars/WAV/MicroMoog 18/SFM-MicroMoog18-86.wav	798390	44100	24	1	5.908
Micro From Mars/WAV/MicroMoog 18/SFM-MicroMoog18-87.wav	781369	44100	24	1	5.875
Micro From Mars/WAV/MicroMoog 18/SFM-MicroMoog18-88.wav	781123	44100	24	1	5.873
Micro From Mars/WAV/MicroMoog 18/SFM-MicroMoog18-89.wav	789006	44100	24	1	5.839
Micro From Mars/WAV/MicroMoog 18/SFM-MicroMoog18-90.wav	736878	44100	24	1	5.451
Micro From Mars/WAV/MicroMoog 18/SFM-MicroMoog18-91.wav	744817	44100	24	1	5.599
Micro From Mars/WAV/MicroMoog 18/SFM-MicroMoog18-92.wav	788820	44100	24	1	5.837
Micro From Mars/WAV/MicroMoog 18/SFM-MicroMoog18-93.wav	800856	44100	24	1	5.927
Micro From Mars/WAV/MicroMoog 18/SFM-MicroMoog18-94.wav	744661	44100	24	1	5.598
Micro From Mars/WAV/MicroMoog 18/SFM-MicroMoog18-95.wav	706314	44100	24	1	5.223
Micro From Mars/WAV/MicroMoog 18/SFM-MicroMoog18-96.wav	685699	44100	24	1	5.152
Micro From Mars/WAV/MicroMoog 18/SFM-MicroMoog18-97.wav	801210	44100	24	1	5.929
Micro From Mars/WAV/MicroMoog 18/SFM-MicroMoog18-98.wav	738589	44100	24	1	5.552
Micro From Mars/WAV/MicroMoog 18/SFM-MicroMoog18-99.wav	789193	44100	24	1	5.934
Micro From Mars/WAV/MicroMoog 19/SFM-MicroMoog19-24.wav	514470	44100	24	1	3.795
Micro From Mars/WAV/MicroMoog 19/SFM-MicroMoog19-25.wav	508884	44100	24	1	3.754
Micro From Mars/WAV/MicroMoog 19/SFM-MicroMoog19-26.wav	589662	44100	24	1	4.355
Micro From Mars/WAV/MicroMoog 19/SFM-MicroMoog19-27.wav	671430	44100	24	1	4.963
Micro From Mars/WAV/MicroMoog 19/SFM-MicroMoog19-28.wav	742998	44100	24	1	5.496
Micro From Mars/WAV/MicroMoog 19/SFM-MicroMoog19-29.wav	662616	44100	24	1	4.898
Micro From Mars/WAV/MicroMoog 19/SFM-MicroMoog19-30.wav	709248	44100	24	1	5.245
Micro From Mars/WAV/MicroMoog 19/SFM-MicroMoog19-31.wav	753492	44100	24	1	5.574
Micro From Mars/WAV/MicroMoog 19/SFM-MicroMoog19-32.wav	532812	44100	24	1	3.932
Micro From Mars/WAV/MicroMoog 19/SFM-MicroMoog19-33.wav	547765	44100	24	1	4.109
Micro From Mars/WAV/MicroMoog 19/SFM-MicroMoog19-34.wav	645877	44100	24	1	4.851
Micro From Mars/WAV/MicroMoog 19/SFM-MicroMoog19-35.wav	704982	44100	24	1	5.213
Micro From Mars/WAV/MicroMoog 19/SFM-MicroMoog19-36.wav	756240	44100	24	1	5.595
Micro From Mars/WAV/MicroMoog 19/SFM-MicroMoog19-37.wav	633366	44100	24	1	4.68
Micro From Mars/WAV/MicroMoog 19/SFM-MicroMoog19-38.wav	698628	44100	24	1	5.166
Micro From Mars/WAV/MicroMoog 19/SFM-MicroMoog19-39.wav	704430	44100	24	1	5.209
Micro From Mars/WAV/MicroMoog 19/SFM-MicroMoog19-40.wav	680059	44100	24	1	5.109
Micro From Mars/WAV/MicroMoog 19/SFM-MicroMoog19-41.wav	735582	44100	24	1	5.441
Micro From Mars/WAV/MicroMoog 19/SFM-MicroMoog19-42.wav	513199	44100	24	1	3.848
Micro From Mars/WAV/MicroMoog 19/SFM-MicroMoog19-43.wav	636589	44100	24	1	4.781
Micro From Mars/WAV/MicroMoog 19/SFM-MicroMoog19-44.wav	740743	44100	24	1	5.568
Micro From Mars/WAV/MicroMoog 19/SFM-MicroMoog19-45.wav	499243	44100	24	1	3.743
Micro From Mars/WAV/MicroMoog 19/SFM-MicroMoog19-46.wav	566274	44100	24	1	4.181
Micro From Mars/WAV/MicroMoog 19/SFM-MicroMoog19-47.wav	591421	44100	24	1	4.439
Micro From Mars/WAV/MicroMoog 19/SFM-MicroMoog19-48.wav	654528	44100	24	1	4.838
Micro From Mars/WAV/MicroMoog 19/SFM-MicroMoog19-49.wav	707058	44100	24	1	5.229
Micro From Mars/WAV/MicroMoog 19/SFM-MicroMoog19-50.wav	743107	44100	24	1	5.586
Micro From Mars/WAV/MicroMoog 19/SFM-MicroMoog19-51.wav	742308	44100	24	1	5.491
Micro From Mars/WAV/MicroMoog 19/SFM-MicroMoog19-52.wav	627367	44100	24	1	4.711
Micro From Mars/WAV/MicroMoog 19/SFM-MicroMoog19-53.wav	688464	44100	24	1	5.09
Micro From Mars/WAV/MicroMoog 19/SFM-MicroMoog19-54.wav	743400	44100	24	1	5.499
Micro From Mars/WAV/MicroMoog 19/SFM-MicroMoog19-55.wav	655980	44100	24	1	4.848
Micro From Mars/WAV/MicroMoog 19/SFM-MicroMoog19-56.wav	499345	44100	24	1	3.743
Micro From Mars/WAV/MicroMoog 19/SFM-MicroMoog19-57.wav	559681	44100	24	1	4.199
Micro From Mars/WAV/MicroMoog 19/SFM-MicroMoog19-58.wav	619111	44100	24	1	4.649
Micro From Mars/WAV/MicroMoog 19/SFM-MicroMoog19-59.wav	623550	44100	24	1	4.607
Micro From Mars/WAV/MicroMoog 19/SFM-MicroMoog19-60.wav	762840	44100	24	1	5.644
Micro From Mars/WAV/MicroMoog 19/SFM-MicroMoog19-61.wav	720991	44100	24	1	5.419
Micro From Mars/WAV/MicroMoog 19/SFM-MicroMoog19-62.wav	754998	44100	24	1	5.585
Micro From Mars/WAV/MicroMoog 19/SFM-MicroMoog19-63.wav	674077	44100	24	1	5.064
Micro From Mars/WAV/MicroMoog 19/SFM-MicroMoog19-64.wav	717859	44100	24	1	5.395
Micro From Mars/WAV/MicroMoog 19/SFM-MicroMoog19-65.wav	773412	44100	24	1	5.722
Micro From Mars/WAV/MicroMoog 19/SFM-MicroMoog19-66.wav	703266	44100	24	1	5.2
Micro From Mars/WAV/MicroMoog 19/SFM-MicroMoog19-67.wav	734011	44100	24	1	5.517
Micro From Mars/WAV/MicroMoog 19/SFM-MicroMoog19-68.wav	609955	44100	24	1	4.579
Micro From Mars/WAV/MicroMoog 19/SFM-MicroMoog19-69.wav	667951	44100	24	1	5.018
Micro From Mars/WAV/MicroMoog 19/SFM-MicroMoog19-70.wav	680245	44100	24	1	5.111
Micro From Mars/WAV/MicroMoog 19/SFM-MicroMoog19-71.wav	719316	44100	24	1	5.32
Micro From Mars/WAV/MicroMoog 19/SFM-MicroMoog19-72.wav	753775	44100	24	1	5.667
Micro From Mars/WAV/MicroMoog 19/SFM-MicroMoog19-73.wav	519199	44100	24	1	3.893
Micro From Mars/WAV/MicroMoog 19/SFM-MicroMoog19-74.wav	722508	44100	24	1	5.344
Micro From Mars/WAV/MicroMoog 19/SFM-MicroMoog19-75.wav	758743	44100	24	1	5.704
Micro From Mars/WAV/MicroMoog 19/SFM-MicroMoog19-76.wav	504414	44100	24	1	3.721
Micro From Mars/WAV/MicroMoog 19/SFM-MicroMoog19-77.wav	728155	44100	24	1	5.473
Micro From Mars/WAV/MicroMoog 19/SFM-MicroMoog19-78.wav	508776	44100	24	1	3.753
Micro From Mars/WAV/MicroMoog 19/SFM-MicroMoog19-79.wav	614725	44100	24	1	4.615
Micro From Mars/WAV/MicroMoog 19/SFM-MicroMoog19-80.wav	720001	44100	24	1	5.411
Micro From Mars/WAV/MicroMoog 19/SFM-MicroMoog19-81.wav	692610	44100	24	1	5.121
Micro From Mars/WAV/MicroMoog 19/SFM-MicroMoog19-82.wav	722358	44100	24	1	5.342
Micro From Mars/WAV/MicroMoog 19/SFM-MicroMoog19-83.wav	657042	44100	24	1	4.856
Micro From Mars/WAV/MicroMoog 19/SFM-MicroMoog19-84.wav	612726	44100	24	1	4.527
Micro From Mars/WAV/MicroMoog 19/SFM-MicroMoog19-85.wav	730279	44100	24	1	5.489
Micro From Mars/WAV/MicroMoog 19/SFM-MicroMoog19-86.wav	690222	44100	24	1	5.103
Micro From Mars/WAV/MicroMoog 19/SFM-MicroMoog19-87.wav	750379	44100	24	1	5.641
Micro From Mars/WAV/MicroMoog 19/SFM-MicroMoog19-88.wav	524112	44100	24	1	3.867
Micro From Mars/WAV/MicroMoog 19/SFM-MicroMoog19-89.wav	609606	44100	24	1	4.503
Micro From Mars/WAV/MicroMoog 19/SFM-MicroMoog19-90.wav	730524	44100	24	1	5.403
Micro From Mars/WAV/MicroMoog 19/SFM-MicroMoog19-91.wav	683455	44100	24	1	5.135
Micro From Mars/WAV/MicroMoog 2/SFM-MicroMoog2-12.wav	361159	44100	24	1	2.699
Micro From Mars/WAV/MicroMoog 2/SFM-MicroMoog2-13.wav	278467	44100	24	1	2.074
Micro From Mars/WAV/MicroMoog 2/SFM-MicroMoog2-14.wav	386059	44100	24	1	2.887
Micro From Mars/WAV/MicroMoog 2/SFM-MicroMoog2-15.wav	248005	44100	24	1	1.844
Micro From Mars/WAV/MicroMoog 2/SFM-MicroMoog2-16.wav	383448	44100	24	1	2.82
Micro From Mars/WAV/MicroMoog 2/SFM-MicroMoog2-17.wav	433477	44100	24	1	3.246
Micro From Mars/WAV/MicroMoog 2/SFM-MicroMoog2-18.wav	417612	44100	24	1	3.075
Micro From Mars/WAV/MicroMoog 2/SFM-MicroMoog2-19.wav	422382	44100	24	1	3.11
Micro From Mars/WAV/MicroMoog 2/SFM-MicroMoog2-20.wav	224395	44100	24	1	1.665
Micro From Mars/WAV/MicroMoog 2/SFM-MicroMoog2-21.wav	425961	44100	24	1	3.18
Micro From Mars/WAV/MicroMoog 2/SFM-MicroMoog2-22.wav	449071	44100	24	1	3.363
Micro From Mars/WAV/MicroMoog 2/SFM-MicroMoog2-23.wav	332131	44100	24	1	2.479
Micro From Mars/WAV/MicroMoog 2/SFM-MicroMoog2-24.wav	405402	44100	24	1	2.984
Micro From Mars/WAV/MicroMoog 2/SFM-MicroMoog2-25.wav	448015	44100	24	1	3.355
Micro From Mars/WAV/MicroMoog 2/SFM-MicroMoog2-26.wav	424537	44100	24	1	3.178
Micro From Mars/WAV/MicroMoog 2/SFM-MicroMoog2-27.wav	472297	44100	24	1	3.539
Micro From Mars/WAV/MicroMoog 2/SFM-MicroMoog2-28.wav	385315	44100	24	1	2.881
Micro From Mars/WAV/MicroMoog 2/SFM-MicroMoog2-29.wav	174576	44100	24	1	1.266
Micro From Mars/WAV/MicroMoog 2/SFM-MicroMoog2-30.wav	376674	44100	24	1	2.77
Micro From Mars/WAV/MicroMoog 2/SFM-MicroMoog2-31.wav	247567	44100	24	1	1.84
Micro From Mars/WAV/MicroMoog 2/SFM-MicroMoog2-32.wav	440335	44100	24	1	3.297
Micro From Mars/WAV/MicroMoog 2/SFM-MicroMoog2-33.wav	394686	44100	24	1	2.904
Micro From Mars/WAV/MicroMoog 2/SFM-MicroMoog2-34.wav	470334	44100	24	1	3.467
Micro From Mars/WAV/MicroMoog 2/SFM-MicroMoog2-35.wav	346885	44100	24	1	2.591
Micro From Mars/WAV/MicroMoog 2/SFM-MicroMoog2-36.wav	403344	44100	24	1	2.968
Micro From Mars/WAV/MicroMoog 2/SFM-MicroMoog2-37.wav	172825	44100	24	1	1.275
Micro From Mars/WAV/MicroMoog 2/SFM-MicroMoog2-38.wav	355668	44100	24	1	2.613
Micro From Mars/WAV/MicroMoog 2/SFM-MicroMoog2-39.wav	149833	44100	24	1	1.102
Micro From Mars/WAV/MicroMoog 2/SFM-MicroMoog2-40.wav	321583	44100	24	1	2.4
Micro From Mars/WAV/MicroMoog 2/SFM-MicroMoog2-41.wav	375523	44100	24	1	2.807
Micro From Mars/WAV/MicroMoog 2/SFM-MicroMoog2-42.wav	178974	44100	24	1	1.299
Micro From Mars/WAV/MicroMoog 2/SFM-MicroMoog2-43.wav	289224	44100	24	1	2.119
Micro From Mars/WAV/MicroMoog 2/SFM-MicroMoog2-44.wav	222211	44100	24	1	1.649
Micro From Mars/WAV/MicroMoog 2/SFM-MicroMoog2-45.wav	278869	44100	24	1	2.077
Micro From Mars/WAV/MicroMoog 2/SFM-MicroMoog2-46.wav	387918	44100	24	1	2.854
Micro From Mars/WAV/MicroMoog 2/SFM-MicroMoog2-47.wav	397452	44100	24	1	2.924
Micro From Mars/WAV/MicroMoog 2/SFM-MicroMoog2-48.wav	449670	44100	24	1	3.313
Micro From Mars/WAV/MicroMoog 2/SFM-MicroMoog2-49.wav	432756	44100	24	1	3.187
Micro From Mars/WAV/MicroMoog 2/SFM-MicroMoog2-50.wav	197149	44100	24	1	1.459
Micro From Mars/WAV/MicroMoog 2/SFM-MicroMoog2-51.wav	482994	44100	24	1	3.561
Micro From Mars/WAV/MicroMoog 2/SFM-MicroMoog2-52.wav	463861	44100	24	1	3.475
Micro From Mars/WAV/MicroMoog 2/SFM-MicroMoog2-53.wav	385033	44100	24	1	2.879
Micro From Mars/WAV/MicroMoog 2/SFM-MicroMoog2-54.wav	260029	44100	24	1	1.934
Micro From Mars/WAV/MicroMoog 2/SFM-MicroMoog2-55.wav	465570	44100	24	1	3.431
Micro From Mars/WAV/MicroMoog 2/SFM-MicroMoog2-56.wav	371082	44100	24	1	2.728
Micro From Mars/WAV/MicroMoog 2/SFM-MicroMoog2-57.wav	438078	44100	24	1	3.227
Micro From Mars/WAV/MicroMoog 2/SFM-MicroMoog2-58.wav	404593	44100	24	1	3.027
Micro From Mars/WAV/MicroMoog 2/SFM-MicroMoog2-59.wav	478986	44100	24	1	3.531
Micro From Mars/WAV/MicroMoog 2/SFM-MicroMoog2-60.wav	418111	44100	24	1	3.129
Micro From Mars/WAV/MicroMoog 2/SFM-MicroMoog2-61.wav	449358	44100	24	1	3.311
Micro From Mars/WAV/MicroMoog 2/SFM-MicroMoog2-62.wav	198811	44100	24	1	1.472
Micro From Mars/WAV/MicroMoog 2/SFM-MicroMoog2-63.wav	314557	44100	24	1	2.347
Micro From Mars/WAV/MicroMoog 2/SFM-MicroMoog2-64.wav	338520	44100	24	1	2.486
Micro From Mars/WAV/MicroMoog 2/SFM-MicroMoog2-65.wav	407407	44100	24	1	3.048
Micro From Mars/WAV/MicroMoog 2/SFM-MicroMoog2-66.wav	447942	44100	24	1	3.3
Micro From Mars/WAV/MicroMoog 2/SFM-MicroMoog2-67.wav	366984	44100	24	1	2.698
Micro From Mars/WAV/MicroMoog 2/SFM-MicroMoog2-68.wav	336715	44100	24	1	2.514
Micro From Mars/WAV/MicroMoog 2/SFM-MicroMoog2-69.wav	391110	44100	24	1	2.877
Micro From Mars/WAV/MicroMoog 2/SFM-MicroMoog2-70.wav	396823	44100	24	1	2.968
Micro From Mars/WAV/MicroMoog 2/SFM-MicroMoog2-71.wav	442357	44100	24	1	3.313
Micro From Mars/WAV/MicroMoog 2/SFM-MicroMoog2-72.wav	409405	44100	24	1	3.064
Micro From Mars/WAV/MicroMoog 2/SFM-MicroMoog2-73.wav	446382	44100	24	1	3.289
Micro From Mars/WAV/MicroMoog 2/SFM-MicroMoog2-74.wav	483289	44100	24	1	3.622
Micro From Mars/WAV/MicroMoog 2/SFM-MicroMoog2-75.wav	433861	44100	24	1	3.248
Micro From Mars/WAV/MicroMoog 2/SFM-MicroMoog2-76.wav	370914	44100	24	1	2.727
Micro From Mars/WAV/MicroMoog 2/SFM-MicroMoog2-77.wav	414240	44100	24	1	3.049
Micro From Mars/WAV/MicroMoog 2/SFM-MicroMoog2-78.wav	409231	44100	24	1	3.062
Micro From Mars/WAV/MicroMoog 2/SFM-MicroMoog2-79.wav	361698	44100	24	1	2.658
Micro From Mars/WAV/MicroMoog 2/SFM-MicroMoog2-80.wav	221424	44100	24	1	1.614
Micro From Mars/WAV/MicroMoog 2/SFM-MicroMoog2-81.wav	488460	44100	24	1	3.602
Micro From Mars/WAV/MicroMoog 2/SFM-MicroMoog2-82.wav	429889	44100	24	1	3.218
Micro From Mars/WAV/MicroMoog 2/SFM-MicroMoog2-83.wav	473209	44100	24	1	3.546
Micro From Mars/WAV/MicroMoog 2/SFM-MicroMoog2-84.wav	409026	44100	24	1	3.011
Micro From Mars/WAV/MicroMoog 20/SFM-MicroMoog20-24.wav	639294	44100	24	1	4.724
Micro From Mars/WAV/MicroMoog 20/SFM-MicroMoog20-25.wav	694393	44100	24	1	5.218
Micro From Mars/WAV/MicroMoog 20/SFM-MicroMoog20-26.wav	739687	44100	24	1	5.56
Micro From Mars/WAV/MicroMoog 20/SFM-MicroMoog20-27.wav	748015	44100	24	1	5.623
Micro From Mars/WAV/MicroMoog 20/SFM-MicroMoog20-28.wav	485568	44100	24	1	3.58
Micro From Mars/WAV/MicroMoog 20/SFM-MicroMoog20-29.wav	723295	44100	24	1	5.436
Micro From Mars/WAV/MicroMoog 20/SFM-MicroMoog20-30.wav	717505	44100	24	1	5.392
Micro From Mars/WAV/MicroMoog 20/SFM-MicroMoog20-31.wav	714571	44100	24	1	5.37
Micro From Mars/WAV/MicroMoog 20/SFM-MicroMoog20-32.wav	700819	44100	24	1	5.266
Micro From Mars/WAV/MicroMoog 20/SFM-MicroMoog20-33.wav	702000	44100	24	1	5.191
Micro From Mars/WAV/MicroMoog 20/SFM-MicroMoog20-34.wav	692376	44100	24	1	5.119
Micro From Mars/WAV/MicroMoog 20/SFM-MicroMoog20-35.wav	675127	44100	24	1	5.072
Micro From Mars/WAV/MicroMoog 20/SFM-MicroMoog20-36.wav	537307	44100	24	1	4.03
Micro From Mars/WAV/MicroMoog 20/SFM-MicroMoog20-37.wav	780685	44100	24	1	5.87
Micro From Mars/WAV/MicroMoog 20/SFM-MicroMoog20-38.wav	769999	44100	24	1	5.789
Micro From Mars/WAV/MicroMoog 20/SFM-MicroMoog20-39.wav	804678	44100	24	1	5.955
Micro From Mars/WAV/MicroMoog 20/SFM-MicroMoog20-40.wav	782545	44100	24	1	5.884
Micro From Mars/WAV/MicroMoog 20/SFM-MicroMoog20-41.wav	742231	44100	24	1	5.579
Micro From Mars/WAV/MicroMoog 20/SFM-MicroMoog20-42.wav	797412	44100	24	1	5.901
Micro From Mars/WAV/MicroMoog 20/SFM-MicroMoog20-43.wav	804606	44100	24	1	5.955
Micro From Mars/WAV/MicroMoog 20/SFM-MicroMoog20-44.wav	767940	44100	24	1	5.682
Micro From Mars/WAV/MicroMoog 20/SFM-MicroMoog20-45.wav	721471	44100	24	1	5.422
Micro From Mars/WAV/MicroMoog 20/SFM-MicroMoog20-46.wav	768234	44100	24	1	5.684
Micro From Mars/WAV/MicroMoog 20/SFM-MicroMoog20-47.wav	783727	44100	24	1	5.893
Micro From Mars/WAV/MicroMoog 20/SFM-MicroMoog20-48.wav	792637	44100	24	1	5.96
Micro From Mars/WAV/MicroMoog 20/SFM-MicroMoog20-49.wav	801912	44100	24	1	5.935
Micro From Mars/WAV/MicroMoog 20/SFM-MicroMoog20-50.wav	738433	44100	24	1	5.551
Micro From Mars/WAV/MicroMoog 20/SFM-MicroMoog20-51.wav	785347	44100	24	1	5.905
Micro From Mars/WAV/MicroMoog 20/SFM-MicroMoog20-52.wav	784405	44100	24	1	5.898
Micro From Mars/WAV/MicroMoog 20/SFM-MicroMoog20-53.wav	798918	44100	24	1	5.912
Micro From Mars/WAV/MicroMoog 20/SFM-MicroMoog20-54.wav	791736	44100	24	1	5.859
Micro From Mars/WAV/MicroMoog 20/SFM-MicroMoog20-55.wav	786019	44100	24	1	5.91
Micro From Mars/WAV/MicroMoog 20/SFM-MicroMoog20-56.wav	784771	44100	24	1	5.901
Micro From Mars/WAV/MicroMoog 20/SFM-MicroMoog20-57.wav	782659	44100	24	1	5.885
Micro From Mars/WAV/MicroMoog 20/SFM-MicroMoog20-58.wav	754266	44100	24	1	5.58
Micro From Mars/WAV/MicroMoog 20/SFM-MicroMoog20-59.wav	798858	44100	24	1	5.912
Micro From Mars/WAV/MicroMoog 20/SFM-MicroMoog20-60.wav	790381	44100	24	1	5.943
Micro From Mars/WAV/MicroMoog 20/SFM-MicroMoog20-61.wav	723090	44100	24	1	5.348
Micro From Mars/WAV/MicroMoog 20/SFM-MicroMoog20-62.wav	718854	44100	24	1	5.316
Micro From Mars/WAV/MicroMoog 20/SFM-MicroMoog20-63.wav	776725	44100	24	1	5.84
Micro From Mars/WAV/MicroMoog 20/SFM-MicroMoog20-64.wav	780523	44100	24	1	5.869
Micro From Mars/WAV/MicroMoog 20/SFM-MicroMoog20-65.wav	782761	44100	24	1	5.886
Micro From Mars/WAV/MicroMoog 20/SFM-MicroMoog20-66.wav	787224	44100	24	1	5.825
Micro From Mars/WAV/MicroMoog 20/SFM-MicroMoog20-67.wav	776989	44100	24	1	5.842
Micro From Mars/WAV/MicroMoog 20/SFM-MicroMoog20-68.wav	785730	44100	24	1	5.814
Micro From Mars/WAV/MicroMoog 20/SFM-MicroMoog20-69.wav	757525	44100	24	1	5.695
Micro From Mars/WAV/MicroMoog 20/SFM-MicroMoog20-70.wav	786733	44100	24	1	5.916
Micro From Mars/WAV/MicroMoog 20/SFM-MicroMoog20-71.wav	792817	44100	24	1	5.962
Micro From Mars/WAV/MicroMoog 20/SFM-MicroMoog20-72.wav	779695	44100	24	1	5.862
Micro From Mars/WAV/MicroMoog 20/SFM-MicroMoog20-73.wav	777655	44100	24	1	5.847
Micro From Mars/WAV/MicroMoog 20/SFM-MicroMoog20-74.wav	792955	44100	24	1	5.963
Micro From Mars/WAV/MicroMoog 20/SFM-MicroMoog20-75.wav	792204	44100	24	1	5.862
Micro From Mars/WAV/MicroMoog 20/SFM-MicroMoog20-76.wav	788677	44100	24	1	5.93
Micro From Mars/WAV/MicroMoog 20/SFM-MicroMoog20-77.wav	805896	44100	24	1	5.964
Micro From Mars/WAV/MicroMoog 20/SFM-MicroMoog20-78.wav	744703	44100	24	1	5.598
Micro From Mars/WAV/MicroMoog 20/SFM-MicroMoog20-79.wav	790081	44100	24	1	5.941
Micro From Mars/WAV/MicroMoog 20/SFM-MicroMoog20-80.wav	788047	44100	24	1	5.926
Micro From Mars/WAV/MicroMoog 20/SFM-MicroMoog20-81.wav	716748	44100	24	1	5.301
Micro From Mars/WAV/MicroMoog 20/SFM-MicroMoog20-82.wav	773190	44100	24	1	5.721
Micro From Mars/WAV/MicroMoog 20/SFM-MicroMoog20-83.wav	497161	44100	24	1	3.727
Micro From Mars/WAV/MicroMoog 20/SFM-MicroMoog20-84.wav	490674	44100	24	1	3.618
Micro From Mars/WAV/MicroMoog 21/SFM-MicroMoog21-73.wav	786876	44100	24	1	5.823
Micro From Mars/WAV/MicroMoog 21/SFM-MicroMoog21-74.wav	608880	44100	24	1	4.498
Micro From Mars/WAV/MicroMoog 21/SFM-MicroMoog21-75.wav	671226	44100	24	1	4.962
Micro From Mars/WAV/MicroMoog 21/SFM-MicroMoog21-76.wav	426175	44100	24	1	3.19
Micro From Mars/WAV/MicroMoog 21/SFM-MicroMoog21-77.wav	731089	44100	24	1	5.495
Micro From Mars/WAV/MicroMoog 21/SFM-MicroMoog21-78.wav	514374	44100	24	1	3.795
Micro From Mars/WAV/MicroMoog 21/SFM-MicroMoog21-79.wav	497659	44100	24	1	3.731
Micro From Mars/WAV/MicroMoog 21/SFM-MicroMoog21-80.wav	675181	44100	24	1	5.072
Micro From Mars/WAV/MicroMoog 21/SFM-MicroMoog21-81.wav	359160	44100	24	1	2.64
Micro From Mars/WAV/MicroMoog 21/SFM-MicroMoog21-83.wav	729540	44100	24	1	5.396
Micro From Mars/WAV/MicroMoog 21/SFM-MicroMoog21-84.wav	579697	44100	24	1	4.351
Micro From Mars/WAV/MicroMoog 21/SFM-MicroMoog21-85.wav	469177	44100	24	1	3.515
Micro From Mars/WAV/MicroMoog 21/SFM-MicroMoog21-86.wav	664651	44100	24	1	4.993
Micro From Mars/WAV/MicroMoog 21/SFM-MicroMoog21-87.wav	574453	44100	24	1	4.311
Micro From Mars/WAV/MicroMoog 21/SFM-MicroMoog21-88.wav	604470	44100	24	1	4.465
Micro From Mars/WAV/MicroMoog 21/SFM-MicroMoog21-89.wav	632076	44100	24	1	4.671
Micro From Mars/WAV/MicroMoog 21/SFM-MicroMoog21-90.wav	619284	44100	24	1	4.575
Micro From Mars/WAV/MicroMoog 21/SFM-MicroMoog21-91.wav	574135	44100	24	1	4.309
Micro From Mars/WAV/MicroMoog 21/SFM-MicroMoog21-92.wav	706417	44100	24	1	5.309
Micro From Mars/WAV/MicroMoog 21/SFM-MicroMoog21-93.wav	715471	44100	24	1	5.377
Micro From Mars/WAV/MicroMoog 21/SFM-MicroMoog21-94.wav	639348	44100	24	1	4.725
Micro From Mars/WAV/MicroMoog 21/SFM-MicroMoog21-95.wav	408799	44100	24	1	3.059
Micro From Mars/WAV/MicroMoog 21/SFM-MicroMoog21-96.wav	638808	44100	24	1	4.721
Micro From Mars/WAV/MicroMoog 21/SFM-MicroMoog21-97.wav	800610	44100	24	1	5.925
Micro From Mars/WAV/MicroMoog 22/SFM-MicroMoog22-31.wav	737197	44100	24	1	5.541
Micro From Mars/WAV/MicroMoog 22/SFM-MicroMoog22-32.wav	673482	44100	24	1	4.979
Micro From Mars/WAV/MicroMoog 22/SFM-MicroMoog22-33.wav	723409	44100	24	1	5.437
Micro From Mars/WAV/MicroMoog 22/SFM-MicroMoog22-34.wav	620556	44100	24	1	4.585
Micro From Mars/WAV/MicroMoog 22/SFM-MicroMoog22-35.wav	760440	44100	24	1	5.626
Micro From Mars/WAV/MicroMoog 22/SFM-MicroMoog22-36.wav	640752	44100	24	1	4.735
Micro From Mars/WAV/MicroMoog 22/SFM-MicroMoog22-37.wav	738391	44100	24	1	5.55
Micro From Mars/WAV/MicroMoog 22/SFM-MicroMoog22-38.wav	706242	44100	24	1	5.223
Micro From Mars/WAV/MicroMoog 22/SFM-MicroMoog22-39.wav	611425	44100	24	1	4.591
Micro From Mars/WAV/MicroMoog 22/SFM-MicroMoog22-40.wav	752365	44100	24	1	5.656
Micro From Mars/WAV/MicroMoog 22/SFM-MicroMoog22-41.wav	628729	44100	24	1	4.721
Micro From Mars/WAV/MicroMoog 22/SFM-MicroMoog22-42.wav	699510	44100	24	1	5.172
Micro From Mars/WAV/MicroMoog 22/SFM-MicroMoog22-43.wav	605310	44100	24	1	4.471
Micro From Mars/WAV/MicroMoog 22/SFM-MicroMoog22-44.wav	698880	44100	24	1	5.168
Micro From Mars/WAV/MicroMoog 22/SFM-MicroMoog22-45.wav	740166	44100	24	1	5.475
Micro From Mars/WAV/MicroMoog 22/SFM-MicroMoog22-46.wav	755832	44100	24	1	5.592
Micro From Mars/WAV/MicroMoog 22/SFM-MicroMoog22-47.wav	754524	44100	24	1	5.582
Micro From Mars/WAV/MicroMoog 22/SFM-MicroMoog22-48.wav	728131	44100	24	1	5.473
Micro From Mars/WAV/MicroMoog 22/SFM-MicroMoog22-49.wav	705936	44100	24	1	5.22
Micro From Mars/WAV/MicroMoog 22/SFM-MicroMoog22-50.wav	664999	44100	24	1	4.995
Micro From Mars/WAV/MicroMoog 22/SFM-MicroMoog22-51.wav	566268	44100	24	1	4.181
Micro From Mars/WAV/MicroMoog 22/SFM-MicroMoog22-52.wav	705745	44100	24	1	5.303
Micro From Mars/WAV/MicroMoog 22/SFM-MicroMoog22-53.wav	658014	44100	24	1	4.864
Micro From Mars/WAV/MicroMoog 22/SFM-MicroMoog22-54.wav	729265	44100	24	1	5.481
Micro From Mars/WAV/MicroMoog 22/SFM-MicroMoog22-55.wav	748675	44100	24	1	5.628
Micro From Mars/WAV/MicroMoog 22/SFM-MicroMoog22-56.wav	758286	44100	24	1	5.61
Micro From Mars/WAV/MicroMoog 22/SFM-MicroMoog22-57.wav	750756	44100	24	1	5.554
Micro From Mars/WAV/MicroMoog 22/SFM-MicroMoog22-58.wav	735888	44100	24	1	5.443
Micro From Mars/WAV/MicroMoog 22/SFM-MicroMoog22-59.wav	727926	44100	24	1	5.384
Micro From Mars/WAV/MicroMoog 22/SFM-MicroMoog22-60.wav	733308	44100	24	1	5.424
Micro From Mars/WAV/MicroMoog 22/SFM-MicroMoog22-61.wav	737755	44100	24	1	5.545
Micro From Mars/WAV/MicroMoog 22/SFM-MicroMoog22-62.wav	725035	44100	24	1	5.449
Micro From Mars/WAV/MicroMoog 22/SFM-MicroMoog22-63.wav	706321	44100	24	1	5.308
Micro From Mars/WAV/MicroMoog 22/SFM-MicroMoog22-64.wav	753667	44100	24	1	5.666
Micro From Mars/WAV/MicroMoog 22/SFM-MicroMoog22-65.wav	746575	44100	24	1	5.612
Micro From Mars/WAV/MicroMoog 22/SFM-MicroMoog22-66.wav	721926	44100	24	1	5.339
Micro From Mars/WAV/MicroMoog 22/SFM-MicroMoog22-67.wav	748531	44100	24	1	5.627
Micro From Mars/WAV/MicroMoog 22/SFM-MicroMoog22-68.wav	752035	44100	24	1	5.653
Micro From Mars/WAV/MicroMoog 22/SFM-MicroMoog22-69.wav	735001	44100	24	1	5.525
Micro From Mars/WAV/MicroMoog 22/SFM-MicroMoog22-70.wav	740281	44100	24	1	5.565
Micro From Mars/WAV/MicroMoog 22/SFM-MicroMoog22-71.wav	747205	44100	24	1	5.617
Micro From Mars/WAV/MicroMoog 22/SFM-MicroMoog22-72.wav	751914	44100	24	1	5.562
Micro From Mars/WAV/MicroMoog 22/SFM-MicroMoog22-73.wav	768690	44100	24	1	5.687
Micro From Mars/WAV/MicroMoog 22/SFM-MicroMoog22-74.wav	754470	44100	24	1	5.581
Micro From Mars/WAV/MicroMoog 22/SFM-MicroMoog22-75.wav	753073	44100	24	1	5.661
Micro From Mars/WAV/MicroMoog 22/SFM-MicroMoog22-76.wav	759054	44100	24	1	5.616
Micro From Mars/WAV/MicroMoog 22/SFM-MicroMoog22-77.wav	653928	44100	24	1	4.833
Micro From Mars/WAV/MicroMoog 22/SFM-MicroMoog22-78.wav	759786	44100	24	1	5.621
Micro From Mars/WAV/MicroMoog 22/SFM-MicroMoog22-79.wav	755905	44100	24	1	5.683
Micro From Mars/WAV/MicroMoog 22/SFM-MicroMoog22-80.wav	752611	44100	24	1	5.658
Micro From Mars/WAV/MicroMoog 22/SFM-MicroMoog22-81.wav	765060	44100	24	1	5.66
Micro From Mars/WAV/MicroMoog 22/SFM-MicroMoog22-82.wav	768402	44100	24	1	5.685
Micro From Mars/WAV/MicroMoog 22/SFM-MicroMoog22-83.wav	752617	44100	24	1	5.658
Micro From Mars/WAV/MicroMoog 22/SFM-MicroMoog22-84.wav	737191	44100	24	1	5.541
Micro From Mars/WAV/MicroMoog 23/SFM-MicroMoog23-24.wav	484423	44100	24	1	3.631
Micro From Mars/WAV/MicroMoog 23/SFM-MicroMoog23-25.wav	496182	44100	24	1	3.659
Micro From Mars/WAV/MicroMoog 23/SFM-MicroMoog23-26.wav	429378	44100	24	1	3.162
Micro From Mars/WAV/MicroMoog 23/SFM-MicroMoog23-27.wav	276193	44100	24	1	2.057
Micro From Mars/WAV/MicroMoog 23/SFM-MicroMoog23-28.wav	451758	44100	24	1	3.329
Micro From Mars/WAV/MicroMoog 23/SFM-MicroMoog23-29.wav	427488	44100	24	1	3.148
Micro From Mars/WAV/MicroMoog 23/SFM-MicroMoog23-30.wav	455772	44100	24	1	3.359
Micro From Mars/WAV/MicroMoog 23/SFM-MicroMoog23-31.wav	525612	44100	24	1	3.878
Micro From Mars/WAV/MicroMoog 23/SFM-MicroMoog23-32.wav	516012	44100	24	1	3.807
Micro From Mars/WAV/MicroMoog 23/SFM-MicroMoog23-33.wav	526399	44100	24	1	3.948
Micro From Mars/WAV/MicroMoog 23/SFM-MicroMoog23-34.wav	530371	44100	24	1	3.978
Micro From Mars/WAV/MicroMoog 23/SFM-MicroMoog23-35.wav	402408	44100	24	1	2.961
Micro From Mars/WAV/MicroMoog 23/SFM-MicroMoog23-36.wav	450649	44100	24	1	3.375
Micro From Mars/WAV/MicroMoog 23/SFM-MicroMoog23-37.wav	452682	44100	24	1	3.336
Micro From Mars/WAV/MicroMoog 23/SFM-MicroMoog23-38.wav	527388	44100	24	1	3.891
Micro From Mars/WAV/MicroMoog 23/SFM-MicroMoog23-39.wav	265963	44100	24	1	1.979
Micro From Mars/WAV/MicroMoog 23/SFM-MicroMoog23-40.wav	399546	44100	24	1	2.94
Micro From Mars/WAV/MicroMoog 23/SFM-MicroMoog23-41.wav	372468	44100	24	1	2.739
Micro From Mars/WAV/MicroMoog 23/SFM-MicroMoog23-42.wav	388195	44100	24	1	2.903
Micro From Mars/WAV/MicroMoog 23/SFM-MicroMoog23-43.wav	463470	44100	24	1	3.416
Micro From Mars/WAV/MicroMoog 23/SFM-MicroMoog23-44.wav	519552	44100	24	1	3.833
Micro From Mars/WAV/MicroMoog 23/SFM-MicroMoog23-45.wav	471985	44100	24	1	3.537
Micro From Mars/WAV/MicroMoog 23/SFM-MicroMoog23-46.wav	497911	44100	24	1	3.733
Micro From Mars/WAV/MicroMoog 23/SFM-MicroMoog23-47.wav	520447	44100	24	1	3.903
Micro From Mars/WAV/MicroMoog 23/SFM-MicroMoog23-48.wav	521713	44100	24	1	3.912
Micro From Mars/WAV/MicroMoog 23/SFM-MicroMoog23-49.wav	527041	44100	24	1	3.953
Micro From Mars/WAV/MicroMoog 23/SFM-MicroMoog23-50.wav	522385	44100	24	1	3.918
Micro From Mars/WAV/MicroMoog 23/SFM-MicroMoog23-51.wav	522367	44100	24	1	3.917
Micro From Mars/WAV/MicroMoog 23/SFM-MicroMoog23-52.wav	461365	44100	24	1	3.456
Micro From Mars/WAV/MicroMoog 23/SFM-MicroMoog23-53.wav	453312	44100	24	1	3.34
Micro From Mars/WAV/MicroMoog 23/SFM-MicroMoog23-54.wav	447385	44100	24	1	3.351
Micro From Mars/WAV/MicroMoog 23/SFM-MicroMoog23-55.wav	516583	44100	24	1	3.874
Micro From Mars/WAV/MicroMoog 23/SFM-MicroMoog23-56.wav	417667	44100	24	1	3.126
Micro From Mars/WAV/MicroMoog 23/SFM-MicroMoog23-57.wav	266341	44100	24	1	1.982
Micro From Mars/WAV/MicroMoog 23/SFM-MicroMoog23-58.wav	527466	44100	24	1	3.892
Micro From Mars/WAV/MicroMoog 23/SFM-MicroMoog23-59.wav	524923	44100	24	1	3.937
Micro From Mars/WAV/MicroMoog 23/SFM-MicroMoog23-60.wav	524035	44100	24	1	3.93
Micro From Mars/WAV/MicroMoog 23/SFM-MicroMoog23-61.wav	536814	44100	24	1	3.962
Micro From Mars/WAV/MicroMoog 23/SFM-MicroMoog23-62.wav	527647	44100	24	1	3.957
Micro From Mars/WAV/MicroMoog 23/SFM-MicroMoog23-63.wav	533898	44100	24	1	3.94
Micro From Mars/WAV/MicroMoog 23/SFM-MicroMoog23-64.wav	532861	44100	24	1	3.997
Micro From Mars/WAV/MicroMoog 23/SFM-MicroMoog23-65.wav	535320	44100	24	1	3.951
Micro From Mars/WAV/MicroMoog 23/SFM-MicroMoog23-66.wav	531805	44100	24	1	3.989
Micro From Mars/WAV/MicroMoog 23/SFM-MicroMoog23-67.wav	532326	44100	24	1	3.928
Micro From Mars/WAV/MicroMoog 23/SFM-MicroMoog23-68.wav	532507	44100	24	1	3.994
Micro From Mars/WAV/MicroMoog 23/SFM-MicroMoog23-69.wav	535878	44100	24	1	3.955
Micro From Mars/WAV/MicroMoog 23/SFM-MicroMoog23-70.wav	534882	44100	24	1	3.947
Micro From Mars/WAV/MicroMoog 23/SFM-MicroMoog23-71.wav	537096	44100	24	1	3.964
Micro From Mars/WAV/MicroMoog 23/SFM-MicroMoog23-72.wav	535639	44100	24	1	4.018
Micro From Mars/WAV/MicroMoog 23/SFM-MicroMoog23-73.wav	528637	44100	24	1	3.965
Micro From Mars/WAV/MicroMoog 23/SFM-MicroMoog23-74.wav	525385	44100	24	1	3.94
Micro From Mars/WAV/MicroMoog 23/SFM-MicroMoog23-75.wav	536724	44100	24	1	3.961
Micro From Mars/WAV/MicroMoog 23/SFM-MicroMoog23-76.wav	534966	44100	24	1	3.948
Micro From Mars/WAV/MicroMoog 23/SFM-MicroMoog23-77.wav	526909	44100	24	1	3.952
Micro From Mars/WAV/MicroMoog 23/SFM-MicroMoog23-78.wav	532614	44100	24	1	3.93
Micro From Mars/WAV/MicroMoog 23/SFM-MicroMoog23-79.wav	537900	44100	24	1	3.97
Micro From Mars/WAV/MicroMoog 23/SFM-MicroMoog23-80.wav	340747	44100	24	1	2.545
Micro From Mars/WAV/MicroMoog 23/SFM-MicroMoog23-81.wav	394842	44100	24	1	2.905
Micro From Mars/WAV/MicroMoog 23/SFM-MicroMoog23-82.wav	516618	44100	24	1	3.811
Micro From Mars/WAV/MicroMoog 23/SFM-MicroMoog23-83.wav	384996	44100	24	1	2.832
Micro From Mars/WAV/MicroMoog 23/SFM-MicroMoog23-84.wav	356719	44100	24	1	2.665
Micro From Mars/WAV/MicroMoog 23/SFM-MicroMoog23-85.wav	460356	44100	24	1	3.393
Micro From Mars/WAV/MicroMoog 23/SFM-MicroMoog23-86.wav	267457	44100	24	1	1.991
Micro From Mars/WAV/MicroMoog 23/SFM-MicroMoog23-87.wav	418243	44100	24	1	3.13
Micro From Mars/WAV/MicroMoog 23/SFM-MicroMoog23-88.wav	408198	44100	24	1	3.004
Micro From Mars/WAV/MicroMoog 23/SFM-MicroMoog23-89.wav	505819	44100	24	1	3.792
Micro From Mars/WAV/MicroMoog 23/SFM-MicroMoog23-90.wav	526213	44100	24	1	3.946
Micro From Mars/WAV/MicroMoog 23/SFM-MicroMoog23-91.wav	326551	44100	24	1	2.437
Micro From Mars/WAV/MicroMoog 23/SFM-MicroMoog23-92.wav	428779	44100	24	1	3.21
Micro From Mars/WAV/MicroMoog 23/SFM-MicroMoog23-93.wav	285894	44100	24	1	2.094
Micro From Mars/WAV/MicroMoog 23/SFM-MicroMoog23-94.wav	534510	44100	24	1	3.944
Micro From Mars/WAV/MicroMoog 23/SFM-MicroMoog23-95.wav	361177	44100	24	1	2.699
Micro From Mars/WAV/MicroMoog 23/SFM-MicroMoog23-96.wav	327397	44100	24	1	2.444
Micro From Mars/WAV/MicroMoog 24/SFM-MicroMoog24-24.wav	161916	44100	24	1	1.172
Micro From Mars/WAV/MicroMoog 24/SFM-MicroMoog24-25.wav	189637	44100	24	1	1.402
Micro From Mars/WAV/MicroMoog 24/SFM-MicroMoog24-26.wav	114241	44100	24	1	0.833
Micro From Mars/WAV/MicroMoog 24/SFM-MicroMoog24-27.wav	153727	44100	24	1	1.131
Micro From Mars/WAV/MicroMoog 24/SFM-MicroMoog24-28.wav	246499	44100	24	1	1.832
Micro From Mars/WAV/MicroMoog 24/SFM-MicroMoog24-29.wav	257232	44100	24	1	1.881
Micro From Mars/WAV/MicroMoog 24/SFM-MicroMoog24-30.wav	170431	44100	24	1	1.257
Micro From Mars/WAV/MicroMoog 24/SFM-MicroMoog24-31.wav	239154	44100	24	1	1.746
Micro From Mars/WAV/MicroMoog 24/SFM-MicroMoog24-32.wav	183529	44100	24	1	1.356
Micro From Mars/WAV/MicroMoog 24/SFM-MicroMoog24-33.wav	129522	44100	24	1	0.93
Micro From Mars/WAV/MicroMoog 24/SFM-MicroMoog24-34.wav	231564	44100	24	1	1.69
Micro From Mars/WAV/MicroMoog 24/SFM-MicroMoog24-35.wav	224323	44100	24	1	1.665
Micro From Mars/WAV/MicroMoog 24/SFM-MicroMoog24-36.wav	211230	44100	24	1	1.539
Micro From Mars/WAV/MicroMoog 24/SFM-MicroMoog24-37.wav	157530	44100	24	1	1.139
Micro From Mars/WAV/MicroMoog 24/SFM-MicroMoog24-38.wav	217285	44100	24	1	1.611
Micro From Mars/WAV/MicroMoog 24/SFM-MicroMoog24-39.wav	207397	44100	24	1	1.537
Micro From Mars/WAV/MicroMoog 24/SFM-MicroMoog24-40.wav	216667	44100	24	1	1.607
Micro From Mars/WAV/MicroMoog 24/SFM-MicroMoog24-41.wav	195457	44100	24	1	1.446
Micro From Mars/WAV/MicroMoog 24/SFM-MicroMoog24-42.wav	221575	44100	24	1	1.644
Micro From Mars/WAV/MicroMoog 24/SFM-MicroMoog24-43.wav	226842	44100	24	1	1.655
Micro From Mars/WAV/MicroMoog 24/SFM-MicroMoog24-44.wav	125287	44100	24	1	0.916
Micro From Mars/WAV/MicroMoog 24/SFM-MicroMoog24-45.wav	210372	44100	24	1	1.532
Micro From Mars/WAV/MicroMoog 24/SFM-MicroMoog24-46.wav	215766	44100	24	1	1.572
Micro From Mars/WAV/MicroMoog 24/SFM-MicroMoog24-47.wav	186415	44100	24	1	1.378
Micro From Mars/WAV/MicroMoog 24/SFM-MicroMoog24-48.wav	265170	44100	24	1	1.94
Micro From Mars/WAV/MicroMoog 24/SFM-MicroMoog24-49.wav	229836	44100	24	1	1.677
Micro From Mars/WAV/MicroMoog 24/SFM-MicroMoog24-50.wav	230779	44100	24	1	1.713
Micro From Mars/WAV/MicroMoog 24/SFM-MicroMoog24-51.wav	216337	44100	24	1	1.604
Micro From Mars/WAV/MicroMoog 24/SFM-MicroMoog24-52.wav	212821	44100	24	1	1.578
Micro From Mars/WAV/MicroMoog 24/SFM-MicroMoog24-53.wav	235092	44100	24	1	1.716
Micro From Mars/WAV/MicroMoog 24/SFM-MicroMoog24-54.wav	225468	44100	24	1	1.644
Micro From Mars/WAV/MicroMoog 24/SFM-MicroMoog24-55.wav	217680	44100	24	1	1.587
Micro From Mars/WAV/MicroMoog 24/SFM-MicroMoog24-56.wav	212898	44100	24	1	1.551
Micro From Mars/WAV/MicroMoog 24/SFM-MicroMoog24-57.wav	229530	44100	24	1	1.675
Micro From Mars/WAV/MicroMoog 24/SFM-MicroMoog24-58.wav	224232	44100	24	1	1.635
Micro From Mars/WAV/MicroMoog 24/SFM-MicroMoog24-59.wav	212305	44100	24	1	1.574
Micro From Mars/WAV/MicroMoog 24/SFM-MicroMoog24-60.wav	208272	44100	24	1	1.517
Micro From Mars/WAV/MicroMoog 24/SFM-MicroMoog24-61.wav	211722	44100	24	1	1.542
Micro From Mars/WAV/MicroMoog 24/SFM-MicroMoog24-62.wav	197010	44100	24	1	1.433
Micro From Mars/WAV/MicroMoog 24/SFM-MicroMoog24-63.wav	220039	44100	24	1	1.632
Micro From Mars/WAV/MicroMoog 24/SFM-MicroMoog24-64.wav	210516	44100	24	1	1.533
Micro From Mars/WAV/MicroMoog 24/SFM-MicroMoog24-65.wav	231888	44100	24	1	1.692
Micro From Mars/WAV/MicroMoog 24/SFM-MicroMoog24-66.wav	231199	44100	24	1	1.717
Micro From Mars/WAV/MicroMoog 24/SFM-MicroMoog24-67.wav	240481	44100	24	1	1.787
Micro From Mars/WAV/MicroMoog 24/SFM-MicroMoog24-68.wav	103548	44100	24	1	0.737
Micro From Mars/WAV/MicroMoog 24/SFM-MicroMoog24-69.wav	212868	44100	24	1	1.551
Micro From Mars/WAV/MicroMoog 24/SFM-MicroMoog24-70.wav	179701	44100	24	1	1.327
Micro From Mars/WAV/MicroMoog 24/SFM-MicroMoog24-71.wav	116899	44100	24	1	0.853
Micro From Mars/WAV/MicroMoog 24/SFM-MicroMoog24-72.wav	217183	44100	24	1	1.611
Micro From Mars/WAV/MicroMoog 24/SFM-MicroMoog24-73.wav	217069	44100	24	1	1.61
Micro From Mars/WAV/MicroMoog 24/SFM-MicroMoog24-74.wav	180121	44100	24	1	1.33
Micro From Mars/WAV/MicroMoog 24/SFM-MicroMoog24-75.wav	194910	44100	24	1	1.417
Micro From Mars/WAV/MicroMoog 24/SFM-MicroMoog24-76.wav	167586	44100	24	1	1.214
Micro From Mars/WAV/MicroMoog 24/SFM-MicroMoog24-77.wav	228126	44100	24	1	1.664
Micro From Mars/WAV/MicroMoog 24/SFM-MicroMoog24-78.wav	215718	44100	24	1	1.572
Micro From Mars/WAV/MicroMoog 24/SFM-MicroMoog24-79.wav	208236	44100	24	1	1.516
Micro From Mars/WAV/MicroMoog 24/SFM-MicroMoog24-80.wav	215383	44100	24	1	1.597
Micro From Mars/WAV/MicroMoog 24/SFM-MicroMoog24-81.wav	184051	44100	24	1	1.36
Micro From Mars/WAV/MicroMoog 24/SFM-MicroMoog24-82.wav	172951	44100	24	1	1.276
Micro From Mars/WAV/MicroMoog 24/SFM-MicroMoog24-83.wav	221982	44100	24	1	1.619
Micro From Mars/WAV/MicroMoog 24/SFM-MicroMoog24-84.wav	190129	44100	24	1	1.406
Micro From Mars/WAV/MicroMoog 25/SFM-MicroMoog25-100.wav	367219	44100	24	1	2.745
Micro From Mars/WAV/MicroMoog 25/SFM-MicroMoog25-101.wav	380281	44100	24	1	2.843
Micro From Mars/WAV/MicroMoog 25/SFM-MicroMoog25-102.wav	371761	44100	24	1	2.779
Micro From Mars/WAV/MicroMoog 25/SFM-MicroMoog25-103.wav	332874	44100	24	1	2.444
Micro From Mars/WAV/MicroMoog 25/SFM-MicroMoog25-105.wav	363247	44100	24	1	2.715
Micro From Mars/WAV/MicroMoog 25/SFM-MicroMoog25-106.wav	376363	44100	24	1	2.814
Micro From Mars/WAV/MicroMoog 25/SFM-MicroMoog25-107.wav	377611	44100	24	1	2.823
Micro From Mars/WAV/MicroMoog 25/SFM-MicroMoog25-108.wav	380629	44100	24	1	2.846
Micro From Mars/WAV/MicroMoog 25/SFM-MicroMoog25-30.wav	373020	44100	24	1	2.743
Micro From Mars/WAV/MicroMoog 25/SFM-MicroMoog25-31.wav	336181	44100	24	1	2.51
Micro From Mars/WAV/MicroMoog 25/SFM-MicroMoog25-32.wav	366751	44100	24	1	2.741
Micro From Mars/WAV/MicroMoog 25/SFM-MicroMoog25-33.wav	346045	44100	24	1	2.585
Micro From Mars/WAV/MicroMoog 25/SFM-MicroMoog25-34.wav	347514	44100	24	1	2.553
Micro From Mars/WAV/MicroMoog 25/SFM-MicroMoog25-35.wav	351889	44100	24	1	2.629
Micro From Mars/WAV/MicroMoog 25/SFM-MicroMoog25-36.wav	368784	44100	24	1	2.711
Micro From Mars/WAV/MicroMoog 25/SFM-MicroMoog25-37.wav	365353	44100	24	1	2.731
Micro From Mars/WAV/MicroMoog 25/SFM-MicroMoog25-38.wav	333937	44100	24	1	2.493
Micro From Mars/WAV/MicroMoog 25/SFM-MicroMoog25-39.wav	371863	44100	24	1	2.78
Micro From Mars/WAV/MicroMoog 25/SFM-MicroMoog25-40.wav	357349	44100	24	1	2.67
Micro From Mars/WAV/MicroMoog 25/SFM-MicroMoog25-41.wav	355272	44100	24	1	2.611
Micro From Mars/WAV/MicroMoog 25/SFM-MicroMoog25-42.wav	322404	44100	24	1	2.366
Micro From Mars/WAV/MicroMoog 25/SFM-MicroMoog25-43.wav	363019	44100	24	1	2.713
Micro From Mars/WAV/MicroMoog 25/SFM-MicroMoog25-44.wav	368424	44100	24	1	2.708
Micro From Mars/WAV/MicroMoog 25/SFM-MicroMoog25-45.wav	366463	44100	24	1	2.739
Micro From Mars/WAV/MicroMoog 25/SFM-MicroMoog25-46.wav	355021	44100	24	1	2.652
Micro From Mars/WAV/MicroMoog 25/SFM-MicroMoog25-47.wav	387870	44100	24	1	2.853
Micro From Mars/WAV/MicroMoog 25/SFM-MicroMoog25-48.wav	358057	44100	24	1	2.675
Micro From Mars/WAV/MicroMoog 25/SFM-MicroMoog25-49.wav	320305	44100	24	1	2.39
Micro From Mars/WAV/MicroMoog 25/SFM-MicroMoog25-50.wav	363012	44100	24	1	2.668
Micro From Mars/WAV/MicroMoog 25/SFM-MicroMoog25-51.wav	372270	44100	24	1	2.737
Micro From Mars/WAV/MicroMoog 25/SFM-MicroMoog25-52.wav	356581	44100	24	1	2.664
Micro From Mars/WAV/MicroMoog 25/SFM-MicroMoog25-53.wav	383238	44100	24	1	2.819
Micro From Mars/WAV/MicroMoog 25/SFM-MicroMoog25-54.wav	343411	44100	24	1	2.565
Micro From Mars/WAV/MicroMoog 25/SFM-MicroMoog25-55.wav	346783	44100	24	1	2.59
Micro From Mars/WAV/MicroMoog 25/SFM-MicroMoog25-56.wav	354319	44100	24	1	2.647
Micro From Mars/WAV/MicroMoog 25/SFM-MicroMoog25-57.wav	357355	44100	24	1	2.67
Micro From Mars/WAV/MicroMoog 25/SFM-MicroMoog25-58.wav	368538	44100	24	1	2.709
Micro From Mars/WAV/MicroMoog 25/SFM-MicroMoog25-59.wav	368676	44100	24	1	2.71
Micro From Mars/WAV/MicroMoog 25/SFM-MicroMoog25-60.wav	360031	44100	24	1	2.69
Micro From Mars/WAV/MicroMoog 25/SFM-MicroMoog25-61.wav	384480	44100	24	1	2.828
Micro From Mars/WAV/MicroMoog 25/SFM-MicroMoog25-62.wav	381613	44100	24	1	2.853
Micro From Mars/WAV/MicroMoog 25/SFM-MicroMoog25-63.wav	339066	44100	24	1	2.49
Micro From Mars/WAV/MicroMoog 25/SFM-MicroMoog25-64.wav	387564	44100	24	1	2.851
Micro From Mars/WAV/MicroMoog 25/SFM-MicroMoog25-65.wav	367686	44100	24	1	2.703
Micro From Mars/WAV/MicroMoog 25/SFM-MicroMoog25-66.wav	373171	44100	24	1	2.79
Micro From Mars/WAV/MicroMoog 25/SFM-MicroMoog25-67.wav	332844	44100	24	1	2.444
Micro From Mars/WAV/MicroMoog 25/SFM-MicroMoog25-68.wav	374562	44100	24	1	2.754
Micro From Mars/WAV/MicroMoog 25/SFM-MicroMoog25-69.wav	368154	44100	24	1	2.706
Micro From Mars/WAV/MicroMoog 25/SFM-MicroMoog25-70.wav	385200	44100	24	1	2.833
Micro From Mars/WAV/MicroMoog 25/SFM-MicroMoog25-71.wav	381894	44100	24	1	2.809
Micro From Mars/WAV/MicroMoog 25/SFM-MicroMoog25-72.wav	363109	44100	24	1	2.714
Micro From Mars/WAV/MicroMoog 25/SFM-MicroMoog25-73.wav	375067	44100	24	1	2.804
Micro From Mars/WAV/MicroMoog 25/SFM-MicroMoog25-74.wav	376375	44100	24	1	2.814
Micro From Mars/WAV/MicroMoog 25/SFM-MicroMoog25-75.wav	335989	44100	24	1	2.509
Micro From Mars/WAV/MicroMoog 25/SFM-MicroMoog25-76.wav	333973	44100	24	1	2.493
Micro From Mars/WAV/MicroMoog 25/SFM-MicroMoog25-77.wav	361057	44100	24	1	2.698
Micro From Mars/WAV/MicroMoog 25/SFM-MicroMoog25-78.wav	363889	44100	24	1	2.72
Micro From Mars/WAV/MicroMoog 25/SFM-MicroMoog25-79.wav	359616	44100	24	1	2.643
Micro From Mars/WAV/MicroMoog 25/SFM-MicroMoog25-80.wav	369894	44100	24	1	2.719
Micro From Mars/WAV/MicroMoog 25/SFM-MicroMoog25-81.wav	368046	44100	24	1	2.706
Micro From Mars/WAV/MicroMoog 25/SFM-MicroMoog25-82.wav	345691	44100	24	1	2.582
Micro From Mars/WAV/MicroMoog 25/SFM-MicroMoog25-83.wav	371215	44100	24	1	2.775
Micro From Mars/WAV/MicroMoog 25/SFM-MicroMoog25-84.wav	373699	44100	24	1	2.794
Micro From Mars/WAV/MicroMoog 25/SFM-MicroMoog25-85.wav	354133	44100	24	1	2.646
Micro From Mars/WAV/MicroMoog 25/SFM-MicroMoog25-86.wav	344143	44100	24	1	2.57
Micro From Mars/WAV/MicroMoog 25/SFM-MicroMoog25-87.wav	344328	44100	24	1	2.529
Micro From Mars/WAV/MicroMoog 25/SFM-MicroMoog25-88.wav	374281	44100	24	1	2.798
Micro From Mars/WAV/MicroMoog 25/SFM-MicroMoog25-89.wav	372643	44100	24	1	2.786
Micro From Mars/WAV/MicroMoog 25/SFM-MicroMoog25-90.wav	368761	44100	24	1	2.756
Micro From Mars/WAV/MicroMoog 25/SFM-MicroMoog25-91.wav	358266	44100	24	1	2.633
Micro From Mars/WAV/MicroMoog 25/SFM-MicroMoog25-92.wav	372997	44100	24	1	2.788
Micro From Mars/WAV/MicroMoog 25/SFM-MicroMoog25-93.wav	336450	44100	24	1	2.47
Micro From Mars/WAV/MicroMoog 25/SFM-MicroMoog25-94.wav	375066	44100	24	1	2.758
Micro From Mars/WAV/MicroMoog 25/SFM-MicroMoog25-95.wav	354823	44100	24	1	2.651
Micro From Mars/WAV/MicroMoog 25/SFM-MicroMoog25-96.wav	359508	44100	24	1	2.642
Micro From Mars/WAV/MicroMoog 25/SFM-MicroMoog25-97.wav	370248	44100	24	1	2.722
Micro From Mars/WAV/MicroMoog 25/SFM-MicroMoog25-98.wav	387738	44100	24	1	2.852
Micro From Mars/WAV/MicroMoog 25/SFM-MicroMoog25-99.wav	283405	44100	24	1	2.111
Micro From Mars/WAV/MicroMoog 26/SFM-MicroMoog26-100.wav	343860	44100	24	1	2.526
Micro From Mars/WAV/MicroMoog 26/SFM-MicroMoog26-101.wav	294840	44100	24	1	2.161
Micro From Mars/WAV/MicroMoog 26/SFM-MicroMoog26-24.wav	319092	44100	24	1	2.341
Micro From Mars/WAV/MicroMoog 26/SFM-MicroMoog26-25.wav	293130	44100	24	1	2.148
Micro From Mars/WAV/MicroMoog 26/SFM-MicroMoog26-26.wav	286705	44100	24	1	2.136
Micro From Mars/WAV/MicroMoog 26/SFM-MicroMoog26-27.wav	358681	44100	24	1	2.68
Micro From Mars/WAV/MicroMoog 26/SFM-MicroMoog26-28.wav	322416	44100	24	1	2.366
Micro From Mars/WAV/MicroMoog 26/SFM-MicroMoog26-29.wav	270133	44100	24	1	2.011
Micro From Mars/WAV/MicroMoog 26/SFM-MicroMoog26-30.wav	357169	44100	24	1	2.669
Micro From Mars/WAV/MicroMoog 26/SFM-MicroMoog26-31.wav	271446	44100	24	1	1.987
Micro From Mars/WAV/MicroMoog 26/SFM-MicroMoog26-32.wav	338593	44100	24	1	2.528
Micro From Mars/WAV/MicroMoog 26/SFM-MicroMoog26-33.wav	316074	44100	24	1	2.319
Micro From Mars/WAV/MicroMoog 26/SFM-MicroMoog26-34.wav	354019	44100	24	1	2.645
Micro From Mars/WAV/MicroMoog 26/SFM-MicroMoog26-35.wav	347232	44100	24	1	2.551
Micro From Mars/WAV/MicroMoog 26/SFM-MicroMoog26-36.wav	322927	44100	24	1	2.41
Micro From Mars/WAV/MicroMoog 26/SFM-MicroMoog26-37.wav	363000	44100	24	1	2.668
Micro From Mars/WAV/MicroMoog 26/SFM-MicroMoog26-38.wav	311772	44100	24	1	2.287
Micro From Mars/WAV/MicroMoog 26/SFM-MicroMoog26-39.wav	319080	44100	24	1	2.341
Micro From Mars/WAV/MicroMoog 26/SFM-MicroMoog26-40.wav	315799	44100	24	1	2.356
Micro From Mars/WAV/MicroMoog 26/SFM-MicroMoog26-41.wav	308521	44100	24	1	2.301
Micro From Mars/WAV/MicroMoog 26/SFM-MicroMoog26-42.wav	287358	44100	24	1	2.105
Micro From Mars/WAV/MicroMoog 26/SFM-MicroMoog26-43.wav	232861	44100	24	1	1.729
Micro From Mars/WAV/MicroMoog 26/SFM-MicroMoog26-44.wav	357127	44100	24	1	2.668
Micro From Mars/WAV/MicroMoog 26/SFM-MicroMoog26-45.wav	306096	44100	24	1	2.245
Micro From Mars/WAV/MicroMoog 26/SFM-MicroMoog26-46.wav	363709	44100	24	1	2.718
Micro From Mars/WAV/MicroMoog 26/SFM-MicroMoog26-47.wav	365341	44100	24	1	2.73
Micro From Mars/WAV/MicroMoog 26/SFM-MicroMoog26-48.wav	262902	44100	24	1	1.923
Micro From Mars/WAV/MicroMoog 26/SFM-MicroMoog26-49.wav	322471	44100	24	1	2.406
Micro From Mars/WAV/MicroMoog 26/SFM-MicroMoog26-50.wav	349788	44100	24	1	2.57
Micro From Mars/WAV/MicroMoog 26/SFM-MicroMoog26-51.wav	266371	44100	24	1	1.982
Micro From Mars/WAV/MicroMoog 26/SFM-MicroMoog26-52.wav	332611	44100	24	1	2.483
Micro From Mars/WAV/MicroMoog 26/SFM-MicroMoog26-53.wav	363756	44100	24	1	2.674
Micro From Mars/WAV/MicroMoog 26/SFM-MicroMoog26-54.wav	358459	44100	24	1	2.678
Micro From Mars/WAV/MicroMoog 26/SFM-MicroMoog26-56.wav	300805	44100	24	1	2.243
Micro From Mars/WAV/MicroMoog 26/SFM-MicroMoog26-57.wav	316291	44100	24	1	2.36
Micro From Mars/WAV/MicroMoog 26/SFM-MicroMoog26-58.wav	370134	44100	24	1	2.721
Micro From Mars/WAV/MicroMoog 26/SFM-MicroMoog26-59.wav	375187	44100	24	1	2.805
Micro From Mars/WAV/MicroMoog 26/SFM-MicroMoog26-60.wav	383173	44100	24	1	2.865
Micro From Mars/WAV/MicroMoog 26/SFM-MicroMoog26-61.wav	376584	44100	24	1	2.769
Micro From Mars/WAV/MicroMoog 26/SFM-MicroMoog26-62.wav	329304	44100	24	1	2.417
Micro From Mars/WAV/MicroMoog 26/SFM-MicroMoog26-63.wav	358200	44100	24	1	2.632
Micro From Mars/WAV/MicroMoog 26/SFM-MicroMoog26-64.wav	326274	44100	24	1	2.395
Micro From Mars/WAV/MicroMoog 26/SFM-MicroMoog26-65.wav	337890	44100	24	1	2.481
Micro From Mars/WAV/MicroMoog 26/SFM-MicroMoog26-66.wav	355518	44100	24	1	2.612
Micro From Mars/WAV/MicroMoog 26/SFM-MicroMoog26-67.wav	344976	44100	24	1	2.534
Micro From Mars/WAV/MicroMoog 26/SFM-MicroMoog26-69.wav	343951	44100	24	1	2.569
Micro From Mars/WAV/MicroMoog 26/SFM-MicroMoog26-70.wav	324570	44100	24	1	2.382
Micro From Mars/WAV/MicroMoog 26/SFM-MicroMoog26-71.wav	349488	44100	24	1	2.567
Micro From Mars/WAV/MicroMoog 26/SFM-MicroMoog26-72.wav	349302	44100	24	1	2.566
Micro From Mars/WAV/MicroMoog 26/SFM-MicroMoog26-73.wav	365497	44100	24	1	2.732
Micro From Mars/WAV/MicroMoog 26/SFM-MicroMoog26-74.wav	311598	44100	24	1	2.286
Micro From Mars/WAV/MicroMoog 26/SFM-MicroMoog26-75.wav	331195	44100	24	1	2.472
Micro From Mars/WAV/MicroMoog 26/SFM-MicroMoog26-76.wav	371682	44100	24	1	2.733
Micro From Mars/WAV/MicroMoog 26/SFM-MicroMoog26-77.wav	310477	44100	24	1	2.316
Micro From Mars/WAV/MicroMoog 26/SFM-MicroMoog26-78.wav	325681	44100	24	1	2.431
Micro From Mars/WAV/MicroMoog 26/SFM-MicroMoog26-79.wav	364500	44100	24	1	2.679
Micro From Mars/WAV/MicroMoog 26/SFM-MicroMoog26-80.wav	356611	44100	24	1	2.665
Micro From Mars/WAV/MicroMoog 26/SFM-MicroMoog26-82.wav	319615	44100	24	1	2.385
Micro From Mars/WAV/MicroMoog 26/SFM-MicroMoog26-83.wav	340656	44100	24	1	2.502
Micro From Mars/WAV/MicroMoog 26/SFM-MicroMoog26-84.wav	361392	44100	24	1	2.656
Micro From Mars/WAV/MicroMoog 26/SFM-MicroMoog26-85.wav	300727	44100	24	1	2.242
Micro From Mars/WAV/MicroMoog 26/SFM-MicroMoog26-86.wav	317167	44100	24	1	2.366
Micro From Mars/WAV/MicroMoog 26/SFM-MicroMoog26-87.wav	297744	44100	24	1	2.182
Micro From Mars/WAV/MicroMoog 26/SFM-MicroMoog26-88.wav	331591	44100	24	1	2.475
Micro From Mars/WAV/MicroMoog 26/SFM-MicroMoog26-89.wav	350443	44100	24	1	2.618
Micro From Mars/WAV/MicroMoog 26/SFM-MicroMoog26-90.wav	310878	44100	24	1	2.28
Micro From Mars/WAV/MicroMoog 26/SFM-MicroMoog26-91.wav	366127	44100	24	1	2.736
Micro From Mars/WAV/MicroMoog 26/SFM-MicroMoog26-92.wav	378336	44100	24	1	2.782
Micro From Mars/WAV/MicroMoog 26/SFM-MicroMoog26-93.wav	314700	44100	24	1	2.309
Micro From Mars/WAV/MicroMoog 26/SFM-MicroMoog26-96.wav	328969	44100	24	1	2.456
Micro From Mars/WAV/MicroMoog 26/SFM-MicroMoog26-97.wav	289608	44100	24	1	2.122
Micro From Mars/WAV/MicroMoog 26/SFM-MicroMoog26-98.wav	312528	44100	24	1	2.292
Micro From Mars/WAV/MicroMoog 26/SFM-MicroMoog26-99.wav	275479	44100	24	1	2.051
Micro From Mars/WAV/MicroMoog 27/SFM-MicroMoog27-28.wav	1282350	44100	24	1	9.51
Micro From Mars/WAV/MicroMoog 27/SFM-MicroMoog27-29.wav	1331791	44100	24	1	10.035
Micro From Mars/WAV/MicroMoog 27/SFM-MicroMoog27-30.wav	1298455	44100	24	1	9.784
Micro From Mars/WAV/MicroMoog 27/SFM-MicroMoog27-31.wav	1256550	44100	24	1	9.318
Micro From Mars/WAV/MicroMoog 27/SFM-MicroMoog27-32.wav	1439658	44100	24	1	10.681
Micro From Mars/WAV/MicroMoog 27/SFM-MicroMoog27-33.wav	1271886	44100	24	1	9.432
Micro From Mars/WAV/MicroMoog 27/SFM-MicroMoog27-34.wav	1292034	44100	24	1	9.582
Micro From Mars/WAV/MicroMoog 27/SFM-MicroMoog27-35.wav	1236829	44100	24	1	9.318
Micro From Mars/WAV/MicroMoog 27/SFM-MicroMoog27-36.wav	1183033	44100	24	1	8.911
Micro From Mars/WAV/MicroMoog 27/SFM-MicroMoog27-37.wav	1168657	44100	24	1	8.802
Micro From Mars/WAV/MicroMoog 27/SFM-MicroMoog27-38.wav	1269876	44100	24	1	9.417
Micro From Mars/WAV/MicroMoog 27/SFM-MicroMoog27-39.wav	1208454	44100	24	1	8.96
Micro From Mars/WAV/MicroMoog 27/SFM-MicroMoog27-40.wav	1196736	44100	24	1	8.873
Micro From Mars/WAV/MicroMoog 27/SFM-MicroMoog27-41.wav	1187869	44100	24	1	8.948
Micro From Mars/WAV/MicroMoog 27/SFM-MicroMoog27-42.wav	1251373	44100	24	1	9.428
Micro From Mars/WAV/MicroMoog 27/SFM-MicroMoog27-43.wav	1185096	44100	24	1	8.786
Micro From Mars/WAV/MicroMoog 27/SFM-MicroMoog27-44.wav	1198428	44100	24	1	8.886
Micro From Mars/WAV/MicroMoog 27/SFM-MicroMoog27-45.wav	1191396	44100	24	1	8.833
Micro From Mars/WAV/MicroMoog 27/SFM-MicroMoog27-46.wav	1129200	44100	24	1	8.37
Micro From Mars/WAV/MicroMoog 27/SFM-MicroMoog27-47.wav	1205677	44100	24	1	9.082
Micro From Mars/WAV/MicroMoog 27/SFM-MicroMoog27-48.wav	1159807	44100	24	1	8.736
Micro From Mars/WAV/MicroMoog 27/SFM-MicroMoog27-49.wav	1161984	44100	24	1	8.614
Micro From Mars/WAV/MicroMoog 27/SFM-MicroMoog27-50.wav	1148221	44100	24	1	8.648
Micro From Mars/WAV/MicroMoog 27/SFM-MicroMoog27-51.wav	1187574	44100	24	1	8.805
Micro From Mars/WAV/MicroMoog 27/SFM-MicroMoog27-52.wav	1171770	44100	24	1	8.687
Micro From Mars/WAV/MicroMoog 27/SFM-MicroMoog27-53.wav	1259641	44100	24	1	9.49
Micro From Mars/WAV/MicroMoog 27/SFM-MicroMoog27-54.wav	1151292	44100	24	1	8.535
Micro From Mars/WAV/MicroMoog 27/SFM-MicroMoog27-55.wav	1192200	44100	24	1	8.839
Micro From Mars/WAV/MicroMoog 27/SFM-MicroMoog27-56.wav	1265592	44100	24	1	9.385
Micro From Mars/WAV/MicroMoog 27/SFM-MicroMoog27-57.wav	1209642	44100	24	1	8.969
Micro From Mars/WAV/MicroMoog 27/SFM-MicroMoog27-58.wav	1155967	44100	24	1	8.707
Micro From Mars/WAV/MicroMoog 27/SFM-MicroMoog27-59.wav	1288548	44100	24	1	9.556
Micro From Mars/WAV/MicroMoog 27/SFM-MicroMoog27-60.wav	1234698	44100	24	1	9.155
Micro From Mars/WAV/MicroMoog 27/SFM-MicroMoog27-61.wav	1195944	44100	24	1	8.867
Micro From Mars/WAV/MicroMoog 27/SFM-MicroMoog27-62.wav	1218499	44100	24	1	9.179
Micro From Mars/WAV/MicroMoog 27/SFM-MicroMoog27-63.wav	1131361	44100	24	1	8.521
Micro From Mars/WAV/MicroMoog 27/SFM-MicroMoog27-64.wav	1201920	44100	24	1	8.912
Micro From Mars/WAV/MicroMoog 27/SFM-MicroMoog27-65.wav	1212438	44100	24	1	8.99
Micro From Mars/WAV/MicroMoog 27/SFM-MicroMoog27-66.wav	1195513	44100	24	1	9.005
Micro From Mars/WAV/MicroMoog 27/SFM-MicroMoog27-67.wav	1129747	44100	24	1	8.508
Micro From Mars/WAV/MicroMoog 27/SFM-MicroMoog27-68.wav	1117711	44100	24	1	8.417
Micro From Mars/WAV/MicroMoog 27/SFM-MicroMoog27-69.wav	1185276	44100	24	1	8.788
Micro From Mars/WAV/MicroMoog 27/SFM-MicroMoog27-70.wav	1185618	44100	24	1	8.79
Micro From Mars/WAV/MicroMoog 27/SFM-MicroMoog27-71.wav	1166047	44100	24	1	8.783
Micro From Mars/WAV/MicroMoog 27/SFM-MicroMoog27-72.wav	1171404	44100	24	1	8.684
Micro From Mars/WAV/MicroMoog 27/SFM-MicroMoog27-73.wav	1132638	44100	24	1	8.396
Micro From Mars/WAV/MicroMoog 27/SFM-MicroMoog27-74.wav	1248564	44100	24	1	9.259
Micro From Mars/WAV/MicroMoog 27/SFM-MicroMoog27-75.wav	1210129	44100	24	1	9.116
Micro From Mars/WAV/MicroMoog 27/SFM-MicroMoog27-76.wav	1155415	44100	24	1	8.702
Micro From Mars/WAV/MicroMoog 27/SFM-MicroMoog27-77.wav	1119505	44100	24	1	8.431
Micro From Mars/WAV/MicroMoog 27/SFM-MicroMoog27-78.wav	1193568	44100	24	1	8.849
Micro From Mars/WAV/MicroMoog 27/SFM-MicroMoog27-79.wav	1159249	44100	24	1	8.731
Micro From Mars/WAV/MicroMoog 27/SFM-MicroMoog27-80.wav	1175617	44100	24	1	8.855
Micro From Mars/WAV/MicroMoog 27/SFM-MicroMoog27-81.wav	1171584	44100	24	1	8.686
Micro From Mars/WAV/MicroMoog 27/SFM-MicroMoog27-82.wav	1209103	44100	24	1	9.108
Micro From Mars/WAV/MicroMoog 27/SFM-MicroMoog27-83.wav	1568983	44100	24	1	11.828
Micro From Mars/WAV/MicroMoog 27/SFM-MicroMoog27-84.wav	1121881	44100	24	1	8.449
Micro From Mars/WAV/MicroMoog 27/SFM-MicroMoog27-85.wav	1248966	44100	24	1	9.262
Micro From Mars/WAV/MicroMoog 27/SFM-MicroMoog27-86.wav	1204068	44100	24	1	8.928
Micro From Mars/WAV/MicroMoog 27/SFM-MicroMoog27-87.wav	1117471	44100	24	1	8.416
Micro From Mars/WAV/MicroMoog 27/SFM-MicroMoog27-88.wav	1148077	44100	24	1	8.647
Micro From Mars/WAV/MicroMoog 27/SFM-MicroMoog27-89.wav	1165206	44100	24	1	8.638
Micro From Mars/WAV/MicroMoog 27/SFM-MicroMoog27-90.wav	1115065	44100	24	1	8.397
Micro From Mars/WAV/MicroMoog 27/SFM-MicroMoog27-91.wav	1202281	44100	24	1	9.057
Micro From Mars/WAV/MicroMoog 27/SFM-MicroMoog27-92.wav	1158163	44100	24	1	8.723
Micro From Mars/WAV/MicroMoog 27/SFM-MicroMoog27-93.wav	1119864	44100	24	1	8.301
Micro From Mars/WAV/MicroMoog 27/SFM-MicroMoog27-94.wav	1107685	44100	24	1	8.342
Micro From Mars/WAV/MicroMoog 27/SFM-MicroMoog27-95.wav	1144614	44100	24	1	8.485
Micro From Mars/WAV/MicroMoog 27/SFM-MicroMoog27-96.wav	1293967	44100	24	1	9.75
Micro From Mars/WAV/MicroMoog 3/SFM-MicroMoog3-24.wav	183522	44100	24	1	1.332
Micro From Mars/WAV/MicroMoog 3/SFM-MicroMoog3-25.wav	171924	44100	24	1	1.246
Micro From Mars/WAV/MicroMoog 3/SFM-MicroMoog3-26.wav	163026	44100	24	1	1.18
Micro From Mars/WAV/MicroMoog 3/SFM-MicroMoog3-27.wav	163073	44100	24	1	1.198
Micro From Mars/WAV/MicroMoog 3/SFM-MicroMoog3-28.wav	169122	44100	24	1	1.225
Micro From Mars/WAV/MicroMoog 3/SFM-MicroMoog3-29.wav	159042	44100	24	1	1.15
Micro From Mars/WAV/MicroMoog 3/SFM-MicroMoog3-30.wav	157896	44100	24	1	1.142
Micro From Mars/WAV/MicroMoog 3/SFM-MicroMoog3-31.wav	149752	44100	24	1	1.078
Micro From Mars/WAV/MicroMoog 3/SFM-MicroMoog3-32.wav	156553	44100	24	1	1.152
Micro From Mars/WAV/MicroMoog 3/SFM-MicroMoog3-33.wav	141709	44100	24	1	1.04
Micro From Mars/WAV/MicroMoog 3/SFM-MicroMoog3-34.wav	146551	44100	24	1	1.077
Micro From Mars/WAV/MicroMoog 3/SFM-MicroMoog3-35.wav	154200	44100	24	1	1.114
Micro From Mars/WAV/MicroMoog 3/SFM-MicroMoog3-36.wav	157927	44100	24	1	1.163
Micro From Mars/WAV/MicroMoog 3/SFM-MicroMoog3-37.wav	151082	44100	24	1	1.088
Micro From Mars/WAV/MicroMoog 3/SFM-MicroMoog3-38.wav	149940	44100	24	1	1.082
Micro From Mars/WAV/MicroMoog 3/SFM-MicroMoog3-39.wav	152262	44100	24	1	1.1
Micro From Mars/WAV/MicroMoog 3/SFM-MicroMoog3-40.wav	149382	44100	24	1	1.078
Micro From Mars/WAV/MicroMoog 3/SFM-MicroMoog3-41.wav	144090	44100	24	1	1.039
Micro From Mars/WAV/MicroMoog 3/SFM-MicroMoog3-42.wav	141145	44100	24	1	1.036
Micro From Mars/WAV/MicroMoog 3/SFM-MicroMoog3-43.wav	138240	44100	24	1	0.995
Micro From Mars/WAV/MicroMoog 3/SFM-MicroMoog3-44.wav	147052	44100	24	1	1.058
Micro From Mars/WAV/MicroMoog 3/SFM-MicroMoog3-45.wav	144396	44100	24	1	1.041
Micro From Mars/WAV/MicroMoog 3/SFM-MicroMoog3-46.wav	142086	44100	24	1	1.024
Micro From Mars/WAV/MicroMoog 3/SFM-MicroMoog3-47.wav	139633	44100	24	1	1.024
Micro From Mars/WAV/MicroMoog 3/SFM-MicroMoog3-48.wav	143364	44100	24	1	1.033
Micro From Mars/WAV/MicroMoog 3/SFM-MicroMoog3-49.wav	140712	44100	24	1	1.014
Micro From Mars/WAV/MicroMoog 3/SFM-MicroMoog3-50.wav	133704	44100	24	1	0.962
Micro From Mars/WAV/MicroMoog 3/SFM-MicroMoog3-51.wav	137587	44100	24	1	1.009
Micro From Mars/WAV/MicroMoog 3/SFM-MicroMoog3-52.wav	134611	44100	24	1	0.987
Micro From Mars/WAV/MicroMoog 3/SFM-MicroMoog3-53.wav	129678	44100	24	1	0.932
Micro From Mars/WAV/MicroMoog 3/SFM-MicroMoog3-54.wav	190591	44100	24	1	1.41
Micro From Mars/WAV/MicroMoog 3/SFM-MicroMoog3-55.wav	176359	44100	24	1	1.302
Micro From Mars/WAV/MicroMoog 3/SFM-MicroMoog3-56.wav	185659	44100	24	1	1.372
Micro From Mars/WAV/MicroMoog 3/SFM-MicroMoog3-57.wav	183643	44100	24	1	1.357
Micro From Mars/WAV/MicroMoog 3/SFM-MicroMoog3-58.wav	193446	44100	24	1	1.406
Micro From Mars/WAV/MicroMoog 3/SFM-MicroMoog3-59.wav	185065	44100	24	1	1.368
Micro From Mars/WAV/MicroMoog 3/SFM-MicroMoog3-60.wav	186696	44100	24	1	1.356
Micro From Mars/WAV/MicroMoog 3/SFM-MicroMoog3-61.wav	179839	44100	24	1	1.328
Micro From Mars/WAV/MicroMoog 3/SFM-MicroMoog3-62.wav	179300	44100	24	1	1.297
Micro From Mars/WAV/MicroMoog 3/SFM-MicroMoog3-63.wav	173221	44100	24	1	1.278
Micro From Mars/WAV/MicroMoog 3/SFM-MicroMoog3-64.wav	173707	44100	24	1	1.282
Micro From Mars/WAV/MicroMoog 3/SFM-MicroMoog3-65.wav	164773	44100	24	1	1.214
Micro From Mars/WAV/MicroMoog 3/SFM-MicroMoog3-66.wav	197598	44100	24	1	1.433
Micro From Mars/WAV/MicroMoog 3/SFM-MicroMoog3-67.wav	162769	44100	24	1	1.199
Micro From Mars/WAV/MicroMoog 3/SFM-MicroMoog3-68.wav	178272	44100	24	1	1.293
Micro From Mars/WAV/MicroMoog 3/SFM-MicroMoog3-69.wav	163117	44100	24	1	1.202
Micro From Mars/WAV/MicroMoog 3/SFM-MicroMoog3-70.wav	185694	44100	24	1	1.345
Micro From Mars/WAV/MicroMoog 3/SFM-MicroMoog3-71.wav	180450	44100	24	1	1.309
Micro From Mars/WAV/MicroMoog 3/SFM-MicroMoog3-72.wav	190393	44100	24	1	1.408
Micro From Mars/WAV/MicroMoog 3/SFM-MicroMoog3-73.wav	187213	44100	24	1	1.38
Micro From Mars/WAV/MicroMoog 3/SFM-MicroMoog3-74.wav	178831	44100	24	1	1.321
Micro From Mars/WAV/MicroMoog 3/SFM-MicroMoog3-75.wav	179311	44100	24	1	1.324
Micro From Mars/WAV/MicroMoog 3/SFM-MicroMoog3-76.wav	186540	44100	24	1	1.355
Micro From Mars/WAV/MicroMoog 3/SFM-MicroMoog3-77.wav	172194	44100	24	1	1.248
Micro From Mars/WAV/MicroMoog 3/SFM-MicroMoog3-78.wav	171715	44100	24	1	1.267
Micro From Mars/WAV/MicroMoog 3/SFM-MicroMoog3-79.wav	167394	44100	24	1	1.212
Micro From Mars/WAV/MicroMoog 3/SFM-MicroMoog3-80.wav	171570	44100	24	1	1.24
Micro From Mars/WAV/MicroMoog 3/SFM-MicroMoog3-81.wav	167791	44100	24	1	1.237
Micro From Mars/WAV/MicroMoog 3/SFM-MicroMoog3-82.wav	158731	44100	24	1	1.169
Micro From Mars/WAV/MicroMoog 3/SFM-MicroMoog3-83.wav	173412	44100	24	1	1.257
Micro From Mars/WAV/MicroMoog 3/SFM-MicroMoog3-84.wav	185611	44100	24	1	1.372
Micro From Mars/WAV/MicroMoog 3/SFM-MicroMoog3-85.wav	176113	44100	24	1	1.3
Micro From Mars/WAV/MicroMoog 3/SFM-MicroMoog3-86.wav	171181	44100	24	1	1.26
Micro From Mars/WAV/MicroMoog 3/SFM-MicroMoog3-87.wav	185545	44100	24	1	1.371
Micro From Mars/WAV/MicroMoog 3/SFM-MicroMoog3-88.wav	183145	44100	24	1	1.353
Micro From Mars/WAV/MicroMoog 3/SFM-MicroMoog3-89.wav	165096	44100	24	1	1.195
Micro From Mars/WAV/MicroMoog 3/SFM-MicroMoog3-90.wav	179201	44100	24	1	1.32
Micro From Mars/WAV/MicroMoog 3/SFM-MicroMoog3-91.wav	163633	44100	24	1	1.206
Micro From Mars/WAV/MicroMoog 3/SFM-MicroMoog3-92.wav	124885	44100	24	1	0.913
Micro From Mars/WAV/MicroMoog 4/SFM-MicroMoog4-24.wav	193567	44100	24	1	1.432
Micro From Mars/WAV/MicroMoog 4/SFM-MicroMoog4-25.wav	242173	44100	24	1	1.8
Micro From Mars/WAV/MicroMoog 4/SFM-MicroMoog4-26.wav	184321	44100	24	1	1.362
Micro From Mars/WAV/MicroMoog 4/SFM-MicroMoog4-27.wav	193693	44100	24	1	1.433
Micro From Mars/WAV/MicroMoog 4/SFM-MicroMoog4-28.wav	192109	44100	24	1	1.421
Micro From Mars/WAV/MicroMoog 4/SFM-MicroMoog4-29.wav	200682	44100	24	1	1.46
Micro From Mars/WAV/MicroMoog 4/SFM-MicroMoog4-30.wav	191173	44100	24	1	1.414
Micro From Mars/WAV/MicroMoog 4/SFM-MicroMoog4-31.wav	186936	44100	24	1	1.358
Micro From Mars/WAV/MicroMoog 4/SFM-MicroMoog4-32.wav	185347	44100	24	1	1.37
Micro From Mars/WAV/MicroMoog 4/SFM-MicroMoog4-33.wav	183985	44100	24	1	1.36
Micro From Mars/WAV/MicroMoog 4/SFM-MicroMoog4-34.wav	192553	44100	24	1	1.424
Micro From Mars/WAV/MicroMoog 4/SFM-MicroMoog4-35.wav	182533	44100	24	1	1.349
Micro From Mars/WAV/MicroMoog 4/SFM-MicroMoog4-36.wav	177168	44100	24	1	1.285
Micro From Mars/WAV/MicroMoog 4/SFM-MicroMoog4-37.wav	189907	44100	24	1	1.404
Micro From Mars/WAV/MicroMoog 4/SFM-MicroMoog4-38.wav	173958	44100	24	1	1.261
Micro From Mars/WAV/MicroMoog 4/SFM-MicroMoog4-39.wav	164125	44100	24	1	1.21
Micro From Mars/WAV/MicroMoog 4/SFM-MicroMoog4-40.wav	185226	44100	24	1	1.345
Micro From Mars/WAV/MicroMoog 4/SFM-MicroMoog4-41.wav	171679	44100	24	1	1.267
Micro From Mars/WAV/MicroMoog 4/SFM-MicroMoog4-42.wav	180433	44100	24	1	1.333
Micro From Mars/WAV/MicroMoog 4/SFM-MicroMoog4-43.wav	178213	44100	24	1	1.316
Micro From Mars/WAV/MicroMoog 4/SFM-MicroMoog4-44.wav	174630	44100	24	1	1.266
Micro From Mars/WAV/MicroMoog 4/SFM-MicroMoog4-45.wav	164550	44100	24	1	1.191
Micro From Mars/WAV/MicroMoog 4/SFM-MicroMoog4-46.wav	182488	44100	24	1	1.321
Micro From Mars/WAV/MicroMoog 4/SFM-MicroMoog4-47.wav	175111	44100	24	1	1.293
Micro From Mars/WAV/MicroMoog 4/SFM-MicroMoog4-48.wav	175866	44100	24	1	1.275
Micro From Mars/WAV/MicroMoog 4/SFM-MicroMoog4-49.wav	172237	44100	24	1	1.271
Micro From Mars/WAV/MicroMoog 4/SFM-MicroMoog4-50.wav	179628	44100	24	1	1.303
Micro From Mars/WAV/MicroMoog 4/SFM-MicroMoog4-51.wav	160146	44100	24	1	1.158
Micro From Mars/WAV/MicroMoog 4/SFM-MicroMoog4-52.wav	187129	44100	24	1	1.383
Micro From Mars/WAV/MicroMoog 4/SFM-MicroMoog4-53.wav	174985	44100	24	1	1.292
Micro From Mars/WAV/MicroMoog 4/SFM-MicroMoog4-54.wav	166506	44100	24	1	1.206
Micro From Mars/WAV/MicroMoog 4/SFM-MicroMoog4-55.wav	185184	44100	24	1	1.345
Micro From Mars/WAV/MicroMoog 4/SFM-MicroMoog4-56.wav	175615	44100	24	1	1.296
Micro From Mars/WAV/MicroMoog 4/SFM-MicroMoog4-57.wav	176047	44100	24	1	1.3
Micro From Mars/WAV/MicroMoog 4/SFM-MicroMoog4-58.wav	178165	44100	24	1	1.316
Micro From Mars/WAV/MicroMoog 4/SFM-MicroMoog4-59.wav	197256	44100	24	1	1.435
Micro From Mars/WAV/MicroMoog 4/SFM-MicroMoog4-60.wav	181027	44100	24	1	1.337
Micro From Mars/WAV/MicroMoog 4/SFM-MicroMoog4-61.wav	186109	44100	24	1	1.376
Micro From Mars/WAV/MicroMoog 4/SFM-MicroMoog4-62.wav	173172	44100	24	1	1.255
Micro From Mars/WAV/MicroMoog 4/SFM-MicroMoog4-63.wav	192036	44100	24	1	1.396
Micro From Mars/WAV/MicroMoog 4/SFM-MicroMoog4-64.wav	175182	44100	24	1	1.27
Micro From Mars/WAV/MicroMoog 4/SFM-MicroMoog4-65.wav	178867	44100	24	1	1.321
Micro From Mars/WAV/MicroMoog 4/SFM-MicroMoog4-66.wav	169519	44100	24	1	1.25
Micro From Mars/WAV/MicroMoog 4/SFM-MicroMoog4-67.wav	270006	44100	24	1	1.976
Micro From Mars/WAV/MicroMoog 4/SFM-MicroMoog4-68.wav	181315	44100	24	1	1.34
Micro From Mars/WAV/MicroMoog 4/SFM-MicroMoog4-69.wav	182364	44100	24	1	1.324
Micro From Mars/WAV/MicroMoog 4/SFM-MicroMoog4-70.wav	174979	44100	24	1	1.292
Micro From Mars/WAV/MicroMoog 4/SFM-MicroMoog4-71.wav	199398	44100	24	1	1.451
Micro From Mars/WAV/MicroMoog 4/SFM-MicroMoog4-72.wav	187783	44100	24	1	1.388
Micro From Mars/WAV/MicroMoog 4/SFM-MicroMoog4-73.wav	176059	44100	24	1	1.3
Micro From Mars/WAV/MicroMoog 4/SFM-MicroMoog4-74.wav	181411	44100	24	1	1.34
Micro From Mars/WAV/MicroMoog 4/SFM-MicroMoog4-75.wav	175867	44100	24	1	1.298
Micro From Mars/WAV/MicroMoog 4/SFM-MicroMoog4-76.wav	180715	44100	24	1	1.335
Micro From Mars/WAV/MicroMoog 4/SFM-MicroMoog4-77.wav	185148	44100	24	1	1.344
Micro From Mars/WAV/MicroMoog 4/SFM-MicroMoog4-78.wav	193110	44100	24	1	1.404
Micro From Mars/WAV/MicroMoog 4/SFM-MicroMoog4-79.wav	195103	44100	24	1	1.444
Micro From Mars/WAV/MicroMoog 4/SFM-MicroMoog4-80.wav	186823	44100	24	1	1.381
Micro From Mars/WAV/MicroMoog 4/SFM-MicroMoog4-81.wav	185173	44100	24	1	1.369
Micro From Mars/WAV/MicroMoog 4/SFM-MicroMoog4-82.wav	199717	44100	24	1	1.479
Micro From Mars/WAV/MicroMoog 4/SFM-MicroMoog4-83.wav	227419	44100	24	1	1.688
Micro From Mars/WAV/MicroMoog 4/SFM-MicroMoog4-84.wav	190567	44100	24	1	1.409
Micro From Mars/WAV/MicroMoog 4/SFM-MicroMoog4-85.wav	157189	44100	24	1	1.157
Micro From Mars/WAV/MicroMoog 4/SFM-MicroMoog4-86.wav	195175	44100	24	1	1.444
Micro From Mars/WAV/MicroMoog 4/SFM-MicroMoog4-87.wav	191394	44100	24	1	1.391
Micro From Mars/WAV/MicroMoog 4/SFM-MicroMoog4-88.wav	206556	44100	24	1	1.504
Micro From Mars/WAV/MicroMoog 4/SFM-MicroMoog4-89.wav	211122	44100	24	1	1.538
Micro From Mars/WAV/MicroMoog 4/SFM-MicroMoog4-90.wav	274837	44100	24	1	2.046
Micro From Mars/WAV/MicroMoog 4/SFM-MicroMoog4-91.wav	244195	44100	24	1	1.815
Micro From Mars/WAV/MicroMoog 5/SFM-MicroMoog5-24.wav	193920	44100	24	1	1.41
Micro From Mars/WAV/MicroMoog 5/SFM-MicroMoog5-25.wav	158611	44100	24	1	1.168
Micro From Mars/WAV/MicroMoog 5/SFM-MicroMoog5-26.wav	176521	44100	24	1	1.303
Micro From Mars/WAV/MicroMoog 5/SFM-MicroMoog5-27.wav	154711	44100	24	1	1.138
Micro From Mars/WAV/MicroMoog 5/SFM-MicroMoog5-28.wav	176952	44100	24	1	1.283
Micro From Mars/WAV/MicroMoog 5/SFM-MicroMoog5-29.wav	167257	44100	24	1	1.233
Micro From Mars/WAV/MicroMoog 5/SFM-MicroMoog5-30.wav	192138	44100	24	1	1.396
Micro From Mars/WAV/MicroMoog 5/SFM-MicroMoog5-31.wav	203329	44100	24	1	1.506
Micro From Mars/WAV/MicroMoog 5/SFM-MicroMoog5-32.wav	166236	44100	24	1	1.204
Micro From Mars/WAV/MicroMoog 5/SFM-MicroMoog5-33.wav	185970	44100	24	1	1.351
Micro From Mars/WAV/MicroMoog 5/SFM-MicroMoog5-34.wav	220650	44100	24	1	1.609
Micro From Mars/WAV/MicroMoog 5/SFM-MicroMoog5-35.wav	194773	44100	24	1	1.441
Micro From Mars/WAV/MicroMoog 5/SFM-MicroMoog5-36.wav	254580	44100	24	1	1.861
Micro From Mars/WAV/MicroMoog 5/SFM-MicroMoog5-37.wav	205098	44100	24	1	1.493
Micro From Mars/WAV/MicroMoog 5/SFM-MicroMoog5-38.wav	183660	44100	24	1	1.333
Micro From Mars/WAV/MicroMoog 5/SFM-MicroMoog5-39.wav	188773	44100	24	1	1.396
Micro From Mars/WAV/MicroMoog 5/SFM-MicroMoog5-40.wav	183037	44100	24	1	1.353
Micro From Mars/WAV/MicroMoog 5/SFM-MicroMoog5-41.wav	178885	44100	24	1	1.321
Micro From Mars/WAV/MicroMoog 5/SFM-MicroMoog5-42.wav	180480	44100	24	1	1.31
Micro From Mars/WAV/MicroMoog 5/SFM-MicroMoog5-43.wav	190249	44100	24	1	1.407
Micro From Mars/WAV/MicroMoog 5/SFM-MicroMoog5-44.wav	176688	44100	24	1	1.281
Micro From Mars/WAV/MicroMoog 5/SFM-MicroMoog5-45.wav	179832	44100	24	1	1.305
Micro From Mars/WAV/MicroMoog 5/SFM-MicroMoog5-46.wav	183972	44100	24	1	1.336
Micro From Mars/WAV/MicroMoog 5/SFM-MicroMoog5-47.wav	178104	44100	24	1	1.292
Micro From Mars/WAV/MicroMoog 5/SFM-MicroMoog5-48.wav	192235	44100	24	1	1.422
Micro From Mars/WAV/MicroMoog 5/SFM-MicroMoog5-49.wav	178381	44100	24	1	1.317
Micro From Mars/WAV/MicroMoog 5/SFM-MicroMoog5-50.wav	181099	44100	24	1	1.338
Micro From Mars/WAV/MicroMoog 5/SFM-MicroMoog5-51.wav	185898	44100	24	1	1.35
Micro From Mars/WAV/MicroMoog 5/SFM-MicroMoog5-52.wav	180361	44100	24	1	1.332
Micro From Mars/WAV/MicroMoog 5/SFM-MicroMoog5-53.wav	193734	44100	24	1	1.408
Micro From Mars/WAV/MicroMoog 5/SFM-MicroMoog5-54.wav	177774	44100	24	1	1.29
Micro From Mars/WAV/MicroMoog 5/SFM-MicroMoog5-55.wav	181063	44100	24	1	1.338
Micro From Mars/WAV/MicroMoog 5/SFM-MicroMoog5-56.wav	189991	44100	24	1	1.405
Micro From Mars/WAV/MicroMoog 5/SFM-MicroMoog5-57.wav	186781	44100	24	1	1.381
Micro From Mars/WAV/MicroMoog 5/SFM-MicroMoog5-58.wav	186606	44100	24	1	1.355
Micro From Mars/WAV/MicroMoog 5/SFM-MicroMoog5-59.wav	186781	44100	24	1	1.381
Micro From Mars/WAV/MicroMoog 5/SFM-MicroMoog5-60.wav	186204	44100	24	1	1.352
Micro From Mars/WAV/MicroMoog 5/SFM-MicroMoog5-61.wav	183660	44100	24	1	1.333
Micro From Mars/WAV/MicroMoog 5/SFM-MicroMoog5-62.wav	191862	44100	24	1	1.394
Micro From Mars/WAV/MicroMoog 5/SFM-MicroMoog5-63.wav	206322	44100	24	1	1.502
Micro From Mars/WAV/MicroMoog 5/SFM-MicroMoog5-64.wav	194592	44100	24	1	1.415
Micro From Mars/WAV/MicroMoog 5/SFM-MicroMoog5-65.wav	196416	44100	24	1	1.428
Micro From Mars/WAV/MicroMoog 5/SFM-MicroMoog5-66.wav	191455	44100	24	1	1.416
Micro From Mars/WAV/MicroMoog 5/SFM-MicroMoog5-67.wav	194347	44100	24	1	1.438
Micro From Mars/WAV/MicroMoog 5/SFM-MicroMoog5-68.wav	160140	44100	24	1	1.158
Micro From Mars/WAV/MicroMoog 5/SFM-MicroMoog5-69.wav	197868	44100	24	1	1.439
Micro From Mars/WAV/MicroMoog 5/SFM-MicroMoog5-70.wav	184020	44100	24	1	1.336
Micro From Mars/WAV/MicroMoog 5/SFM-MicroMoog5-71.wav	178387	44100	24	1	1.317
Micro From Mars/WAV/MicroMoog 5/SFM-MicroMoog5-72.wav	216073	44100	24	1	1.602
Micro From Mars/WAV/MicroMoog 5/SFM-MicroMoog5-73.wav	177997	44100	24	1	1.314
Micro From Mars/WAV/MicroMoog 5/SFM-MicroMoog5-74.wav	189349	44100	24	1	1.4
Micro From Mars/WAV/MicroMoog 5/SFM-MicroMoog5-75.wav	176785	44100	24	1	1.305
Micro From Mars/WAV/MicroMoog 5/SFM-MicroMoog5-76.wav	173437	44100	24	1	1.28
Micro From Mars/WAV/MicroMoog 5/SFM-MicroMoog5-77.wav	181753	44100	24	1	1.343
Micro From Mars/WAV/MicroMoog 5/SFM-MicroMoog5-78.wav	180534	44100	24	1	1.31
Micro From Mars/WAV/MicroMoog 5/SFM-MicroMoog5-79.wav	180798	44100	24	1	1.312
Micro From Mars/WAV/MicroMoog 5/SFM-MicroMoog5-80.wav	183354	44100	24	1	1.331
Micro From Mars/WAV/MicroMoog 5/SFM-MicroMoog5-81.wav	180342	44100	24	1	1.309
Micro From Mars/WAV/MicroMoog 5/SFM-MicroMoog5-82.wav	183427	44100	24	1	1.355
Micro From Mars/WAV/MicroMoog 5/SFM-MicroMoog5-83.wav	182053	44100	24	1	1.345
Micro From Mars/WAV/MicroMoog 5/SFM-MicroMoog5-84.wav	203994	44100	24	1	1.485
Micro From Mars/WAV/MicroMoog 6/SFM-MicroMoog6-27.wav	783048	44100	24	1	5.794
Micro From Mars/WAV/MicroMoog 6/SFM-MicroMoog6-28.wav	734004	44100	24	1	5.429
Micro From Mars/WAV/MicroMoog 6/SFM-MicroMoog6-29.wav	750918	44100	24	1	5.555
Micro From Mars/WAV/MicroMoog 6/SFM-MicroMoog6-30.wav	747768	44100	24	1	5.532
Micro From Mars/WAV/MicroMoog 6/SFM-MicroMoog6-31.wav	741336	44100	24	1	5.484
Micro From Mars/WAV/MicroMoog 6/SFM-MicroMoog6-32.wav	742219	44100	24	1	5.579
Micro From Mars/WAV/MicroMoog 6/SFM-MicroMoog6-33.wav	740184	44100	24	1	5.475
Micro From Mars/WAV/MicroMoog 6/SFM-MicroMoog6-34.wav	737353	44100	24	1	5.542
Micro From Mars/WAV/MicroMoog 6/SFM-MicroMoog6-35.wav	735205	44100	24	1	5.526
Micro From Mars/WAV/MicroMoog 6/SFM-MicroMoog6-36.wav	761868	44100	24	1	5.637
Micro From Mars/WAV/MicroMoog 6/SFM-MicroMoog6-37.wav	687499	44100	24	1	5.166
Micro From Mars/WAV/MicroMoog 6/SFM-MicroMoog6-38.wav	727399	44100	24	1	5.467
Micro From Mars/WAV/MicroMoog 6/SFM-MicroMoog6-39.wav	722881	44100	24	1	5.433
Micro From Mars/WAV/MicroMoog 6/SFM-MicroMoog6-40.wav	703609	44100	24	1	5.287
Micro From Mars/WAV/MicroMoog 6/SFM-MicroMoog6-41.wav	685891	44100	24	1	5.153
Micro From Mars/WAV/MicroMoog 6/SFM-MicroMoog6-42.wav	730933	44100	24	1	5.494
Micro From Mars/WAV/MicroMoog 6/SFM-MicroMoog6-43.wav	728929	44100	24	1	5.479
Micro From Mars/WAV/MicroMoog 6/SFM-MicroMoog6-44.wav	752946	44100	24	1	5.57
Micro From Mars/WAV/MicroMoog 6/SFM-MicroMoog6-45.wav	743407	44100	24	1	5.588
Micro From Mars/WAV/MicroMoog 6/SFM-MicroMoog6-46.wav	793974	44100	24	1	5.875
Micro From Mars/WAV/MicroMoog 6/SFM-MicroMoog6-47.wav	771042	44100	24	1	5.705
Micro From Mars/WAV/MicroMoog 6/SFM-MicroMoog6-48.wav	786348	44100	24	1	5.819
Micro From Mars/WAV/MicroMoog 6/SFM-MicroMoog6-49.wav	791785	44100	24	1	5.954
Micro From Mars/WAV/MicroMoog 6/SFM-MicroMoog6-50.wav	734946	44100	24	1	5.436
Micro From Mars/WAV/MicroMoog 6/SFM-MicroMoog6-51.wav	787296	44100	24	1	5.826
Micro From Mars/WAV/MicroMoog 6/SFM-MicroMoog6-52.wav	737779	44100	24	1	5.546
Micro From Mars/WAV/MicroMoog 6/SFM-MicroMoog6-53.wav	685855	44100	24	1	5.153
Micro From Mars/WAV/MicroMoog 6/SFM-MicroMoog6-54.wav	736153	44100	24	1	5.533
Micro From Mars/WAV/MicroMoog 6/SFM-MicroMoog6-55.wav	713125	44100	24	1	5.359
Micro From Mars/WAV/MicroMoog 6/SFM-MicroMoog6-56.wav	775344	44100	24	1	5.737
Micro From Mars/WAV/MicroMoog 6/SFM-MicroMoog6-57.wav	735480	44100	24	1	5.44
Micro From Mars/WAV/MicroMoog 6/SFM-MicroMoog6-58.wav	700555	44100	24	1	5.264
Micro From Mars/WAV/MicroMoog 6/SFM-MicroMoog6-59.wav	712795	44100	24	1	5.357
Micro From Mars/WAV/MicroMoog 6/SFM-MicroMoog6-60.wav	788580	44100	24	1	5.835
Micro From Mars/WAV/MicroMoog 6/SFM-MicroMoog6-61.wav	796608	44100	24	1	5.895
Micro From Mars/WAV/MicroMoog 6/SFM-MicroMoog6-62.wav	808794	44100	24	1	5.986
Micro From Mars/WAV/MicroMoog 6/SFM-MicroMoog6-63.wav	729846	44100	24	1	5.398
Micro From Mars/WAV/MicroMoog 6/SFM-MicroMoog6-64.wav	790435	44100	24	1	5.944
Micro From Mars/WAV/MicroMoog 6/SFM-MicroMoog6-65.wav	792217	44100	24	1	5.957
Micro From Mars/WAV/MicroMoog 6/SFM-MicroMoog6-66.wav	788125	44100	24	1	5.926
Micro From Mars/WAV/MicroMoog 6/SFM-MicroMoog6-67.wav	789798	44100	24	1	5.844
Micro From Mars/WAV/MicroMoog 6/SFM-MicroMoog6-68.wav	724927	44100	24	1	5.448
Micro From Mars/WAV/MicroMoog 6/SFM-MicroMoog6-69.wav	770436	44100	24	1	5.7
Micro From Mars/WAV/MicroMoog 6/SFM-MicroMoog6-70.wav	746796	44100	24	1	5.524
Micro From Mars/WAV/MicroMoog 6/SFM-MicroMoog6-71.wav	743556	44100	24	1	5.5
Micro From Mars/WAV/MicroMoog 6/SFM-MicroMoog6-72.wav	736380	44100	24	1	5.447
Micro From Mars/WAV/MicroMoog 6/SFM-MicroMoog6-73.wav	733723	44100	24	1	5.515
Micro From Mars/WAV/MicroMoog 6/SFM-MicroMoog6-74.wav	684432	44100	24	1	5.06
Micro From Mars/WAV/MicroMoog 6/SFM-MicroMoog6-75.wav	723745	44100	24	1	5.44
Micro From Mars/WAV/MicroMoog 6/SFM-MicroMoog6-76.wav	763644	44100	24	1	5.65
Micro From Mars/WAV/MicroMoog 6/SFM-MicroMoog6-77.wav	757321	44100	24	1	5.693
Micro From Mars/WAV/MicroMoog 6/SFM-MicroMoog6-78.wav	742368	44100	24	1	5.491
Micro From Mars/WAV/MicroMoog 6/SFM-MicroMoog6-80.wav	528918	44100	24	1	3.903
Micro From Mars/WAV/MicroMoog 7/SFM-MicroMoog7-24.wav	357402	44100	24	1	2.626
Micro From Mars/WAV/MicroMoog 7/SFM-MicroMoog7-25.wav	384301	44100	24	1	2.874
Micro From Mars/WAV/MicroMoog 7/SFM-MicroMoog7-26.wav	346585	44100	24	1	2.589
Micro From Mars/WAV/MicroMoog 7/SFM-MicroMoog7-27.wav	333601	44100	24	1	2.491
Micro From Mars/WAV/MicroMoog 7/SFM-MicroMoog7-28.wav	367417	44100	24	1	2.746
Micro From Mars/WAV/MicroMoog 7/SFM-MicroMoog7-29.wav	348409	44100	24	1	2.603
Micro From Mars/WAV/MicroMoog 7/SFM-MicroMoog7-30.wav	365659	44100	24	1	2.733
Micro From Mars/WAV/MicroMoog 7/SFM-MicroMoog7-31.wav	363799	44100	24	1	2.719
Micro From Mars/WAV/MicroMoog 7/SFM-MicroMoog7-32.wav	353988	44100	24	1	2.601
Micro From Mars/WAV/MicroMoog 7/SFM-MicroMoog7-33.wav	327985	44100	24	1	2.448
Micro From Mars/WAV/MicroMoog 7/SFM-MicroMoog7-34.wav	367554	44100	24	1	2.702
Micro From Mars/WAV/MicroMoog 7/SFM-MicroMoog7-35.wav	355303	44100	24	1	2.655
Micro From Mars/WAV/MicroMoog 7/SFM-MicroMoog7-36.wav	351211	44100	24	1	2.624
Micro From Mars/WAV/MicroMoog 7/SFM-MicroMoog7-37.wav	354492	44100	24	1	2.605
Micro From Mars/WAV/MicroMoog 7/SFM-MicroMoog7-38.wav	364914	44100	24	1	2.682
Micro From Mars/WAV/MicroMoog 7/SFM-MicroMoog7-39.wav	323838	44100	24	1	2.377
Micro From Mars/WAV/MicroMoog 7/SFM-MicroMoog7-40.wav	378829	44100	24	1	2.832
Micro From Mars/WAV/MicroMoog 7/SFM-MicroMoog7-41.wav	354115	44100	24	1	2.646
Micro From Mars/WAV/MicroMoog 7/SFM-MicroMoog7-42.wav	337644	44100	24	1	2.479
Micro From Mars/WAV/MicroMoog 7/SFM-MicroMoog7-43.wav	368485	44100	24	1	2.754
Micro From Mars/WAV/MicroMoog 7/SFM-MicroMoog7-44.wav	354721	44100	24	1	2.65
Micro From Mars/WAV/MicroMoog 7/SFM-MicroMoog7-45.wav	355969	44100	24	1	2.66
Micro From Mars/WAV/MicroMoog 7/SFM-MicroMoog7-46.wav	365694	44100	24	1	2.688
Micro From Mars/WAV/MicroMoog 7/SFM-MicroMoog7-47.wav	398238	44100	24	1	2.93
Micro From Mars/WAV/MicroMoog 7/SFM-MicroMoog7-48.wav	371406	44100	24	1	2.731
Micro From Mars/WAV/MicroMoog 7/SFM-MicroMoog7-49.wav	375019	44100	24	1	2.804
Micro From Mars/WAV/MicroMoog 7/SFM-MicroMoog7-50.wav	342697	44100	24	1	2.559
Micro From Mars/WAV/MicroMoog 7/SFM-MicroMoog7-51.wav	388218	44100	24	1	2.856
Micro From Mars/WAV/MicroMoog 7/SFM-MicroMoog7-52.wav	348637	44100	24	1	2.604
Micro From Mars/WAV/MicroMoog 7/SFM-MicroMoog7-53.wav	366948	44100	24	1	2.697
Micro From Mars/WAV/MicroMoog 7/SFM-MicroMoog7-54.wav	342541	44100	24	1	2.558
Micro From Mars/WAV/MicroMoog 7/SFM-MicroMoog7-55.wav	533947	44100	24	1	4.005
Micro From Mars/WAV/MicroMoog 7/SFM-MicroMoog7-56.wav	372996	44100	24	1	2.742
Micro From Mars/WAV/MicroMoog 7/SFM-MicroMoog7-57.wav	367626	44100	24	1	2.702
Micro From Mars/WAV/MicroMoog 7/SFM-MicroMoog7-58.wav	353593	44100	24	1	2.642
Micro From Mars/WAV/MicroMoog 7/SFM-MicroMoog7-59.wav	401898	44100	24	1	2.958
Micro From Mars/WAV/MicroMoog 7/SFM-MicroMoog7-60.wav	385998	44100	24	1	2.839
Micro From Mars/WAV/MicroMoog 7/SFM-MicroMoog7-61.wav	362016	44100	24	1	2.661
Micro From Mars/WAV/MicroMoog 7/SFM-MicroMoog7-62.wav	372450	44100	24	1	2.738
Micro From Mars/WAV/MicroMoog 7/SFM-MicroMoog7-63.wav	361680	44100	24	1	2.658
Micro From Mars/WAV/MicroMoog 7/SFM-MicroMoog7-64.wav	365155	44100	24	1	2.729
Micro From Mars/WAV/MicroMoog 7/SFM-MicroMoog7-65.wav	373998	44100	24	1	2.75
Micro From Mars/WAV/MicroMoog 7/SFM-MicroMoog7-66.wav	383185	44100	24	1	2.865
Micro From Mars/WAV/MicroMoog 7/SFM-MicroMoog7-67.wav	393631	44100	24	1	2.944
Micro From Mars/WAV/MicroMoog 7/SFM-MicroMoog7-68.wav	382968	44100	24	1	2.817
Micro From Mars/WAV/MicroMoog 7/SFM-MicroMoog7-69.wav	380406	44100	24	1	2.798
Micro From Mars/WAV/MicroMoog 7/SFM-MicroMoog7-70.wav	403183	44100	24	1	3.017
Micro From Mars/WAV/MicroMoog 7/SFM-MicroMoog7-71.wav	458041	44100	24	1	3.431
Micro From Mars/WAV/MicroMoog 7/SFM-MicroMoog7-72.wav	391140	44100	24	1	2.878
Micro From Mars/WAV/MicroMoog 7/SFM-MicroMoog7-73.wav	314490	44100	24	1	2.307
Micro From Mars/WAV/MicroMoog 7/SFM-MicroMoog7-74.wav	394729	44100	24	1	2.953
Micro From Mars/WAV/MicroMoog 7/SFM-MicroMoog7-75.wav	386922	44100	24	1	2.846
Micro From Mars/WAV/MicroMoog 7/SFM-MicroMoog7-76.wav	416856	44100	24	1	3.069
Micro From Mars/WAV/MicroMoog 7/SFM-MicroMoog7-77.wav	325267	44100	24	1	2.428
Micro From Mars/WAV/MicroMoog 7/SFM-MicroMoog7-78.wav	499872	44100	24	1	3.687
Micro From Mars/WAV/MicroMoog 7/SFM-MicroMoog7-79.wav	618385	44100	24	1	4.643
Micro From Mars/WAV/MicroMoog 8/SFM-MicroMoog8-24.wav	509244	44100	24	1	3.747
Micro From Mars/WAV/MicroMoog 8/SFM-MicroMoog8-25.wav	410244	44100	24	1	3.02
Micro From Mars/WAV/MicroMoog 8/SFM-MicroMoog8-26.wav	367776	44100	24	1	2.704
Micro From Mars/WAV/MicroMoog 8/SFM-MicroMoog8-27.wav	384462	44100	24	1	2.828
Micro From Mars/WAV/MicroMoog 8/SFM-MicroMoog8-28.wav	364933	44100	24	1	2.727
Micro From Mars/WAV/MicroMoog 8/SFM-MicroMoog8-29.wav	365074	44100	24	1	2.676
Micro From Mars/WAV/MicroMoog 8/SFM-MicroMoog8-30.wav	353065	44100	24	1	2.638
Micro From Mars/WAV/MicroMoog 8/SFM-MicroMoog8-31.wav	388328	44100	24	1	2.849
Micro From Mars/WAV/MicroMoog 8/SFM-MicroMoog8-32.wav	347479	44100	24	1	2.595
Micro From Mars/WAV/MicroMoog 8/SFM-MicroMoog8-33.wav	354301	44100	24	1	2.647
Micro From Mars/WAV/MicroMoog 8/SFM-MicroMoog8-34.wav	368502	44100	24	1	2.709
Micro From Mars/WAV/MicroMoog 8/SFM-MicroMoog8-35.wav	352765	44100	24	1	2.635
Micro From Mars/WAV/MicroMoog 8/SFM-MicroMoog8-36.wav	385009	44100	24	1	2.879
Micro From Mars/WAV/MicroMoog 8/SFM-MicroMoog8-37.wav	357781	44100	24	1	2.673
Micro From Mars/WAV/MicroMoog 8/SFM-MicroMoog8-38.wav	362017	44100	24	1	2.705
Micro From Mars/WAV/MicroMoog 8/SFM-MicroMoog8-39.wav	366265	44100	24	1	2.737
Micro From Mars/WAV/MicroMoog 8/SFM-MicroMoog8-40.wav	360631	44100	24	1	2.695
Micro From Mars/WAV/MicroMoog 8/SFM-MicroMoog8-41.wav	382667	44100	24	1	2.854
Micro From Mars/WAV/MicroMoog 8/SFM-MicroMoog8-42.wav	349909	44100	24	1	2.614
Micro From Mars/WAV/MicroMoog 8/SFM-MicroMoog8-43.wav	369096	44100	24	1	2.713
Micro From Mars/WAV/MicroMoog 8/SFM-MicroMoog8-44.wav	383143	44100	24	1	2.857
Micro From Mars/WAV/MicroMoog 8/SFM-MicroMoog8-45.wav	381792	44100	24	1	2.808
Micro From Mars/WAV/MicroMoog 8/SFM-MicroMoog8-46.wav	367111	44100	24	1	2.744
Micro From Mars/WAV/MicroMoog 8/SFM-MicroMoog8-47.wav	380436	44100	24	1	2.798
Micro From Mars/WAV/MicroMoog 8/SFM-MicroMoog8-48.wav	367531	44100	24	1	2.747
Micro From Mars/WAV/MicroMoog 8/SFM-MicroMoog8-49.wav	368814	44100	24	1	2.704
Micro From Mars/WAV/MicroMoog 8/SFM-MicroMoog8-50.wav	378013	44100	24	1	2.826
Micro From Mars/WAV/MicroMoog 8/SFM-MicroMoog8-51.wav	412212	44100	24	1	3.034
Micro From Mars/WAV/MicroMoog 8/SFM-MicroMoog8-52.wav	385091	44100	24	1	2.872
Micro From Mars/WAV/MicroMoog 8/SFM-MicroMoog8-53.wav	386881	44100	24	1	2.893
Micro From Mars/WAV/MicroMoog 8/SFM-MicroMoog8-54.wav	383779	44100	24	1	2.87
Micro From Mars/WAV/MicroMoog 8/SFM-MicroMoog8-55.wav	397748	44100	24	1	2.919
Micro From Mars/WAV/MicroMoog 8/SFM-MicroMoog8-56.wav	370668	44100	24	1	2.725
Micro From Mars/WAV/MicroMoog 8/SFM-MicroMoog8-57.wav	396000	44100	24	1	2.914
Micro From Mars/WAV/MicroMoog 8/SFM-MicroMoog8-58.wav	369350	44100	24	1	2.708
Micro From Mars/WAV/MicroMoog 8/SFM-MicroMoog8-59.wav	395521	44100	24	1	2.959
Micro From Mars/WAV/MicroMoog 8/SFM-MicroMoog8-60.wav	308568	44100	24	1	2.263
Micro From Mars/WAV/MicroMoog 8/SFM-MicroMoog8-61.wav	362418	44100	24	1	2.664
Micro From Mars/WAV/MicroMoog 8/SFM-MicroMoog8-62.wav	385416	44100	24	1	2.835
Micro From Mars/WAV/MicroMoog 8/SFM-MicroMoog8-63.wav	355145	44100	24	1	2.646
Micro From Mars/WAV/MicroMoog 8/SFM-MicroMoog8-64.wav	353346	44100	24	1	2.596
Micro From Mars/WAV/MicroMoog 8/SFM-MicroMoog8-65.wav	370500	44100	24	1	2.724
Micro From Mars/WAV/MicroMoog 8/SFM-MicroMoog8-66.wav	361638	44100	24	1	2.658
Micro From Mars/WAV/MicroMoog 8/SFM-MicroMoog8-67.wav	356293	44100	24	1	2.662
Micro From Mars/WAV/MicroMoog 8/SFM-MicroMoog8-68.wav	361159	44100	24	1	2.699
Micro From Mars/WAV/MicroMoog 8/SFM-MicroMoog8-69.wav	356277	44100	24	1	2.655
Micro From Mars/WAV/MicroMoog 8/SFM-MicroMoog8-70.wav	373788	44100	24	1	2.748
Micro From Mars/WAV/MicroMoog 8/SFM-MicroMoog8-71.wav	364969	44100	24	1	2.728
Micro From Mars/WAV/MicroMoog 8/SFM-MicroMoog8-72.wav	487648	44100	24	1	3.586
Micro From Mars/WAV/MicroMoog 9/SFM-MicroMoog9-24.wav	468811	44100	24	1	3.513
Micro From Mars/WAV/MicroMoog 9/SFM-MicroMoog9-25.wav	422863	44100	24	1	3.165
Micro From Mars/WAV/MicroMoog 9/SFM-MicroMoog9-26.wav	395227	44100	24	1	2.956
Micro From Mars/WAV/MicroMoog 9/SFM-MicroMoog9-27.wav	415050	44100	24	1	3.055
Micro From Mars/WAV/MicroMoog 9/SFM-MicroMoog9-28.wav	400434	44100	24	1	2.947
Micro From Mars/WAV/MicroMoog 9/SFM-MicroMoog9-29.wav	420066	44100	24	1	3.093
Micro From Mars/WAV/MicroMoog 9/SFM-MicroMoog9-30.wav	383616	44100	24	1	2.821
Micro From Mars/WAV/MicroMoog 9/SFM-MicroMoog9-31.wav	399949	44100	24	1	2.992
Micro From Mars/WAV/MicroMoog 9/SFM-MicroMoog9-32.wav	389725	44100	24	1	2.915
Micro From Mars/WAV/MicroMoog 9/SFM-MicroMoog9-33.wav	381066	44100	24	1	2.803
Micro From Mars/WAV/MicroMoog 9/SFM-MicroMoog9-34.wav	374911	44100	24	1	2.803
Micro From Mars/WAV/MicroMoog 9/SFM-MicroMoog9-35.wav	423631	44100	24	1	3.171
Micro From Mars/WAV/MicroMoog 9/SFM-MicroMoog9-36.wav	403182	44100	24	1	2.967
Micro From Mars/WAV/MicroMoog 9/SFM-MicroMoog9-37.wav	405480	44100	24	1	2.984
Micro From Mars/WAV/MicroMoog 9/SFM-MicroMoog9-38.wav	395203	44100	24	1	2.956
Micro From Mars/WAV/MicroMoog 9/SFM-MicroMoog9-39.wav	395178	44100	24	1	2.908
Micro From Mars/WAV/MicroMoog 9/SFM-MicroMoog9-40.wav	371797	44100	24	1	2.779
Micro From Mars/WAV/MicroMoog 9/SFM-MicroMoog9-41.wav	378631	44100	24	1	2.831
Micro From Mars/WAV/MicroMoog 9/SFM-MicroMoog9-42.wav	369925	44100	24	1	2.765
Micro From Mars/WAV/MicroMoog 9/SFM-MicroMoog9-43.wav	374034	44100	24	1	2.75
Micro From Mars/WAV/MicroMoog 9/SFM-MicroMoog9-44.wav	398136	44100	24	1	2.93
Micro From Mars/WAV/MicroMoog 9/SFM-MicroMoog9-45.wav	379825	44100	24	1	2.84
Micro From Mars/WAV/MicroMoog 9/SFM-MicroMoog9-46.wav	367273	44100	24	1	2.745
Micro From Mars/WAV/MicroMoog 9/SFM-MicroMoog9-47.wav	391050	44100	24	1	2.877
Micro From Mars/WAV/MicroMoog 9/SFM-MicroMoog9-48.wav	440503	44100	24	1	3.299
Micro From Mars/WAV/MicroMoog 9/SFM-MicroMoog9-49.wav	450817	44100	24	1	3.377
Micro From Mars/WAV/MicroMoog 9/SFM-MicroMoog9-50.wav	430771	44100	24	1	3.225
Micro From Mars/WAV/MicroMoog 9/SFM-MicroMoog9-51.wav	414096	44100	24	1	3.048
Micro From Mars/WAV/MicroMoog 9/SFM-MicroMoog9-52.wav	389383	44100	24	1	2.912
Micro From Mars/WAV/MicroMoog 9/SFM-MicroMoog9-53.wav	357637	44100	24	1	2.672
Micro From Mars/WAV/MicroMoog 9/SFM-MicroMoog9-54.wav	356472	44100	24	1	2.619
Micro From Mars/WAV/MicroMoog 9/SFM-MicroMoog9-55.wav	348325	44100	24	1	2.602
Micro From Mars/WAV/MicroMoog 9/SFM-MicroMoog9-56.wav	361332	44100	24	1	2.656
Micro From Mars/WAV/MicroMoog 9/SFM-MicroMoog9-57.wav	385056	44100	24	1	2.832
Micro From Mars/WAV/MicroMoog 9/SFM-MicroMoog9-58.wav	397878	44100	24	1	2.928
Micro From Mars/WAV/MicroMoog 9/SFM-MicroMoog9-59.wav	419406	44100	24	1	3.088
Micro From Mars/WAV/MicroMoog 9/SFM-MicroMoog9-60.wav	385651	44100	24	1	2.884
Micro From Mars/WAV/MicroMoog 9/SFM-MicroMoog9-61.wav	383910	44100	24	1	2.824
Micro From Mars/WAV/MicroMoog 9/SFM-MicroMoog9-62.wav	372066	44100	24	1	2.736
Micro From Mars/WAV/MicroMoog 9/SFM-MicroMoog9-63.wav	361507	44100	24	1	2.702
Micro From Mars/WAV/MicroMoog 9/SFM-MicroMoog9-64.wav	369402	44100	24	1	2.716
Micro From Mars/WAV/MicroMoog 9/SFM-MicroMoog9-65.wav	351163	44100	24	1	2.623
Micro From Mars/WAV/MicroMoog 9/SFM-MicroMoog9-66.wav	403735	44100	24	1	3.021
Micro From Mars/WAV/MicroMoog 9/SFM-MicroMoog9-67.wav	372114	44100	24	1	2.736
Micro From Mars/WAV/MicroMoog 9/SFM-MicroMoog9-68.wav	370674	44100	24	1	2.725
Micro From Mars/WAV/MicroMoog 9/SFM-MicroMoog9-69.wav	353520	44100	24	1	2.598
Micro From Mars/WAV/MicroMoog 9/SFM-MicroMoog9-70.wav	371640	44100	24	1	2.732
Micro From Mars/WAV/MicroMoog 9/SFM-MicroMoog9-71.wav	395107	44100	24	1	2.955
Micro From Mars/WAV/MicroMoog 9/SFM-MicroMoog9-72.wav	262140	44100	24	1	1.917
Micro From Mars/WAV/MicroMoog FX1/SFM-MicroMoogFX1-36.wav	3200858	44100	24	1	23.788
Micro From Mars/WAV/MicroMoog FX1/SFM-MicroMoogFX1-37.wav	3640891	44100	24	1	27.489
Micro From Mars/WAV/MicroMoog FX1/SFM-MicroMoogFX1-38.wav	3891188	44100	24	1	28.926
Micro From Mars/WAV/MicroMoog FX1/SFM-MicroMoogFX1-39.wav	4966003	44100	24	1	37.505
Micro From Mars/WAV/MicroMoog FX1/SFM-MicroMoogFX1-40.wav	6317276	44100	24	1	46.981
Micro From Mars/WAV/MicroMoog FX1/SFM-MicroMoogFX1-41.wav	5305112	44100	24	1	39.449
Micro From Mars/WAV/MicroMoog FX1/SFM-MicroMoogFX1-42.wav	528529	44100	24	1	3.964
Micro From Mars/WAV/MicroMoog FX1/SFM-MicroMoogFX1-43.wav	6189800	44100	24	1	46.033
Micro From Mars/WAV/MicroMoog FX1/SFM-MicroMoogFX1-44.wav	4956517	44100	24	1	37.433
Micro From Mars/WAV/MicroMoog FX2/SFM-MicroMoogFX2-38.wav	1291621	44100	24	1	9.732
Micro From Mars/WAV/MicroMoog FX2/SFM-MicroMoogFX2-39.wav	1204531	44100	24	1	9.074
Micro From Mars/WAV/MicroMoog FX2/SFM-MicroMoogFX2-40.wav	847554	44100	24	1	6.274
Micro From Mars/WAV/MicroMoog FX2/SFM-MicroMoogFX2-41.wav	1054128	44100	24	1	7.812
Micro From Mars/WAV/MicroMoog FX2/SFM-MicroMoogFX2-42.wav	966522	44100	24	1	7.16
Micro From Mars/WAV/MicroMoog FX2/SFM-MicroMoogFX2-43.wav	800077	44100	24	1	6.016
Micro From Mars/WAV/MicroMoog FX2/SFM-MicroMoogFX2-44.wav	992688	44100	24	1	7.354
Micro From Mars/WAV/MicroMoog FX2/SFM-MicroMoogFX2-45.wav	939151	44100	24	1	7.068
Micro From Mars/WAV/MicroMoog FX2/SFM-MicroMoogFX2-46.wav	875610	44100	24	1	6.483
Micro From Mars/WAV/MicroMoog FX2/SFM-MicroMoogFX2-47.wav	998382	44100	24	1	7.397
Micro From Mars/WAV/MicroMoog FX2/SFM-MicroMoogFX2-48.wav	976801	44100	24	1	7.352
Micro From Mars/WAV/MicroMoog FX2/SFM-MicroMoogFX2-49.wav	1044426	44100	24	1	7.739
Micro From Mars/WAV/MicroMoog FX2/SFM-MicroMoogFX2-50.wav	1089937	44100	24	1	8.207
Micro From Mars/WAV/MicroMoog FX2/SFM-MicroMoogFX2-51.wav	1258975	44100	24	1	9.485
Micro From Mars/WAV/MicroMoog FX2/SFM-MicroMoogFX2-52.wav	1097580	44100	24	1	8.135
Micro From Mars/WAV/MicroMoog FX2/SFM-MicroMoogFX2-53.wav	923436	44100	24	1	6.839
Micro From Mars/WAV/MicroMoog FX3/SFM-MicroMoogFX3-36.wav	2918984	44100	24	1	21.69
Micro From Mars/WAV/MicroMoog FX3/SFM-MicroMoogFX3-37.wav	3479528	44100	24	1	25.862
Micro From Mars/WAV/MicroMoog FX3/SFM-MicroMoogFX3-38.wav	4966177	44100	24	1	37.506
Micro From Mars/WAV/MicroMoog FX3/SFM-MicroMoogFX3-39.wav	3980167	44100	24	1	30.053
Micro From Mars/WAV/MicroMoog FX3/SFM-MicroMoogFX3-40.wav	5195563	44100	24	1	39.24
Micro From Mars/WAV/MicroMoog FX4/SFM-MicroMoog-104.wav	2218700	44100	24	1	16.479
Micro From Mars/WAV/MicroMoog FX4/SFM-MicroMoog-48.wav	5551358	44100	24	1	41.281
Micro From Mars/WAV/MicroMoog FX4/SFM-MicroMoog-55.wav	4997461	44100	24	1	37.743
Micro From Mars/WAV/MicroMoog FX4/SFM-MicroMoog-62.wav	5028848	44100	24	1	37.393
Micro From Mars/WAV/MicroMoog FX4/SFM-MicroMoog-69.wav	4562060	44100	24	1	33.919
Micro From Mars/WAV/MicroMoog FX4/SFM-MicroMoog-76.wav	4443434	44100	24	1	33.036
Micro From Mars/WAV/MicroMoog FX4/SFM-MicroMoog-83.wav	3637519	44100	24	1	27.464
Micro From Mars/WAV/MicroMoog FX4/SFM-MicroMoog-90.wav	3830702	44100	24	1	28.476
Micro From Mars/WAV/MicroMoog FX4/SFM-MicroMoog-97.wav	3266726	44100	24	1	24.278
Micro From Mars/WAV/MicroMoog Noise/SFM-MicroMoog-Noise-36.wav	1084212	44100	24	1	8.036
Micro From Mars/WAV/MicroMoog Noise/SFM-MicroMoog-Noise-37.wav	1160197	44100	24	1	8.738
Micro From Mars/WAV/MicroMoog Noise/SFM-MicroMoog-Noise-38.wav	1080373	44100	24	1	8.135
Micro From Mars/WAV/MicroMoog Noise/SFM-MicroMoog-Noise-39.wav	1084543	44100	24	1	8.167
Micro From Mars/WAV/MicroMoog Noise/SFM-MicroMoog-Noise-40.wav	1061947	44100	24	1	7.996
Micro From Mars/WAV/MicroMoog Noise/SFM-MicroMoog-Noise-41.wav	1147734	44100	24	1	8.508
Micro From Mars/WAV/MicroMoog Panic Attack/Moog Panic Attack-1.wav	1314516	44100	24	1	9.75
Micro From Mars/WAV/MicroMoog Panic Attack/Moog Panic Attack-10.wav	981996	44100	24	1	7.275
Micro From Mars/WAV/MicroMoog Panic Attack/Moog Panic Attack-11.wav	978355	44100	24	1	7.364
Micro From Mars/WAV/MicroMoog Panic Attack/Moog Panic Attack-12.wav	1029451	44100	24	1	7.75
Micro From Mars/WAV/MicroMoog Panic Attack/Moog Panic Attack-13.wav	1094826	44100	24	1	8.115
Micro From Mars/WAV/MicroMoog Panic Attack/Moog Panic Attack-2.wav	1164870	44100	24	1	8.636
Micro From Mars/WAV/MicroMoog Panic Attack/Moog Panic Attack-3.wav	848353	44100	24	1	6.381
Micro From Mars/WAV/MicroMoog Panic Attack/Moog Panic Attack-4.wav	1028377	44100	24	1	7.742
Micro From Mars/WAV/MicroMoog Panic Attack/Moog Panic Attack-5.wav	968244	44100	24	1	7.172
Micro From Mars/WAV/MicroMoog Panic Attack/Moog Panic Attack-6.wav	872724	44100	24	1	6.462
Micro From Mars/WAV/MicroMoog Panic Attack/Moog Panic Attack-7.wav	946885	44100	24	1	7.126
Micro From Mars/WAV/MicroMoog Panic Attack/Moog Panic Attack-8.wav	959340	44100	24	1	7.106
Micro From Mars/WAV/MicroMoog Panic Attack/Moog Panic Attack-9.wav	849103	44100	24	1	6.387
