path	bytes	sample_rate	bits	channels	seconds
Mini From Mars/WAV/3 Stack Bass/Mini_3StackBass_A#-1.wav	557311	44100	24	1	4.182
Mini From Mars/WAV/3 Stack Bass/Mini_3StackBass_A#-1_0001.wav	551974	44100	24	1	4.141
Mini From Mars/WAV/3 Stack Bass/Mini_3StackBass_A#-1_0002.wav	550216	44100	24	1	4.128
Mini From Mars/WAV/3 Stack Bass/Mini_3StackBass_A#0.wav	548965	44100	24	1	4.118
Mini From Mars/WAV/3 Stack Bass/Mini_3StackBass_A#0_0001.wav	547366	44100	24	1	4.106
Mini From Mars/WAV/3 Stack Bass/Mini_3StackBass_A#0_0002.wav	548776	44100	24	1	4.117
Mini From Mars/WAV/3 Stack Bass/Mini_3StackBass_A#1.wav	546622	44100	24	1	4.101
Mini From Mars/WAV/3 Stack Bass/Mini_3StackBass_A#1_0001.wav	544231	44100	24	1	4.083
Mini From Mars/WAV/3 Stack Bass/Mini_3StackBass_A#1_0002.wav	545443	44100	24	1	4.092
Mini From Mars/WAV/3 Stack Bass/Mini_3StackBass_A#2.wav	543406	44100	24	1	4.076
Mini From Mars/WAV/3 Stack Bass/Mini_3StackBass_A#2_0001.wav	544924	44100	24	1	4.088
Mini From Mars/WAV/3 Stack Bass/Mini_3StackBass_A#2_0002.wav	541624	44100	24	1	4.063
Mini From Mars/WAV/3 Stack Bass/Mini_3StackBass_A#3.wav	542908	44100	24	1	4.073
Mini From Mars/WAV/3 Stack Bass/Mini_3StackBass_A#3_0001.wav	542695	44100	24	1	4.071
Mini From Mars/WAV/3 Stack Bass/Mini_3StackBass_A#3_0002.wav	541552	44100	24	1	4.062
Mini From Mars/WAV/3 Stack Bass/Mini_3StackBass_A#4.wav	547216	44100	24	1	4.105
Mini From Mars/WAV/3 Stack Bass/Mini_3StackBass_A#4_0001.wav	541519	44100	24	1	4.062
Mini From Mars/WAV/3 Stack Bass/Mini_3StackBass_A#4_0002.wav	546091	44100	24	1	4.097
Mini From Mars/WAV/3 Stack Bass/Mini_3StackBass_A#5.wav	409924	44100	24	1	3.067
Mini From Mars/WAV/3 Stack Bass/Mini_3StackBass_A#5_0001.wav	542290	44100	24	1	4.068
Mini From Mars/WAV/3 Stack Bass/Mini_3StackBass_A#5_0002.wav	542077	44100	24	1	4.066
Mini From Mars/WAV/3 Stack Bass/Mini_3StackBass_A#6.wav	45607	44100	24	1	0.314
Mini From Mars/WAV/3 Stack Bass/Mini_3StackBass_A#6_0001.wav	542509	44100	24	1	4.07
Mini From Mars/WAV/3 Stack Bass/Mini_3StackBass_A#6_0002.wav	543397	44100	24	1	4.076
Mini From Mars/WAV/3 Stack Bass/Mini_3StackBass_A#7.wav	41734	44100	24	1	0.284
Mini From Mars/WAV/3 Stack Bass/Mini_3StackBass_A#7_0001.wav	503953	44100	24	1	3.778
Mini From Mars/WAV/3 Stack Bass/Mini_3StackBass_A#7_0002.wav	541873	44100	24	1	4.065
Mini From Mars/WAV/3 Stack Bass/Mini_3StackBass_A-1.wav	552718	44100	24	1	4.147
Mini From Mars/WAV/3 Stack Bass/Mini_3StackBass_A-1_0001.wav	554422	44100	24	1	4.19
Mini From Mars/WAV/3 Stack Bass/Mini_3StackBass_A-1_0002.wav	551158	44100	24	1	4.135
Mini From Mars/WAV/3 Stack Bass/Mini_3StackBass_A0.wav	554302	44100	24	1	4.159
Mini From Mars/WAV/3 Stack Bass/Mini_3StackBass_A0_0001.wav	549418	44100	24	1	4.122
Mini From Mars/WAV/3 Stack Bass/Mini_3StackBass_A0_0002.wav	545404	44100	24	1	4.092
Mini From Mars/WAV/3 Stack Bass/Mini_3StackBass_A1.wav	545122	44100	24	1	4.089
Mini From Mars/WAV/3 Stack Bass/Mini_3StackBass_A1_0001.wav	546421	44100	24	1	4.099
Mini From Mars/WAV/3 Stack Bass/Mini_3StackBass_A1_0002.wav	542176	44100	24	1	4.067
Mini From Mars/WAV/3 Stack Bass/Mini_3StackBass_A2.wav	545365	44100	24	1	4.091
Mini From Mars/WAV/3 Stack Bass/Mini_3StackBass_A2_0001.wav	543796	44100	24	1	4.079
Mini From Mars/WAV/3 Stack Bass/Mini_3StackBass_A2_0002.wav	542845	44100	24	1	4.072
Mini From Mars/WAV/3 Stack Bass/Mini_3StackBass_A3.wav	542224	44100	24	1	4.067
Mini From Mars/WAV/3 Stack Bass/Mini_3StackBass_A3_0001.wav	544912	44100	24	1	4.088
Mini From Mars/WAV/3 Stack Bass/Mini_3StackBass_A3_0002.wav	542356	44100	24	1	4.068
Mini From Mars/WAV/3 Stack Bass/Mini_3StackBass_A4.wav	552877	44100	24	1	4.148
Mini From Mars/WAV/3 Stack Bass/Mini_3StackBass_A4_0001.wav	541861	44100	24	1	4.065
Mini From Mars/WAV/3 Stack Bass/Mini_3StackBass_A4_0002.wav	541729	44100	24	1	4.064
Mini From Mars/WAV/3 Stack Bass/Mini_3StackBass_A5.wav	549955	44100	24	1	4.126
Mini From Mars/WAV/3 Stack Bass/Mini_3StackBass_A5_0001.wav	540397	44100	24	1	4.054
Mini From Mars/WAV/3 Stack Bass/Mini_3StackBass_A5_0002.wav	541507	44100	24	1	4.062
Mini From Mars/WAV/3 Stack Bass/Mini_3StackBass_A6.wav	50218	44100	24	1	0.349
Mini From Mars/WAV/3 Stack Bass/Mini_3StackBass_A6_0001.wav	543985	44100	24	1	4.081
Mini From Mars/WAV/3 Stack Bass/Mini_3StackBass_A6_0002.wav	540646	44100	24	1	4.056
Mini From Mars/WAV/3 Stack Bass/Mini_3StackBass_A7.wav	54634	44100	24	1	0.382
Mini From Mars/WAV/3 Stack Bass/Mini_3StackBass_A7_0001.wav	440323	44100	24	1	3.297
Mini From Mars/WAV/3 Stack Bass/Mini_3StackBass_A7_0002.wav	540889	44100	24	1	4.057
Mini From Mars/WAV/3 Stack Bass/Mini_3StackBass_B-1.wav	557923	44100	24	1	4.186
Mini From Mars/WAV/3 Stack Bass/Mini_3StackBass_B-1_0001.wav	560074	44100	24	1	4.202
Mini From Mars/WAV/3 Stack Bass/Mini_3StackBass_B-1_0002.wav	550675	44100	24	1	4.131
Mini From Mars/WAV/3 Stack Bass/Mini_3StackBass_B0.wav	554119	44100	24	1	4.157
Mini From Mars/WAV/3 Stack Bass/Mini_3StackBass_B0_0001.wav	549988	44100	24	1	4.126
Mini From Mars/WAV/3 Stack Bass/Mini_3StackBass_B0_0002.wav	548365	44100	24	1	4.114
Mini From Mars/WAV/3 Stack Bass/Mini_3StackBass_B1.wav	546052	44100	24	1	4.096
Mini From Mars/WAV/3 Stack Bass/Mini_3StackBass_B1_0001.wav	547177	44100	24	1	4.105
Mini From Mars/WAV/3 Stack Bass/Mini_3StackBass_B1_0002.wav	545689	44100	24	1	4.094
Mini From Mars/WAV/3 Stack Bass/Mini_3StackBass_B2.wav	543658	44100	24	1	4.078
Mini From Mars/WAV/3 Stack Bass/Mini_3StackBass_B2_0001.wav	545056	44100	24	1	4.089
Mini From Mars/WAV/3 Stack Bass/Mini_3StackBass_B2_0002.wav	544750	44100	24	1	4.087
Mini From Mars/WAV/3 Stack Bass/Mini_3StackBass_B3.wav	542857	44100	24	1	4.072
Mini From Mars/WAV/3 Stack Bass/Mini_3StackBass_B3_0001.wav	545620	44100	24	1	4.093
Mini From Mars/WAV/3 Stack Bass/Mini_3StackBass_B3_0002.wav	542218	44100	24	1	4.067
Mini From Mars/WAV/3 Stack Bass/Mini_3StackBass_B4.wav	547228	44100	24	1	4.105
Mini From Mars/WAV/3 Stack Bass/Mini_3StackBass_B4_0001.wav	543838	44100	24	1	4.08
Mini From Mars/WAV/3 Stack Bass/Mini_3StackBass_B4_0002.wav	544015	44100	24	1	4.081
Mini From Mars/WAV/3 Stack Bass/Mini_3StackBass_B5.wav	98332	44100	24	1	0.712
Mini From Mars/WAV/3 Stack Bass/Mini_3StackBass_B5_0001.wav	540907	44100	24	1	4.058
Mini From Mars/WAV/3 Stack Bass/Mini_3StackBass_B5_0002.wav	545086	44100	24	1	4.089
Mini From Mars/WAV/3 Stack Bass/Mini_3StackBass_B6.wav	50470	44100	24	1	0.351
Mini From Mars/WAV/3 Stack Bass/Mini_3StackBass_B6_0001.wav	543886	44100	24	1	4.08
Mini From Mars/WAV/3 Stack Bass/Mini_3StackBass_B6_0002.wav	541648	44100	24	1	4.063
Mini From Mars/WAV/3 Stack Bass/Mini_3StackBass_B7.wav	53779	44100	24	1	0.376
Mini From Mars/WAV/3 Stack Bass/Mini_3StackBass_B7_0001.wav	452878	44100	24	1	3.392
Mini From Mars/WAV/3 Stack Bass/Mini_3StackBass_B7_0002.wav	540769	44100	24	1	4.056
Mini From Mars/WAV/3 Stack Bass/Mini_3StackBass_C#-1.wav	566791	44100	24	1	4.253
Mini From Mars/WAV/3 Stack Bass/Mini_3StackBass_C#-1_0001.wav	552352	44100	24	1	4.144
Mini From Mars/WAV/3 Stack Bass/Mini_3StackBass_C#-1_0002.wav	544558	44100	24	1	4.085
Mini From Mars/WAV/3 Stack Bass/Mini_3StackBass_C#0.wav	556879	44100	24	1	4.178
Mini From Mars/WAV/3 Stack Bass/Mini_3StackBass_C#0_0001.wav	552424	44100	24	1	4.145
Mini From Mars/WAV/3 Stack Bass/Mini_3StackBass_C#0_0002.wav	554404	44100	24	1	4.16
Mini From Mars/WAV/3 Stack Bass/Mini_3StackBass_C#1.wav	552748	44100	24	1	4.147
Mini From Mars/WAV/3 Stack Bass/Mini_3StackBass_C#1_0001.wav	551092	44100	24	1	4.135
Mini From Mars/WAV/3 Stack Bass/Mini_3StackBass_C#1_0002.wav	544882	44100	24	1	4.088
Mini From Mars/WAV/3 Stack Bass/Mini_3StackBass_C#2.wav	543286	44100	24	1	4.076
Mini From Mars/WAV/3 Stack Bass/Mini_3StackBass_C#2_0001.wav	544726	44100	24	1	4.086
Mini From Mars/WAV/3 Stack Bass/Mini_3StackBass_C#2_0002.wav	544936	44100	24	1	4.088
Mini From Mars/WAV/3 Stack Bass/Mini_3StackBass_C#3.wav	543067	44100	24	1	4.074
Mini From Mars/WAV/3 Stack Bass/Mini_3StackBass_C#3_0001.wav	542395	44100	24	1	4.069
Mini From Mars/WAV/3 Stack Bass/Mini_3StackBass_C#3_0002.wav	545275	44100	24	1	4.091
Mini From Mars/WAV/3 Stack Bass/Mini_3StackBass_C#4.wav	544708	44100	24	1	4.086
Mini From Mars/WAV/3 Stack Bass/Mini_3StackBass_C#4_0001.wav	542755	44100	24	1	4.071
Mini From Mars/WAV/3 Stack Bass/Mini_3StackBass_C#4_0002.wav	545179	44100	24	1	4.09
Mini From Mars/WAV/3 Stack Bass/Mini_3StackBass_C#5.wav	546322	44100	24	1	4.098
Mini From Mars/WAV/3 Stack Bass/Mini_3StackBass_C#5_0001.wav	543094	44100	24	1	4.074
Mini From Mars/WAV/3 Stack Bass/Mini_3StackBass_C#5_0002.wav	543235	44100	24	1	4.075
Mini From Mars/WAV/3 Stack Bass/Mini_3StackBass_C#6.wav	69025	44100	24	1	0.491
Mini From Mars/WAV/3 Stack Bass/Mini_3StackBass_C#6_0001.wav	543475	44100	24	1	4.077
Mini From Mars/WAV/3 Stack Bass/Mini_3StackBass_C#6_0002.wav	541735	44100	24	1	4.064
Mini From Mars/WAV/3 Stack Bass/Mini_3StackBass_C#7.wav	51055	44100	24	1	0.355
Mini From Mars/WAV/3 Stack Bass/Mini_3StackBass_C#7_0001.wav	545323	44100	24	1	4.091
Mini From Mars/WAV/3 Stack Bass/Mini_3StackBass_C#7_0002.wav	544027	44100	24	1	4.081
Mini From Mars/WAV/3 Stack Bass/Mini_3StackBass_C-1.wav	548701	44100	24	1	4.116
Mini From Mars/WAV/3 Stack Bass/Mini_3StackBass_C-1_0001.wav	557974	44100	24	1	4.187
Mini From Mars/WAV/3 Stack Bass/Mini_3StackBass_C-1_0002.wav	551233	44100	24	1	4.136
Mini From Mars/WAV/3 Stack Bass/Mini_3StackBass_C0.wav	553723	44100	24	1	4.154
Mini From Mars/WAV/3 Stack Bass/Mini_3StackBass_C0_0001.wav	547762	44100	24	1	4.109
Mini From Mars/WAV/3 Stack Bass/Mini_3StackBass_C0_0002.wav	554746	44100	24	1	4.162
Mini From Mars/WAV/3 Stack Bass/Mini_3StackBass_C1.wav	547567	44100	24	1	4.108
Mini From Mars/WAV/3 Stack Bass/Mini_3StackBass_C1_0001.wav	545731	44100	24	1	4.094
Mini From Mars/WAV/3 Stack Bass/Mini_3StackBass_C1_0002.wav	546727	44100	24	1	4.102
Mini From Mars/WAV/3 Stack Bass/Mini_3StackBass_C2.wav	548113	44100	24	1	4.112
Mini From Mars/WAV/3 Stack Bass/Mini_3StackBass_C2_0001.wav	543922	44100	24	1	4.08
Mini From Mars/WAV/3 Stack Bass/Mini_3StackBass_C2_0002.wav	545776	44100	24	1	4.094
Mini From Mars/WAV/3 Stack Bass/Mini_3StackBass_C3.wav	545575	44100	24	1	4.093
Mini From Mars/WAV/3 Stack Bass/Mini_3StackBass_C3_0001.wav	540922	44100	24	1	4.058
Mini From Mars/WAV/3 Stack Bass/Mini_3StackBass_C3_0002.wav	546109	44100	24	1	4.097
Mini From Mars/WAV/3 Stack Bass/Mini_3StackBass_C4.wav	543142	44100	24	1	4.074
Mini From Mars/WAV/3 Stack Bass/Mini_3StackBass_C4_0001.wav	542725	44100	24	1	4.071
Mini From Mars/WAV/3 Stack Bass/Mini_3StackBass_C4_0002.wav	544234	44100	24	1	4.083
Mini From Mars/WAV/3 Stack Bass/Mini_3StackBass_C5.wav	481033	44100	24	1	3.605
Mini From Mars/WAV/3 Stack Bass/Mini_3StackBass_C5_0001.wav	542125	44100	24	1	4.067
Mini From Mars/WAV/3 Stack Bass/Mini_3StackBass_C5_0002.wav	541432	44100	24	1	4.061
Mini From Mars/WAV/3 Stack Bass/Mini_3StackBass_C6.wav	75880	44100	24	1	0.543
Mini From Mars/WAV/3 Stack Bass/Mini_3StackBass_C6_0001.wav	542872	44100	24	1	4.072
Mini From Mars/WAV/3 Stack Bass/Mini_3StackBass_C6_0002.wav	542863	44100	24	1	4.072
Mini From Mars/WAV/3 Stack Bass/Mini_3StackBass_C7.wav	53065	44100	24	1	0.37
Mini From Mars/WAV/3 Stack Bass/Mini_3StackBass_C7_0001.wav	542023	44100	24	1	4.066
Mini From Mars/WAV/3 Stack Bass/Mini_3StackBass_C7_0002.wav	545206	44100	24	1	4.09
Mini From Mars/WAV/3 Stack Bass/Mini_3StackBass_C8.wav	549028	44100	24	1	4.119
Mini From Mars/WAV/3 Stack Bass/Mini_3StackBass_C8_0001.wav	454681	44100	24	1	3.406
Mini From Mars/WAV/3 Stack Bass/Mini_3StackBass_C8_0002.wav	544474	44100	24	1	4.084
Mini From Mars/WAV/3 Stack Bass/Mini_3StackBass_D#-1.wav	559264	44100	24	1	4.196
Mini From Mars/WAV/3 Stack Bass/Mini_3StackBass_D#-1_0001.wav	555772	44100	24	1	4.17
Mini From Mars/WAV/3 Stack Bass/Mini_3StackBass_D#-1_0002.wav	551869	44100	24	1	4.14
Mini From Mars/WAV/3 Stack Bass/Mini_3StackBass_D#0.wav	554149	44100	24	1	4.158
Mini From Mars/WAV/3 Stack Bass/Mini_3StackBass_D#0_0001.wav	555187	44100	24	1	4.165
Mini From Mars/WAV/3 Stack Bass/Mini_3StackBass_D#0_0002.wav	552493	44100	24	1	4.145
Mini From Mars/WAV/3 Stack Bass/Mini_3StackBass_D#1.wav	548593	44100	24	1	4.116
Mini From Mars/WAV/3 Stack Bass/Mini_3StackBass_D#1_0001.wav	547576	44100	24	1	4.108
Mini From Mars/WAV/3 Stack Bass/Mini_3StackBass_D#1_0002.wav	542098	44100	24	1	4.067
Mini From Mars/WAV/3 Stack Bass/Mini_3StackBass_D#2.wav	543157	44100	24	1	4.075
Mini From Mars/WAV/3 Stack Bass/Mini_3StackBass_D#2_0001.wav	543385	44100	24	1	4.076
Mini From Mars/WAV/3 Stack Bass/Mini_3StackBass_D#2_0002.wav	546187	44100	24	1	4.097
Mini From Mars/WAV/3 Stack Bass/Mini_3StackBass_D#3.wav	546817	44100	24	1	4.102
Mini From Mars/WAV/3 Stack Bass/Mini_3StackBass_D#3_0001.wav	544207	44100	24	1	4.082
Mini From Mars/WAV/3 Stack Bass/Mini_3StackBass_D#3_0002.wav	540844	44100	24	1	4.057
Mini From Mars/WAV/3 Stack Bass/Mini_3StackBass_D#4.wav	546460	44100	24	1	4.1
Mini From Mars/WAV/3 Stack Bass/Mini_3StackBass_D#4_0001.wav	544363	44100	24	1	4.084
Mini From Mars/WAV/3 Stack Bass/Mini_3StackBass_D#4_0002.wav	544507	44100	24	1	4.085
Mini From Mars/WAV/3 Stack Bass/Mini_3StackBass_D#5.wav	546376	44100	24	1	4.099
Mini From Mars/WAV/3 Stack Bass/Mini_3StackBass_D#5_0001.wav	540817	44100	24	1	4.057
Mini From Mars/WAV/3 Stack Bass/Mini_3StackBass_D#5_0002.wav	541570	44100	24	1	4.063
Mini From Mars/WAV/3 Stack Bass/Mini_3StackBass_D#6.wav	105106	44100	24	1	0.763
Mini From Mars/WAV/3 Stack Bass/Mini_3StackBass_D#6_0001.wav	542893	44100	24	1	4.073
Mini From Mars/WAV/3 Stack Bass/Mini_3StackBass_D#6_0002.wav	544423	44100	24	1	4.084
Mini From Mars/WAV/3 Stack Bass/Mini_3StackBass_D#7.wav	71161	44100	24	1	0.507
Mini From Mars/WAV/3 Stack Bass/Mini_3StackBass_D#7_0001.wav	545065	44100	24	1	4.089
Mini From Mars/WAV/3 Stack Bass/Mini_3StackBass_D#7_0002.wav	542122	44100	24	1	4.067
Mini From Mars/WAV/3 Stack Bass/Mini_3StackBass_D-1.wav	556444	44100	24	1	4.175
Mini From Mars/WAV/3 Stack Bass/Mini_3StackBass_D-1_0001.wav	552175	44100	24	1	4.143
Mini From Mars/WAV/3 Stack Bass/Mini_3StackBass_D-1_0002.wav	546472	44100	24	1	4.1
Mini From Mars/WAV/3 Stack Bass/Mini_3StackBass_D0.wav	555148	44100	24	1	4.165
Mini From Mars/WAV/3 Stack Bass/Mini_3StackBass_D0_0001.wav	553846	44100	24	1	4.155
Mini From Mars/WAV/3 Stack Bass/Mini_3StackBass_D0_0002.wav	552559	44100	24	1	4.146
Mini From Mars/WAV/3 Stack Bass/Mini_3StackBass_D1.wav	543517	44100	24	1	4.077
Mini From Mars/WAV/3 Stack Bass/Mini_3StackBass_D1_0001.wav	548404	44100	24	1	4.114
Mini From Mars/WAV/3 Stack Bass/Mini_3StackBass_D1_0002.wav	544363	44100	24	1	4.084
Mini From Mars/WAV/3 Stack Bass/Mini_3StackBass_D2.wav	543313	44100	24	1	4.076
Mini From Mars/WAV/3 Stack Bass/Mini_3StackBass_D2_0001.wav	544348	44100	24	1	4.084
Mini From Mars/WAV/3 Stack Bass/Mini_3StackBass_D2_0002.wav	544750	44100	24	1	4.087
Mini From Mars/WAV/3 Stack Bass/Mini_3StackBass_D3.wav	545386	44100	24	1	4.091
Mini From Mars/WAV/3 Stack Bass/Mini_3StackBass_D3_0001.wav	544423	44100	24	1	4.084
Mini From Mars/WAV/3 Stack Bass/Mini_3StackBass_D3_0002.wav	545530	44100	24	1	4.092
Mini From Mars/WAV/3 Stack Bass/Mini_3StackBass_D4.wav	543319	44100	24	1	4.076
Mini From Mars/WAV/3 Stack Bass/Mini_3StackBass_D4_0001.wav	542590	44100	24	1	4.07
Mini From Mars/WAV/3 Stack Bass/Mini_3StackBass_D4_0002.wav	545461	44100	24	1	4.092
Mini From Mars/WAV/3 Stack Bass/Mini_3StackBass_D5.wav	516622	44100	24	1	3.874
Mini From Mars/WAV/3 Stack Bass/Mini_3StackBass_D5_0001.wav	540094	44100	24	1	4.051
Mini From Mars/WAV/3 Stack Bass/Mini_3StackBass_D5_0002.wav	541792	44100	24	1	4.064
Mini From Mars/WAV/3 Stack Bass/Mini_3StackBass_D6.wav	86470	44100	24	1	0.623
Mini From Mars/WAV/3 Stack Bass/Mini_3StackBass_D6_0001.wav	541624	44100	24	1	4.063
Mini From Mars/WAV/3 Stack Bass/Mini_3StackBass_D6_0002.wav	546115	44100	24	1	4.097
Mini From Mars/WAV/3 Stack Bass/Mini_3StackBass_D7.wav	69238	44100	24	1	0.492
Mini From Mars/WAV/3 Stack Bass/Mini_3StackBass_D7_0001.wav	547912	44100	24	1	4.11
Mini From Mars/WAV/3 Stack Bass/Mini_3StackBass_D7_0002.wav	542236	44100	24	1	4.068
Mini From Mars/WAV/3 Stack Bass/Mini_3StackBass_E-1.wav	551443	44100	24	1	4.137
Mini From Mars/WAV/3 Stack Bass/Mini_3StackBass_E-1_0001.wav	559678	44100	24	1	4.199
Mini From Mars/WAV/3 Stack Bass/Mini_3StackBass_E-1_0002.wav	547717	44100	24	1	4.109
Mini From Mars/WAV/3 Stack Bass/Mini_3StackBass_E0.wav	555991	44100	24	1	4.172
Mini From Mars/WAV/3 Stack Bass/Mini_3StackBass_E0_0001.wav	554830	44100	24	1	4.163
Mini From Mars/WAV/3 Stack Bass/Mini_3StackBass_E0_0002.wav	543328	44100	24	1	4.076
Mini From Mars/WAV/3 Stack Bass/Mini_3StackBass_E1.wav	554527	44100	24	1	4.16
Mini From Mars/WAV/3 Stack Bass/Mini_3StackBass_E1_0001.wav	547561	44100	24	1	4.108
Mini From Mars/WAV/3 Stack Bass/Mini_3StackBass_E1_0002.wav	545770	44100	24	1	4.094
Mini From Mars/WAV/3 Stack Bass/Mini_3StackBass_E2.wav	541753	44100	24	1	4.064
Mini From Mars/WAV/3 Stack Bass/Mini_3StackBass_E2_0001.wav	547240	44100	24	1	4.105
Mini From Mars/WAV/3 Stack Bass/Mini_3StackBass_E2_0002.wav	542911	44100	24	1	4.073
Mini From Mars/WAV/3 Stack Bass/Mini_3StackBass_E3.wav	544717	44100	24	1	4.086
Mini From Mars/WAV/3 Stack Bass/Mini_3StackBass_E3_0001.wav	543607	44100	24	1	4.078
Mini From Mars/WAV/3 Stack Bass/Mini_3StackBass_E3_0002.wav	545479	44100	24	1	4.092
Mini From Mars/WAV/3 Stack Bass/Mini_3StackBass_E4.wav	542965	44100	24	1	4.073
Mini From Mars/WAV/3 Stack Bass/Mini_3StackBass_E4_0001.wav	543169	44100	24	1	4.075
Mini From Mars/WAV/3 Stack Bass/Mini_3StackBass_E4_0002.wav	544621	44100	24	1	4.086
Mini From Mars/WAV/3 Stack Bass/Mini_3StackBass_E5.wav	541810	44100	24	1	4.064
Mini From Mars/WAV/3 Stack Bass/Mini_3StackBass_E5_0001.wav	541843	44100	24	1	4.065
Mini From Mars/WAV/3 Stack Bass/Mini_3StackBass_E5_0002.wav	544144	44100	24	1	4.082
Mini From Mars/WAV/3 Stack Bass/Mini_3StackBass_E6.wav	43078	44100	24	1	0.295
Mini From Mars/WAV/3 Stack Bass/Mini_3StackBass_E6_0001.wav	541714	44100	24	1	4.064
Mini From Mars/WAV/3 Stack Bass/Mini_3StackBass_E6_0002.wav	543457	44100	24	1	4.077
Mini From Mars/WAV/3 Stack Bass/Mini_3StackBass_E7.wav	42382	44100	24	1	0.289
Mini From Mars/WAV/3 Stack Bass/Mini_3StackBass_E7_0001.wav	441430	44100	24	1	3.306
Mini From Mars/WAV/3 Stack Bass/Mini_3StackBass_E7_0002.wav	544405	44100	24	1	4.084
Mini From Mars/WAV/3 Stack Bass/Mini_3StackBass_F#-1.wav	550375	44100	24	1	4.129
Mini From Mars/WAV/3 Stack Bass/Mini_3StackBass_F#-1_0001.wav	549805	44100	24	1	4.125
Mini From Mars/WAV/3 Stack Bass/Mini_3StackBass_F#-1_0002.wav	545350	44100	24	1	4.091
Mini From Mars/WAV/3 Stack Bass/Mini_3StackBass_F#0.wav	552502	44100	24	1	4.145
Mini From Mars/WAV/3 Stack Bass/Mini_3StackBass_F#0_0001.wav	550441	44100	24	1	4.13
Mini From Mars/WAV/3 Stack Bass/Mini_3StackBass_F#0_0002.wav	543208	44100	24	1	4.075
Mini From Mars/WAV/3 Stack Bass/Mini_3StackBass_F#1.wav	547984	44100	24	1	4.111
Mini From Mars/WAV/3 Stack Bass/Mini_3StackBass_F#1_0001.wav	553303	44100	24	1	4.151
Mini From Mars/WAV/3 Stack Bass/Mini_3StackBass_F#1_0002.wav	545236	44100	24	1	4.09
Mini From Mars/WAV/3 Stack Bass/Mini_3StackBass_F#2.wav	543619	44100	24	1	4.078
Mini From Mars/WAV/3 Stack Bass/Mini_3StackBass_F#2_0001.wav	543297	44100	24	1	4.065
Mini From Mars/WAV/3 Stack Bass/Mini_3StackBass_F#2_0002.wav	544384	44100	24	1	4.084
Mini From Mars/WAV/3 Stack Bass/Mini_3StackBass_F#3.wav	543052	44100	24	1	4.074
Mini From Mars/WAV/3 Stack Bass/Mini_3StackBass_F#3_0001.wav	545080	44100	24	1	4.089
Mini From Mars/WAV/3 Stack Bass/Mini_3StackBass_F#3_0002.wav	544741	44100	24	1	4.087
Mini From Mars/WAV/3 Stack Bass/Mini_3StackBass_F#4.wav	546505	44100	24	1	4.1
Mini From Mars/WAV/3 Stack Bass/Mini_3StackBass_F#4_0001.wav	543052	44100	24	1	4.074
Mini From Mars/WAV/3 Stack Bass/Mini_3StackBass_F#4_0002.wav	545722	44100	24	1	4.094
Mini From Mars/WAV/3 Stack Bass/Mini_3StackBass_F#5.wav	554371	44100	24	1	4.159
Mini From Mars/WAV/3 Stack Bass/Mini_3StackBass_F#5_0001.wav	540859	44100	24	1	4.057
Mini From Mars/WAV/3 Stack Bass/Mini_3StackBass_F#5_0002.wav	544546	44100	24	1	4.085
Mini From Mars/WAV/3 Stack Bass/Mini_3StackBass_F#6.wav	56272	44100	24	1	0.394
Mini From Mars/WAV/3 Stack Bass/Mini_3StackBass_F#6_0001.wav	544876	44100	24	1	4.088
Mini From Mars/WAV/3 Stack Bass/Mini_3StackBass_F#6_0002.wav	543664	44100	24	1	4.078
Mini From Mars/WAV/3 Stack Bass/Mini_3StackBass_F#7.wav	43687	44100	24	1	0.299
Mini From Mars/WAV/3 Stack Bass/Mini_3StackBass_F#7_0001.wav	477100	44100	24	1	3.575
Mini From Mars/WAV/3 Stack Bass/Mini_3StackBass_F#7_0002.wav	542434	44100	24	1	4.069
Mini From Mars/WAV/3 Stack Bass/Mini_3StackBass_F-1.wav	563437	44100	24	1	4.228
Mini From Mars/WAV/3 Stack Bass/Mini_3StackBass_F-1_0001.wav	551767	44100	24	1	4.14
Mini From Mars/WAV/3 Stack Bass/Mini_3StackBass_F-1_0002.wav	547981	44100	24	1	4.111
Mini From Mars/WAV/3 Stack Bass/Mini_3StackBass_F0.wav	556207	44100	24	1	4.173
Mini From Mars/WAV/3 Stack Bass/Mini_3StackBass_F0_0001.wav	552043	44100	24	1	4.142
Mini From Mars/WAV/3 Stack Bass/Mini_3StackBass_F0_0002.wav	547711	44100	24	1	4.109
Mini From Mars/WAV/3 Stack Bass/Mini_3StackBass_F1.wav	549268	44100	24	1	4.121
Mini From Mars/WAV/3 Stack Bass/Mini_3StackBass_F1_0001.wav	544678	44100	24	1	4.086
Mini From Mars/WAV/3 Stack Bass/Mini_3StackBass_F1_0002.wav	545410	44100	24	1	4.092
Mini From Mars/WAV/3 Stack Bass/Mini_3StackBass_F2.wav	541639	44100	24	1	4.063
Mini From Mars/WAV/3 Stack Bass/Mini_3StackBass_F2_0001.wav	542758	44100	24	1	4.072
Mini From Mars/WAV/3 Stack Bass/Mini_3StackBass_F2_0002.wav	545704	44100	24	1	4.094
Mini From Mars/WAV/3 Stack Bass/Mini_3StackBass_F3.wav	544081	44100	24	1	4.082
Mini From Mars/WAV/3 Stack Bass/Mini_3StackBass_F3_0001.wav	543010	44100	24	1	4.073
Mini From Mars/WAV/3 Stack Bass/Mini_3StackBass_F3_0002.wav	544048	44100	24	1	4.081
Mini From Mars/WAV/3 Stack Bass/Mini_3StackBass_F4.wav	545812	44100	24	1	4.095
Mini From Mars/WAV/3 Stack Bass/Mini_3StackBass_F4_0001.wav	545560	44100	24	1	4.093
Mini From Mars/WAV/3 Stack Bass/Mini_3StackBass_F4_0002.wav	544549	44100	24	1	4.085
Mini From Mars/WAV/3 Stack Bass/Mini_3StackBass_F5.wav	546790	44100	24	1	4.102
Mini From Mars/WAV/3 Stack Bass/Mini_3StackBass_F5_0001.wav	541897	44100	24	1	4.065
Mini From Mars/WAV/3 Stack Bass/Mini_3StackBass_F5_0002.wav	541390	44100	24	1	4.061
Mini From Mars/WAV/3 Stack Bass/Mini_3StackBass_F6.wav	41203	44100	24	1	0.28
Mini From Mars/WAV/3 Stack Bass/Mini_3StackBass_F6_0001.wav	543466	44100	24	1	4.077
Mini From Mars/WAV/3 Stack Bass/Mini_3StackBass_F6_0002.wav	542614	44100	24	1	4.07
Mini From Mars/WAV/3 Stack Bass/Mini_3StackBass_F7.wav	46639	44100	24	1	0.322
Mini From Mars/WAV/3 Stack Bass/Mini_3StackBass_F7_0001.wav	474097	44100	24	1	3.553
Mini From Mars/WAV/3 Stack Bass/Mini_3StackBass_F7_0002.wav	540487	44100	24	1	4.054
Mini From Mars/WAV/3 Stack Bass/Mini_3StackBass_G#-1.wav	556384	44100	24	1	4.175
Mini From Mars/WAV/3 Stack Bass/Mini_3StackBass_G#-1_0001.wav	551215	44100	24	1	4.135
Mini From Mars/WAV/3 Stack Bass/Mini_3StackBass_G#-1_0002.wav	549691	44100	24	1	4.124
Mini From Mars/WAV/3 Stack Bass/Mini_3StackBass_G#0.wav	557383	44100	24	1	4.182
Mini From Mars/WAV/3 Stack Bass/Mini_3StackBass_G#0_0001.wav	550531	44100	24	1	4.13
Mini From Mars/WAV/3 Stack Bass/Mini_3StackBass_G#0_0002.wav	546520	44100	24	1	4.1
Mini From Mars/WAV/3 Stack Bass/Mini_3StackBass_G#1.wav	543664	44100	24	1	4.078
Mini From Mars/WAV/3 Stack Bass/Mini_3StackBass_G#1_0001.wav	548620	44100	24	1	4.116
Mini From Mars/WAV/3 Stack Bass/Mini_3StackBass_G#1_0002.wav	545551	44100	24	1	4.093
Mini From Mars/WAV/3 Stack Bass/Mini_3StackBass_G#2.wav	542746	44100	24	1	4.071
Mini From Mars/WAV/3 Stack Bass/Mini_3StackBass_G#2_0001.wav	544195	44100	24	1	4.082
Mini From Mars/WAV/3 Stack Bass/Mini_3StackBass_G#2_0002.wav	544789	44100	24	1	4.087
Mini From Mars/WAV/3 Stack Bass/Mini_3StackBass_G#3.wav	544717	44100	24	1	4.086
Mini From Mars/WAV/3 Stack Bass/Mini_3StackBass_G#3_0001.wav	544675	44100	24	1	4.086
Mini From Mars/WAV/3 Stack Bass/Mini_3StackBass_G#3_0002.wav	544870	44100	24	1	4.087
Mini From Mars/WAV/3 Stack Bass/Mini_3StackBass_G#4.wav	553876	44100	24	1	4.156
Mini From Mars/WAV/3 Stack Bass/Mini_3StackBass_G#4_0001.wav	542377	44100	24	1	4.069
Mini From Mars/WAV/3 Stack Bass/Mini_3StackBass_G#4_0002.wav	544426	44100	24	1	4.084
Mini From Mars/WAV/3 Stack Bass/Mini_3StackBass_G#5.wav	550243	44100	24	1	4.128
Mini From Mars/WAV/3 Stack Bass/Mini_3StackBass_G#5_0001.wav	541171	44100	24	1	4.06
Mini From Mars/WAV/3 Stack Bass/Mini_3StackBass_G#5_0002.wav	540394	44100	24	1	4.054
Mini From Mars/WAV/3 Stack Bass/Mini_3StackBass_G#6.wav	73558	44100	24	1	0.525
Mini From Mars/WAV/3 Stack Bass/Mini_3StackBass_G#6_0001.wav	544789	44100	24	1	4.087
Mini From Mars/WAV/3 Stack Bass/Mini_3StackBass_G#6_0002.wav	545341	44100	24	1	4.091
Mini From Mars/WAV/3 Stack Bass/Mini_3StackBass_G#7.wav	44179	44100	24	1	0.303
Mini From Mars/WAV/3 Stack Bass/Mini_3StackBass_G#7_0001.wav	487150	44100	24	1	3.651
Mini From Mars/WAV/3 Stack Bass/Mini_3StackBass_G#7_0002.wav	542431	44100	24	1	4.069
Mini From Mars/WAV/3 Stack Bass/Mini_3StackBass_G-1.wav	553324	44100	24	1	4.151
Mini From Mars/WAV/3 Stack Bass/Mini_3StackBass_G-1_0001.wav	553567	44100	24	1	4.153
Mini From Mars/WAV/3 Stack Bass/Mini_3StackBass_G-1_0002.wav	549199	44100	24	1	4.12
Mini From Mars/WAV/3 Stack Bass/Mini_3StackBass_G0.wav	554935	44100	24	1	4.164
Mini From Mars/WAV/3 Stack Bass/Mini_3StackBass_G0_0001.wav	551308	44100	24	1	4.136
Mini From Mars/WAV/3 Stack Bass/Mini_3StackBass_G0_0002.wav	552508	44100	24	1	4.145
Mini From Mars/WAV/3 Stack Bass/Mini_3StackBass_G1.wav	546283	44100	24	1	4.098
Mini From Mars/WAV/3 Stack Bass/Mini_3StackBass_G1_0001.wav	549196	44100	24	1	4.12
Mini From Mars/WAV/3 Stack Bass/Mini_3StackBass_G1_0002.wav	544231	44100	24	1	4.083
Mini From Mars/WAV/3 Stack Bass/Mini_3StackBass_G2.wav	545668	44100	24	1	4.094
Mini From Mars/WAV/3 Stack Bass/Mini_3StackBass_G2_0001.wav	546031	44100	24	1	4.096
Mini From Mars/WAV/3 Stack Bass/Mini_3StackBass_G2_0002.wav	544744	44100	24	1	4.087
Mini From Mars/WAV/3 Stack Bass/Mini_3StackBass_G3.wav	544744	44100	24	1	4.087
Mini From Mars/WAV/3 Stack Bass/Mini_3StackBass_G3_0001.wav	542692	44100	24	1	4.071
Mini From Mars/WAV/3 Stack Bass/Mini_3StackBass_G3_0002.wav	545473	44100	24	1	4.092
Mini From Mars/WAV/3 Stack Bass/Mini_3StackBass_G4.wav	545647	44100	24	1	4.093
Mini From Mars/WAV/3 Stack Bass/Mini_3StackBass_G4_0001.wav	543817	44100	24	1	4.08
Mini From Mars/WAV/3 Stack Bass/Mini_3StackBass_G4_0002.wav	543442	44100	24	1	4.077
Mini From Mars/WAV/3 Stack Bass/Mini_3StackBass_G5.wav	548233	44100	24	1	4.113
Mini From Mars/WAV/3 Stack Bass/Mini_3StackBass_G5_0001.wav	543913	44100	24	1	4.08
Mini From Mars/WAV/3 Stack Bass/Mini_3StackBass_G5_0002.wav	546169	44100	24	1	4.097
Mini From Mars/WAV/3 Stack Bass/Mini_3StackBass_G6.wav	48850	44100	24	1	0.338
Mini From Mars/WAV/3 Stack Bass/Mini_3StackBass_G6_0001.wav	545530	44100	24	1	4.092
Mini From Mars/WAV/3 Stack Bass/Mini_3StackBass_G6_0002.wav	545782	44100	24	1	4.094
Mini From Mars/WAV/3 Stack Bass/Mini_3StackBass_G7.wav	43450	44100	24	1	0.297
Mini From Mars/WAV/3 Stack Bass/Mini_3StackBass_G7_0001.wav	457153	44100	24	1	3.424
Mini From Mars/WAV/3 Stack Bass/Mini_3StackBass_G7_0002.wav	543772	44100	24	1	4.079
Mini From Mars/WAV/Authority/Mini_Authority_A#0.wav	622756	44100	24	1	4.676
Mini From Mars/WAV/Authority/Mini_Authority_A#1.wav	617623	44100	24	1	4.637
Mini From Mars/WAV/Authority/Mini_Authority_A#2.wav	627775	44100	24	1	4.714
Mini From Mars/WAV/Authority/Mini_Authority_A#3.wav	627847	44100	24	1	4.715
Mini From Mars/WAV/Authority/Mini_Authority_A#4.wav	627799	44100	24	1	4.714
Mini From Mars/WAV/Authority/Mini_Authority_A#5.wav	616069	44100	24	1	4.626
Mini From Mars/WAV/Authority/Mini_Authority_A#6.wav	628258	44100	24	1	4.718
Mini From Mars/WAV/Authority/Mini_Authority_A0.wav	623578	44100	24	1	4.682
Mini From Mars/WAV/Authority/Mini_Authority_A1.wav	625837	44100	24	1	4.699
Mini From Mars/WAV/Authority/Mini_Authority_A2.wav	621013	44100	24	1	4.663
Mini From Mars/WAV/Authority/Mini_Authority_A3.wav	623194	44100	24	1	4.68
Mini From Mars/WAV/Authority/Mini_Authority_A4.wav	613087	44100	24	1	4.603
Mini From Mars/WAV/Authority/Mini_Authority_A5.wav	618025	44100	24	1	4.64
Mini From Mars/WAV/Authority/Mini_Authority_A6.wav	622036	44100	24	1	4.671
Mini From Mars/WAV/Authority/Mini_Authority_B0.wav	620269	44100	24	1	4.657
Mini From Mars/WAV/Authority/Mini_Authority_B1.wav	620791	44100	24	1	4.661
Mini From Mars/WAV/Authority/Mini_Authority_B2.wav	626515	44100	24	1	4.705
Mini From Mars/WAV/Authority/Mini_Authority_B3.wav	625903	44100	24	1	4.7
Mini From Mars/WAV/Authority/Mini_Authority_B4.wav	614743	44100	24	1	4.616
Mini From Mars/WAV/Authority/Mini_Authority_B5.wav	614251	44100	24	1	4.612
Mini From Mars/WAV/Authority/Mini_Authority_B6.wav	620050	44100	24	1	4.656
Mini From Mars/WAV/Authority/Mini_Authority_C#0.wav	630676	44100	24	1	4.736
Mini From Mars/WAV/Authority/Mini_Authority_C#1.wav	628642	44100	24	1	4.721
Mini From Mars/WAV/Authority/Mini_Authority_C#2.wav	620698	44100	24	1	4.661
Mini From Mars/WAV/Authority/Mini_Authority_C#3.wav	621385	44100	24	1	4.666
Mini From Mars/WAV/Authority/Mini_Authority_C#4.wav	622498	44100	24	1	4.674
Mini From Mars/WAV/Authority/Mini_Authority_C#5.wav	616747	44100	24	1	4.631
Mini From Mars/WAV/Authority/Mini_Authority_C#6.wav	626272	44100	24	1	4.703
Mini From Mars/WAV/Authority/Mini_Authority_C0.wav	627334	44100	24	1	4.711
Mini From Mars/WAV/Authority/Mini_Authority_C1.wav	631030	44100	24	1	4.739
Mini From Mars/WAV/Authority/Mini_Authority_C2.wav	620842	44100	24	1	4.662
Mini From Mars/WAV/Authority/Mini_Authority_C3.wav	626521	44100	24	1	4.705
Mini From Mars/WAV/Authority/Mini_Authority_C4.wav	624727	44100	24	1	4.691
Mini From Mars/WAV/Authority/Mini_Authority_C5.wav	624571	44100	24	1	4.69
Mini From Mars/WAV/Authority/Mini_Authority_C6.wav	612640	44100	24	1	4.6
Mini From Mars/WAV/Authority/Mini_Authority_C7.wav	619987	44100	24	1	4.655
Mini From Mars/WAV/Authority/Mini_Authority_D#0.wav	631006	44100	24	1	4.739
Mini From Mars/WAV/Authority/Mini_Authority_D#1.wav	632941	44100	24	1	4.753
Mini From Mars/WAV/Authority/Mini_Authority_D#2.wav	625651	44100	24	1	4.698
Mini From Mars/WAV/Authority/Mini_Authority_D#3.wav	625225	44100	24	1	4.695
Mini From Mars/WAV/Authority/Mini_Authority_D#4.wav	621595	44100	24	1	4.667
Mini From Mars/WAV/Authority/Mini_Authority_D#5.wav	625789	44100	24	1	4.699
Mini From Mars/WAV/Authority/Mini_Authority_D#6.wav	619570	44100	24	1	4.652
Mini From Mars/WAV/Authority/Mini_Authority_D0.wav	627547	44100	24	1	4.712
Mini From Mars/WAV/Authority/Mini_Authority_D1.wav	625759	44100	24	1	4.699
Mini From Mars/WAV/Authority/Mini_Authority_D2.wav	619684	44100	24	1	4.653
Mini From Mars/WAV/Authority/Mini_Authority_D3.wav	623293	44100	24	1	4.68
Mini From Mars/WAV/Authority/Mini_Authority_D4.wav	618355	44100	24	1	4.643
Mini From Mars/WAV/Authority/Mini_Authority_D5.wav	615274	44100	24	1	4.62
Mini From Mars/WAV/Authority/Mini_Authority_D6.wav	626668	44100	24	1	4.706
Mini From Mars/WAV/Authority/Mini_Authority_E0.wav	623254	44100	24	1	4.68
Mini From Mars/WAV/Authority/Mini_Authority_E1.wav	627934	44100	24	1	4.715
Mini From Mars/WAV/Authority/Mini_Authority_E2.wav	621220	44100	24	1	4.665
Mini From Mars/WAV/Authority/Mini_Authority_E3.wav	625285	44100	24	1	4.695
Mini From Mars/WAV/Authority/Mini_Authority_E4.wav	628213	44100	24	1	4.717
Mini From Mars/WAV/Authority/Mini_Authority_E5.wav	618328	44100	24	1	4.643
Mini From Mars/WAV/Authority/Mini_Authority_E6.wav	617662	44100	24	1	4.638
Mini From Mars/WAV/Authority/Mini_Authority_F#0.wav	625393	44100	24	1	4.696
Mini From Mars/WAV/Authority/Mini_Authority_F#1.wav	626824	44100	24	1	4.707
Mini From Mars/WAV/Authority/Mini_Authority_F#2.wav	616666	44100	24	1	4.63
Mini From Mars/WAV/Authority/Mini_Authority_F#3.wav	626209	44100	24	1	4.702
Mini From Mars/WAV/Authority/Mini_Authority_F#4.wav	622123	44100	24	1	4.671
Mini From Mars/WAV/Authority/Mini_Authority_F#5.wav	617515	44100	24	1	4.637
Mini From Mars/WAV/Authority/Mini_Authority_F#6.wav	614515	44100	24	1	4.614
Mini From Mars/WAV/Authority/Mini_Authority_F0.wav	628024	44100	24	1	4.716
Mini From Mars/WAV/Authority/Mini_Authority_F1.wav	629086	44100	24	1	4.724
Mini From Mars/WAV/Authority/Mini_Authority_F2.wav	622999	44100	24	1	4.678
Mini From Mars/WAV/Authority/Mini_Authority_F3.wav	622570	44100	24	1	4.675
Mini From Mars/WAV/Authority/Mini_Authority_F4.wav	625534	44100	24	1	4.697
Mini From Mars/WAV/Authority/Mini_Authority_F5.wav	621283	44100	24	1	4.665
Mini From Mars/WAV/Authority/Mini_Authority_F6.wav	617962	44100	24	1	4.64
Mini From Mars/WAV/Authority/Mini_Authority_G#0.wav	617593	44100	24	1	4.637
Mini From Mars/WAV/Authority/Mini_Authority_G#1.wav	630061	44100	24	1	4.731
Mini From Mars/WAV/Authority/Mini_Authority_G#2.wav	623374	44100	24	1	4.681
Mini From Mars/WAV/Authority/Mini_Authority_G#3.wav	622825	44100	24	1	4.677
Mini From Mars/WAV/Authority/Mini_Authority_G#4.wav	618601	44100	24	1	4.645
Mini From Mars/WAV/Authority/Mini_Authority_G#5.wav	621055	44100	24	1	4.663
Mini From Mars/WAV/Authority/Mini_Authority_G#6.wav	615046	44100	24	1	4.618
Mini From Mars/WAV/Authority/Mini_Authority_G0.wav	636589	44100	24	1	4.781
Mini From Mars/WAV/Authority/Mini_Authority_G1.wav	629878	44100	24	1	4.73
Mini From Mars/WAV/Authority/Mini_Authority_G2.wav	618205	44100	24	1	4.642
Mini From Mars/WAV/Authority/Mini_Authority_G3.wav	626440	44100	24	1	4.704
Mini From Mars/WAV/Authority/Mini_Authority_G4.wav	626749	44100	24	1	4.706
Mini From Mars/WAV/Authority/Mini_Authority_G5.wav	622768	44100	24	1	4.676
Mini From Mars/WAV/Authority/Mini_Authority_G6.wav	615400	44100	24	1	4.621
Mini From Mars/WAV/Basic Triangle/Mini_BasicTriangle_A#0.wav	555106	44100	24	1	4.165
Mini From Mars/WAV/Basic Triangle/Mini_BasicTriangle_A#1.wav	559261	44100	24	1	4.196
Mini From Mars/WAV/Basic Triangle/Mini_BasicTriangle_A#2.wav	554176	44100	24	1	4.158
Mini From Mars/WAV/Basic Triangle/Mini_BasicTriangle_A#3.wav	554431	44100	24	1	4.16
Mini From Mars/WAV/Basic Triangle/Mini_BasicTriangle_A#4.wav	556324	44100	24	1	4.174
Mini From Mars/WAV/Basic Triangle/Mini_BasicTriangle_A#5.wav	554425	44100	24	1	4.16
Mini From Mars/WAV/Basic Triangle/Mini_BasicTriangle_A#6.wav	555001	44100	24	1	4.164
Mini From Mars/WAV/Basic Triangle/Mini_BasicTriangle_A0.wav	554710	44100	24	1	4.162
Mini From Mars/WAV/Basic Triangle/Mini_BasicTriangle_A1.wav	554794	44100	24	1	4.162
Mini From Mars/WAV/Basic Triangle/Mini_BasicTriangle_A2.wav	555640	44100	24	1	4.169
Mini From Mars/WAV/Basic Triangle/Mini_BasicTriangle_A3.wav	554728	44100	24	1	4.162
Mini From Mars/WAV/Basic Triangle/Mini_BasicTriangle_A4.wav	555202	44100	24	1	4.166
Mini From Mars/WAV/Basic Triangle/Mini_BasicTriangle_A5.wav	556330	44100	24	1	4.174
Mini From Mars/WAV/Basic Triangle/Mini_BasicTriangle_A6.wav	554881	44100	24	1	4.163
Mini From Mars/WAV/Basic Triangle/Mini_BasicTriangle_B0.wav	561340	44100	24	1	4.212
Mini From Mars/WAV/Basic Triangle/Mini_BasicTriangle_B1.wav	554875	44100	24	1	4.163
Mini From Mars/WAV/Basic Triangle/Mini_BasicTriangle_B2.wav	556027	44100	24	1	4.172
Mini From Mars/WAV/Basic Triangle/Mini_BasicTriangle_B3.wav	584782	44100	24	1	4.389
Mini From Mars/WAV/Basic Triangle/Mini_BasicTriangle_B4.wav	556309	44100	24	1	4.174
Mini From Mars/WAV/Basic Triangle/Mini_BasicTriangle_B5.wav	554383	44100	24	1	4.159
Mini From Mars/WAV/Basic Triangle/Mini_BasicTriangle_B6.wav	583573	44100	24	1	4.38
Mini From Mars/WAV/Basic Triangle/Mini_BasicTriangle_C#0.wav	562531	44100	24	1	4.221
Mini From Mars/WAV/Basic Triangle/Mini_BasicTriangle_C#1.wav	557029	44100	24	1	4.179
Mini From Mars/WAV/Basic Triangle/Mini_BasicTriangle_C#2.wav	554020	44100	24	1	4.157
Mini From Mars/WAV/Basic Triangle/Mini_BasicTriangle_C#3.wav	554665	44100	24	1	4.162
Mini From Mars/WAV/Basic Triangle/Mini_BasicTriangle_C#4.wav	582442	44100	24	1	4.371
Mini From Mars/WAV/Basic Triangle/Mini_BasicTriangle_C#5.wav	554389	44100	24	1	4.159
Mini From Mars/WAV/Basic Triangle/Mini_BasicTriangle_C#6.wav	583933	44100	24	1	4.383
Mini From Mars/WAV/Basic Triangle/Mini_BasicTriangle_C0.wav	559774	44100	24	1	4.2
Mini From Mars/WAV/Basic Triangle/Mini_BasicTriangle_C1.wav	554977	44100	24	1	4.164
Mini From Mars/WAV/Basic Triangle/Mini_BasicTriangle_C2.wav	555400	44100	24	1	4.167
Mini From Mars/WAV/Basic Triangle/Mini_BasicTriangle_C3.wav	555115	44100	24	1	4.165
Mini From Mars/WAV/Basic Triangle/Mini_BasicTriangle_C4.wav	555073	44100	24	1	4.165
Mini From Mars/WAV/Basic Triangle/Mini_BasicTriangle_C5.wav	555382	44100	24	1	4.167
Mini From Mars/WAV/Basic Triangle/Mini_BasicTriangle_C6.wav	554992	44100	24	1	4.164
Mini From Mars/WAV/Basic Triangle/Mini_BasicTriangle_C7.wav	554293	44100	24	1	4.159
Mini From Mars/WAV/Basic Triangle/Mini_BasicTriangle_D#0.wav	560638	44100	24	1	4.207
Mini From Mars/WAV/Basic Triangle/Mini_BasicTriangle_D#1.wav	556081	44100	24	1	4.172
Mini From Mars/WAV/Basic Triangle/Mini_BasicTriangle_D#2.wav	555280	44100	24	1	4.166
Mini From Mars/WAV/Basic Triangle/Mini_BasicTriangle_D#3.wav	583006	44100	24	1	4.376
Mini From Mars/WAV/Basic Triangle/Mini_BasicTriangle_D#4.wav	582667	44100	24	1	4.373
Mini From Mars/WAV/Basic Triangle/Mini_BasicTriangle_D#5.wav	582022	44100	24	1	4.368
Mini From Mars/WAV/Basic Triangle/Mini_BasicTriangle_D#6.wav	556147	44100	24	1	4.173
Mini From Mars/WAV/Basic Triangle/Mini_BasicTriangle_D0.wav	564112	44100	24	1	4.233
Mini From Mars/WAV/Basic Triangle/Mini_BasicTriangle_D1.wav	554902	44100	24	1	4.163
Mini From Mars/WAV/Basic Triangle/Mini_BasicTriangle_D2.wav	554026	44100	24	1	4.157
Mini From Mars/WAV/Basic Triangle/Mini_BasicTriangle_D3.wav	554614	44100	24	1	4.161
Mini From Mars/WAV/Basic Triangle/Mini_BasicTriangle_D4.wav	556291	44100	24	1	4.174
Mini From Mars/WAV/Basic Triangle/Mini_BasicTriangle_D5.wav	554824	44100	24	1	4.163
Mini From Mars/WAV/Basic Triangle/Mini_BasicTriangle_D6.wav	554830	44100	24	1	4.163
Mini From Mars/WAV/Basic Triangle/Mini_BasicTriangle_E0.wav	555136	44100	24	1	4.165
Mini From Mars/WAV/Basic Triangle/Mini_BasicTriangle_E1.wav	556888	44100	24	1	4.178
Mini From Mars/WAV/Basic Triangle/Mini_BasicTriangle_E2.wav	555193	44100	24	1	4.166
Mini From Mars/WAV/Basic Triangle/Mini_BasicTriangle_E3.wav	562435	44100	24	1	4.22
Mini From Mars/WAV/Basic Triangle/Mini_BasicTriangle_E4.wav	554572	44100	24	1	4.161
Mini From Mars/WAV/Basic Triangle/Mini_BasicTriangle_E5.wav	556000	44100	24	1	4.172
Mini From Mars/WAV/Basic Triangle/Mini_BasicTriangle_E6.wav	555385	44100	24	1	4.167
Mini From Mars/WAV/Basic Triangle/Mini_BasicTriangle_F#0.wav	555427	44100	24	1	4.167
Mini From Mars/WAV/Basic Triangle/Mini_BasicTriangle_F#1.wav	555751	44100	24	1	4.17
Mini From Mars/WAV/Basic Triangle/Mini_BasicTriangle_F#2.wav	555064	44100	24	1	4.165
Mini From Mars/WAV/Basic Triangle/Mini_BasicTriangle_F#3.wav	555541	44100	24	1	4.168
Mini From Mars/WAV/Basic Triangle/Mini_BasicTriangle_F#4.wav	556024	44100	24	1	4.172
Mini From Mars/WAV/Basic Triangle/Mini_BasicTriangle_F#5.wav	554818	44100	24	1	4.163
Mini From Mars/WAV/Basic Triangle/Mini_BasicTriangle_F#6.wav	554416	44100	24	1	4.16
Mini From Mars/WAV/Basic Triangle/Mini_BasicTriangle_F0.wav	556786	44100	24	1	4.178
Mini From Mars/WAV/Basic Triangle/Mini_BasicTriangle_F1.wav	554494	44100	24	1	4.16
Mini From Mars/WAV/Basic Triangle/Mini_BasicTriangle_F2.wav	555556	44100	24	1	4.168
Mini From Mars/WAV/Basic Triangle/Mini_BasicTriangle_F3.wav	554428	44100	24	1	4.16
Mini From Mars/WAV/Basic Triangle/Mini_BasicTriangle_F4.wav	554209	44100	24	1	4.158
Mini From Mars/WAV/Basic Triangle/Mini_BasicTriangle_F5.wav	555556	44100	24	1	4.168
Mini From Mars/WAV/Basic Triangle/Mini_BasicTriangle_F6.wav	554224	44100	24	1	4.158
Mini From Mars/WAV/Basic Triangle/Mini_BasicTriangle_G#0.wav	553642	44100	24	1	4.154
Mini From Mars/WAV/Basic Triangle/Mini_BasicTriangle_G#1.wav	555181	44100	24	1	4.165
Mini From Mars/WAV/Basic Triangle/Mini_BasicTriangle_G#2.wav	554389	44100	24	1	4.159
Mini From Mars/WAV/Basic Triangle/Mini_BasicTriangle_G#3.wav	582244	44100	24	1	4.37
Mini From Mars/WAV/Basic Triangle/Mini_BasicTriangle_G#4.wav	554473	44100	24	1	4.16
Mini From Mars/WAV/Basic Triangle/Mini_BasicTriangle_G#5.wav	555721	44100	24	1	4.17
Mini From Mars/WAV/Basic Triangle/Mini_BasicTriangle_G#6.wav	555919	44100	24	1	4.171
Mini From Mars/WAV/Basic Triangle/Mini_BasicTriangle_G0.wav	555946	44100	24	1	4.171
Mini From Mars/WAV/Basic Triangle/Mini_BasicTriangle_G1.wav	582229	44100	24	1	4.37
Mini From Mars/WAV/Basic Triangle/Mini_BasicTriangle_G2.wav	555823	44100	24	1	4.17
Mini From Mars/WAV/Basic Triangle/Mini_BasicTriangle_G3.wav	554050	44100	24	1	4.157
Mini From Mars/WAV/Basic Triangle/Mini_BasicTriangle_G4.wav	555979	44100	24	1	4.171
Mini From Mars/WAV/Basic Triangle/Mini_BasicTriangle_G5.wav	555508	44100	24	1	4.168
Mini From Mars/WAV/Basic Triangle/Mini_BasicTriangle_G6.wav	554392	44100	24	1	4.159
Mini From Mars/WAV/Combo Organ/Mini_ComboOrgan_A#-1.wav	642478	44100	24	1	4.825
Mini From Mars/WAV/Combo Organ/Mini_ComboOrgan_A#0.wav	556081	44100	24	1	4.172
Mini From Mars/WAV/Combo Organ/Mini_ComboOrgan_A#1.wav	553075	44100	24	1	4.15
Mini From Mars/WAV/Combo Organ/Mini_ComboOrgan_A#2.wav	545347	44100	24	1	4.091
Mini From Mars/WAV/Combo Organ/Mini_ComboOrgan_A#3.wav	543349	44100	24	1	4.076
Mini From Mars/WAV/Combo Organ/Mini_ComboOrgan_A#4.wav	538879	44100	24	1	4.042
Mini From Mars/WAV/Combo Organ/Mini_ComboOrgan_A#5.wav	538951	44100	24	1	4.043
Mini From Mars/WAV/Combo Organ/Mini_ComboOrgan_A#6.wav	537514	44100	24	1	4.032
Mini From Mars/WAV/Combo Organ/Mini_ComboOrgan_A#7.wav	536308	44100	24	1	4.023
Mini From Mars/WAV/Combo Organ/Mini_ComboOrgan_A-1.wav	572386	44100	24	1	4.295
Mini From Mars/WAV/Combo Organ/Mini_ComboOrgan_A0.wav	555805	44100	24	1	4.17
Mini From Mars/WAV/Combo Organ/Mini_ComboOrgan_A1.wav	551779	44100	24	1	4.14
Mini From Mars/WAV/Combo Organ/Mini_ComboOrgan_A2.wav	544087	44100	24	1	4.082
Mini From Mars/WAV/Combo Organ/Mini_ComboOrgan_A3.wav	543514	44100	24	1	4.077
Mini From Mars/WAV/Combo Organ/Mini_ComboOrgan_A4.wav	540196	44100	24	1	4.052
Mini From Mars/WAV/Combo Organ/Mini_ComboOrgan_A5.wav	539512	44100	24	1	4.047
Mini From Mars/WAV/Combo Organ/Mini_ComboOrgan_A6.wav	538534	44100	24	1	4.04
Mini From Mars/WAV/Combo Organ/Mini_ComboOrgan_A7.wav	536731	44100	24	1	4.026
Mini From Mars/WAV/Combo Organ/Mini_ComboOrgan_B-1.wav	564076	44100	24	1	4.233
Mini From Mars/WAV/Combo Organ/Mini_ComboOrgan_B0.wav	556207	44100	24	1	4.173
Mini From Mars/WAV/Combo Organ/Mini_ComboOrgan_B1.wav	544363	44100	24	1	4.084
Mini From Mars/WAV/Combo Organ/Mini_ComboOrgan_B2.wav	548785	44100	24	1	4.117
Mini From Mars/WAV/Combo Organ/Mini_ComboOrgan_B3.wav	542926	44100	24	1	4.073
Mini From Mars/WAV/Combo Organ/Mini_ComboOrgan_B4.wav	537019	44100	24	1	4.028
Mini From Mars/WAV/Combo Organ/Mini_ComboOrgan_B5.wav	537220	44100	24	1	4.03
Mini From Mars/WAV/Combo Organ/Mini_ComboOrgan_B6.wav	534403	44100	24	1	4.008
Mini From Mars/WAV/Combo Organ/Mini_ComboOrgan_B7.wav	536683	44100	24	1	4.026
Mini From Mars/WAV/Combo Organ/Mini_ComboOrgan_C#-1.wav	637486	44100	24	1	4.788
Mini From Mars/WAV/Combo Organ/Mini_ComboOrgan_C#0.wav	570181	44100	24	1	4.279
Mini From Mars/WAV/Combo Organ/Mini_ComboOrgan_C#1.wav	545707	44100	24	1	4.094
Mini From Mars/WAV/Combo Organ/Mini_ComboOrgan_C#2.wav	551983	44100	24	1	4.141
Mini From Mars/WAV/Combo Organ/Mini_ComboOrgan_C#3.wav	544288	44100	24	1	4.083
Mini From Mars/WAV/Combo Organ/Mini_ComboOrgan_C#4.wav	541039	44100	24	1	4.059
Mini From Mars/WAV/Combo Organ/Mini_ComboOrgan_C#5.wav	544129	44100	24	1	4.082
Mini From Mars/WAV/Combo Organ/Mini_ComboOrgan_C#6.wav	539431	44100	24	1	4.046
Mini From Mars/WAV/Combo Organ/Mini_ComboOrgan_C#7.wav	539569	44100	24	1	4.047
Mini From Mars/WAV/Combo Organ/Mini_ComboOrgan_C-1.wav	568966	44100	24	1	4.27
Mini From Mars/WAV/Combo Organ/Mini_ComboOrgan_C0.wav	560542	44100	24	1	4.206
Mini From Mars/WAV/Combo Organ/Mini_ComboOrgan_C1.wav	556213	44100	24	1	4.173
Mini From Mars/WAV/Combo Organ/Mini_ComboOrgan_C2.wav	553039	44100	24	1	4.149
Mini From Mars/WAV/Combo Organ/Mini_ComboOrgan_C3.wav	544714	44100	24	1	4.086
Mini From Mars/WAV/Combo Organ/Mini_ComboOrgan_C4.wav	541042	44100	24	1	4.059
Mini From Mars/WAV/Combo Organ/Mini_ComboOrgan_C5.wav	538693	44100	24	1	4.041
Mini From Mars/WAV/Combo Organ/Mini_ComboOrgan_C6.wav	537793	44100	24	1	4.034
Mini From Mars/WAV/Combo Organ/Mini_ComboOrgan_C7.wav	537769	44100	24	1	4.034
Mini From Mars/WAV/Combo Organ/Mini_ComboOrgan_C8.wav	535477	44100	24	1	4.016
Mini From Mars/WAV/Combo Organ/Mini_ComboOrgan_D#-1.wav	558718	44100	24	1	4.192
Mini From Mars/WAV/Combo Organ/Mini_ComboOrgan_D#0.wav	570511	44100	24	1	4.281
Mini From Mars/WAV/Combo Organ/Mini_ComboOrgan_D#1.wav	549691	44100	24	1	4.124
Mini From Mars/WAV/Combo Organ/Mini_ComboOrgan_D#2.wav	544621	44100	24	1	4.086
Mini From Mars/WAV/Combo Organ/Mini_ComboOrgan_D#3.wav	540877	44100	24	1	4.057
Mini From Mars/WAV/Combo Organ/Mini_ComboOrgan_D#4.wav	540883	44100	24	1	4.057
Mini From Mars/WAV/Combo Organ/Mini_ComboOrgan_D#5.wav	536719	44100	24	1	4.026
Mini From Mars/WAV/Combo Organ/Mini_ComboOrgan_D#6.wav	538768	44100	24	1	4.041
Mini From Mars/WAV/Combo Organ/Mini_ComboOrgan_D#7.wav	536902	44100	24	1	4.027
Mini From Mars/WAV/Combo Organ/Mini_ComboOrgan_D-1.wav	570481	44100	24	1	4.281
Mini From Mars/WAV/Combo Organ/Mini_ComboOrgan_D0.wav	561142	44100	24	1	4.21
Mini From Mars/WAV/Combo Organ/Mini_ComboOrgan_D1.wav	555976	44100	24	1	4.171
Mini From Mars/WAV/Combo Organ/Mini_ComboOrgan_D2.wav	543367	44100	24	1	4.076
Mini From Mars/WAV/Combo Organ/Mini_ComboOrgan_D3.wav	536533	44100	24	1	4.024
Mini From Mars/WAV/Combo Organ/Mini_ComboOrgan_D4.wav	537247	44100	24	1	4.03
Mini From Mars/WAV/Combo Organ/Mini_ComboOrgan_D5.wav	541516	44100	24	1	4.062
Mini From Mars/WAV/Combo Organ/Mini_ComboOrgan_D6.wav	538603	44100	24	1	4.04
Mini From Mars/WAV/Combo Organ/Mini_ComboOrgan_D7.wav	538639	44100	24	1	4.04
Mini From Mars/WAV/Combo Organ/Mini_ComboOrgan_E-1.wav	572386	44100	24	1	4.295
Mini From Mars/WAV/Combo Organ/Mini_ComboOrgan_E0.wav	558652	44100	24	1	4.192
Mini From Mars/WAV/Combo Organ/Mini_ComboOrgan_E1.wav	555685	44100	24	1	4.169
Mini From Mars/WAV/Combo Organ/Mini_ComboOrgan_E2.wav	550774	44100	24	1	4.132
Mini From Mars/WAV/Combo Organ/Mini_ComboOrgan_E3.wav	548587	44100	24	1	4.116
Mini From Mars/WAV/Combo Organ/Mini_ComboOrgan_E4.wav	543970	44100	24	1	4.081
Mini From Mars/WAV/Combo Organ/Mini_ComboOrgan_E5.wav	539278	44100	24	1	4.045
Mini From Mars/WAV/Combo Organ/Mini_ComboOrgan_E6.wav	540571	44100	24	1	4.055
Mini From Mars/WAV/Combo Organ/Mini_ComboOrgan_E7.wav	536584	44100	24	1	4.025
Mini From Mars/WAV/Combo Organ/Mini_ComboOrgan_F#-1.wav	561262	44100	24	1	4.211
Mini From Mars/WAV/Combo Organ/Mini_ComboOrgan_F#0.wav	554350	44100	24	1	4.159
Mini From Mars/WAV/Combo Organ/Mini_ComboOrgan_F#1.wav	544048	44100	24	1	4.081
Mini From Mars/WAV/Combo Organ/Mini_ComboOrgan_F#2.wav	550858	44100	24	1	4.133
Mini From Mars/WAV/Combo Organ/Mini_ComboOrgan_F#3.wav	542665	44100	24	1	4.071
Mini From Mars/WAV/Combo Organ/Mini_ComboOrgan_F#4.wav	542008	44100	24	1	4.066
Mini From Mars/WAV/Combo Organ/Mini_ComboOrgan_F#5.wav	539251	44100	24	1	4.045
Mini From Mars/WAV/Combo Organ/Mini_ComboOrgan_F#6.wav	536509	44100	24	1	4.024
Mini From Mars/WAV/Combo Organ/Mini_ComboOrgan_F#7.wav	537523	44100	24	1	4.032
Mini From Mars/WAV/Combo Organ/Mini_ComboOrgan_F-1.wav	571219	44100	24	1	4.287
Mini From Mars/WAV/Combo Organ/Mini_ComboOrgan_F0.wav	557299	44100	24	1	4.181
Mini From Mars/WAV/Combo Organ/Mini_ComboOrgan_F1.wav	556156	44100	24	1	4.173
Mini From Mars/WAV/Combo Organ/Mini_ComboOrgan_F2.wav	543805	44100	24	1	4.079
Mini From Mars/WAV/Combo Organ/Mini_ComboOrgan_F3.wav	543349	44100	24	1	4.076
Mini From Mars/WAV/Combo Organ/Mini_ComboOrgan_F4.wav	542926	44100	24	1	4.073
Mini From Mars/WAV/Combo Organ/Mini_ComboOrgan_F5.wav	538309	44100	24	1	4.038
Mini From Mars/WAV/Combo Organ/Mini_ComboOrgan_F6.wav	541618	44100	24	1	4.063
Mini From Mars/WAV/Combo Organ/Mini_ComboOrgan_F7.wav	537049	44100	24	1	4.028
Mini From Mars/WAV/Combo Organ/Mini_ComboOrgan_G#-1.wav	566755	44100	24	1	4.253
Mini From Mars/WAV/Combo Organ/Mini_ComboOrgan_G#0.wav	556012	44100	24	1	4.172
Mini From Mars/WAV/Combo Organ/Mini_ComboOrgan_G#1.wav	552190	44100	24	1	4.143
Mini From Mars/WAV/Combo Organ/Mini_ComboOrgan_G#2.wav	550252	44100	24	1	4.128
Mini From Mars/WAV/Combo Organ/Mini_ComboOrgan_G#3.wav	543985	44100	24	1	4.081
Mini From Mars/WAV/Combo Organ/Mini_ComboOrgan_G#4.wav	542605	44100	24	1	4.07
Mini From Mars/WAV/Combo Organ/Mini_ComboOrgan_G#5.wav	540001	44100	24	1	4.051
Mini From Mars/WAV/Combo Organ/Mini_ComboOrgan_G#6.wav	537865	44100	24	1	4.035
Mini From Mars/WAV/Combo Organ/Mini_ComboOrgan_G#7.wav	537454	44100	24	1	4.031
Mini From Mars/WAV/Combo Organ/Mini_ComboOrgan_G-1.wav	571276	44100	24	1	4.287
Mini From Mars/WAV/Combo Organ/Mini_ComboOrgan_G0.wav	556831	44100	24	1	4.178
Mini From Mars/WAV/Combo Organ/Mini_ComboOrgan_G1.wav	546577	44100	24	1	4.1
Mini From Mars/WAV/Combo Organ/Mini_ComboOrgan_G2.wav	543214	44100	24	1	4.075
Mini From Mars/WAV/Combo Organ/Mini_ComboOrgan_G3.wav	541117	44100	24	1	4.059
Mini From Mars/WAV/Combo Organ/Mini_ComboOrgan_G4.wav	541063	44100	24	1	4.059
Mini From Mars/WAV/Combo Organ/Mini_ComboOrgan_G5.wav	539548	44100	24	1	4.047
Mini From Mars/WAV/Combo Organ/Mini_ComboOrgan_G6.wav	534541	44100	24	1	4.009
Mini From Mars/WAV/Combo Organ/Mini_ComboOrgan_G7.wav	537283	44100	24	1	4.03
Mini From Mars/WAV/Creamy Poly/Mini_Creamy_A#0.wav	638905	44100	24	1	4.798
Mini From Mars/WAV/Creamy Poly/Mini_Creamy_A#1.wav	634825	44100	24	1	4.767
Mini From Mars/WAV/Creamy Poly/Mini_Creamy_A#2.wav	634888	44100	24	1	4.768
Mini From Mars/WAV/Creamy Poly/Mini_Creamy_A#3.wav	646924	44100	24	1	4.859
Mini From Mars/WAV/Creamy Poly/Mini_Creamy_A#4.wav	652687	44100	24	1	4.902
Mini From Mars/WAV/Creamy Poly/Mini_Creamy_A#5.wav	646282	44100	24	1	4.854
Mini From Mars/WAV/Creamy Poly/Mini_Creamy_A#6.wav	652282	44100	24	1	4.899
Mini From Mars/WAV/Creamy Poly/Mini_Creamy_A0.wav	651361	44100	24	1	4.892
Mini From Mars/WAV/Creamy Poly/Mini_Creamy_A1.wav	652030	44100	24	1	4.897
Mini From Mars/WAV/Creamy Poly/Mini_Creamy_A2.wav	646459	44100	24	1	4.855
Mini From Mars/WAV/Creamy Poly/Mini_Creamy_A3.wav	651241	44100	24	1	4.891
Mini From Mars/WAV/Creamy Poly/Mini_Creamy_A4.wav	656737	44100	24	1	4.933
Mini From Mars/WAV/Creamy Poly/Mini_Creamy_A5.wav	646561	44100	24	1	4.856
Mini From Mars/WAV/Creamy Poly/Mini_Creamy_A6.wav	662137	44100	24	1	4.974
Mini From Mars/WAV/Creamy Poly/Mini_Creamy_B0.wav	669040	44100	24	1	5.026
Mini From Mars/WAV/Creamy Poly/Mini_Creamy_B1.wav	657277	44100	24	1	4.937
Mini From Mars/WAV/Creamy Poly/Mini_Creamy_B2.wav	649474	44100	24	1	4.878
Mini From Mars/WAV/Creamy Poly/Mini_Creamy_B3.wav	664162	44100	24	1	4.989
Mini From Mars/WAV/Creamy Poly/Mini_Creamy_B4.wav	656704	44100	24	1	4.933
Mini From Mars/WAV/Creamy Poly/Mini_Creamy_B5.wav	659731	44100	24	1	4.956
Mini From Mars/WAV/Creamy Poly/Mini_Creamy_B6.wav	655366	44100	24	1	4.923
Mini From Mars/WAV/Creamy Poly/Mini_Creamy_C#0.wav	657175	44100	24	1	4.936
Mini From Mars/WAV/Creamy Poly/Mini_Creamy_C#1.wav	658597	44100	24	1	4.947
Mini From Mars/WAV/Creamy Poly/Mini_Creamy_C#2.wav	659956	44100	24	1	4.957
Mini From Mars/WAV/Creamy Poly/Mini_Creamy_C#3.wav	661501	44100	24	1	4.969
Mini From Mars/WAV/Creamy Poly/Mini_Creamy_C#4.wav	667795	44100	24	1	5.017
Mini From Mars/WAV/Creamy Poly/Mini_Creamy_C#5.wav	646180	44100	24	1	4.853
Mini From Mars/WAV/Creamy Poly/Mini_Creamy_C#6.wav	657499	44100	24	1	4.939
Mini From Mars/WAV/Creamy Poly/Mini_Creamy_C0.wav	636274	44100	24	1	4.778
Mini From Mars/WAV/Creamy Poly/Mini_Creamy_C1.wav	632794	44100	24	1	4.752
Mini From Mars/WAV/Creamy Poly/Mini_Creamy_C2.wav	650590	44100	24	1	4.887
Mini From Mars/WAV/Creamy Poly/Mini_Creamy_C3.wav	639454	44100	24	1	4.802
Mini From Mars/WAV/Creamy Poly/Mini_Creamy_C4.wav	648622	44100	24	1	4.872
Mini From Mars/WAV/Creamy Poly/Mini_Creamy_C5.wav	647719	44100	24	1	4.865
Mini From Mars/WAV/Creamy Poly/Mini_Creamy_C6.wav	642880	44100	24	1	4.828
Mini From Mars/WAV/Creamy Poly/Mini_Creamy_C7.wav	645655	44100	24	1	4.849
Mini From Mars/WAV/Creamy Poly/Mini_Creamy_D#0.wav	650872	44100	24	1	4.889
Mini From Mars/WAV/Creamy Poly/Mini_Creamy_D#1.wav	675760	44100	24	1	5.077
Mini From Mars/WAV/Creamy Poly/Mini_Creamy_D#2.wav	655561	44100	24	1	4.924
Mini From Mars/WAV/Creamy Poly/Mini_Creamy_D#3.wav	645844	44100	24	1	4.851
Mini From Mars/WAV/Creamy Poly/Mini_Creamy_D#4.wav	660064	44100	24	1	4.958
Mini From Mars/WAV/Creamy Poly/Mini_Creamy_D#5.wav	665491	44100	24	1	4.999
Mini From Mars/WAV/Creamy Poly/Mini_Creamy_D#6.wav	664924	44100	24	1	4.995
Mini From Mars/WAV/Creamy Poly/Mini_Creamy_D0.wav	643381	44100	24	1	4.832
Mini From Mars/WAV/Creamy Poly/Mini_Creamy_D1.wav	651166	44100	24	1	4.891
Mini From Mars/WAV/Creamy Poly/Mini_Creamy_D2.wav	641647	44100	24	1	4.819
Mini From Mars/WAV/Creamy Poly/Mini_Creamy_D3.wav	650569	44100	24	1	4.886
Mini From Mars/WAV/Creamy Poly/Mini_Creamy_D4.wav	649267	44100	24	1	4.877
Mini From Mars/WAV/Creamy Poly/Mini_Creamy_D5.wav	643519	44100	24	1	4.833
Mini From Mars/WAV/Creamy Poly/Mini_Creamy_D6.wav	641128	44100	24	1	4.815
Mini From Mars/WAV/Creamy Poly/Mini_Creamy_E0.wav	638797	44100	24	1	4.797
Mini From Mars/WAV/Creamy Poly/Mini_Creamy_E1.wav	650566	44100	24	1	4.886
Mini From Mars/WAV/Creamy Poly/Mini_Creamy_E2.wav	639808	44100	24	1	4.805
Mini From Mars/WAV/Creamy Poly/Mini_Creamy_E3.wav	642088	44100	24	1	4.822
Mini From Mars/WAV/Creamy Poly/Mini_Creamy_E4.wav	650005	44100	24	1	4.882
Mini From Mars/WAV/Creamy Poly/Mini_Creamy_E5.wav	652381	44100	24	1	4.9
Mini From Mars/WAV/Creamy Poly/Mini_Creamy_E6.wav	642403	44100	24	1	4.825
Mini From Mars/WAV/Creamy Poly/Mini_Creamy_F#0.wav	638374	44100	24	1	4.794
Mini From Mars/WAV/Creamy Poly/Mini_Creamy_F#1.wav	652792	44100	24	1	4.903
Mini From Mars/WAV/Creamy Poly/Mini_Creamy_F#2.wav	637609	44100	24	1	4.788
Mini From Mars/WAV/Creamy Poly/Mini_Creamy_F#3.wav	644086	44100	24	1	4.837
Mini From Mars/WAV/Creamy Poly/Mini_Creamy_F#4.wav	648904	44100	24	1	4.874
Mini From Mars/WAV/Creamy Poly/Mini_Creamy_F#5.wav	643096	44100	24	1	4.83
Mini From Mars/WAV/Creamy Poly/Mini_Creamy_F#6.wav	631582	44100	24	1	4.743
Mini From Mars/WAV/Creamy Poly/Mini_Creamy_F0.wav	649738	44100	24	1	4.88
Mini From Mars/WAV/Creamy Poly/Mini_Creamy_F1.wav	657112	44100	24	1	4.936
Mini From Mars/WAV/Creamy Poly/Mini_Creamy_F2.wav	649894	44100	24	1	4.881
Mini From Mars/WAV/Creamy Poly/Mini_Creamy_F3.wav	651010	44100	24	1	4.89
Mini From Mars/WAV/Creamy Poly/Mini_Creamy_F4.wav	656593	44100	24	1	4.932
Mini From Mars/WAV/Creamy Poly/Mini_Creamy_F5.wav	665404	44100	24	1	4.999
Mini From Mars/WAV/Creamy Poly/Mini_Creamy_F6.wav	655120	44100	24	1	4.921
Mini From Mars/WAV/Creamy Poly/Mini_Creamy_G#0.wav	627943	44100	24	1	4.715
Mini From Mars/WAV/Creamy Poly/Mini_Creamy_G#1.wav	635119	44100	24	1	4.77
Mini From Mars/WAV/Creamy Poly/Mini_Creamy_G#2.wav	639085	44100	24	1	4.8
Mini From Mars/WAV/Creamy Poly/Mini_Creamy_G#3.wav	633340	44100	24	1	4.756
Mini From Mars/WAV/Creamy Poly/Mini_Creamy_G#4.wav	645994	44100	24	1	4.852
Mini From Mars/WAV/Creamy Poly/Mini_Creamy_G#5.wav	646090	44100	24	1	4.853
Mini From Mars/WAV/Creamy Poly/Mini_Creamy_G#6.wav	649555	44100	24	1	4.879
Mini From Mars/WAV/Creamy Poly/Mini_Creamy_G0.wav	637900	44100	24	1	4.791
Mini From Mars/WAV/Creamy Poly/Mini_Creamy_G1.wav	664501	44100	24	1	4.992
Mini From Mars/WAV/Creamy Poly/Mini_Creamy_G2.wav	670099	44100	24	1	5.034
Mini From Mars/WAV/Creamy Poly/Mini_Creamy_G3.wav	644752	44100	24	1	4.842
Mini From Mars/WAV/Creamy Poly/Mini_Creamy_G4.wav	659806	44100	24	1	4.956
Mini From Mars/WAV/Creamy Poly/Mini_Creamy_G5.wav	660049	44100	24	1	4.958
Mini From Mars/WAV/Creamy Poly/Mini_Creamy_G6.wav	672799	44100	24	1	5.054
Mini From Mars/WAV/Dippin Rez Octave/Mini_DippinRez_A#0.wav	977977	44100	24	1	7.361
Mini From Mars/WAV/Dippin Rez Octave/Mini_DippinRez_A#1.wav	979498	44100	24	1	7.373
Mini From Mars/WAV/Dippin Rez Octave/Mini_DippinRez_A#2.wav	977200	44100	24	1	7.355
Mini From Mars/WAV/Dippin Rez Octave/Mini_DippinRez_A#3.wav	982579	44100	24	1	7.396
Mini From Mars/WAV/Dippin Rez Octave/Mini_DippinRez_A#4.wav	1003303	44100	24	1	7.553
Mini From Mars/WAV/Dippin Rez Octave/Mini_DippinRez_A#5.wav	996976	44100	24	1	7.505
Mini From Mars/WAV/Dippin Rez Octave/Mini_DippinRez_A#6.wav	973219	44100	24	1	7.325
Mini From Mars/WAV/Dippin Rez Octave/Mini_DippinRez_A#7.wav	956917	44100	24	1	7.202
Mini From Mars/WAV/Dippin Rez Octave/Mini_DippinRez_A0.wav	980287	44100	24	1	7.379
Mini From Mars/WAV/Dippin Rez Octave/Mini_DippinRez_A1.wav	951934	44100	24	1	7.164
Mini From Mars/WAV/Dippin Rez Octave/Mini_DippinRez_A2.wav	978529	44100	24	1	7.365
Mini From Mars/WAV/Dippin Rez Octave/Mini_DippinRez_A3.wav	954889	44100	24	1	7.187
Mini From Mars/WAV/Dippin Rez Octave/Mini_DippinRez_A4.wav	952093	44100	24	1	7.166
Mini From Mars/WAV/Dippin Rez Octave/Mini_DippinRez_A5.wav	949960	44100	24	1	7.149
Mini From Mars/WAV/Dippin Rez Octave/Mini_DippinRez_A6.wav	945733	44100	24	1	7.117
Mini From Mars/WAV/Dippin Rez Octave/Mini_DippinRez_A7.wav	937771	44100	24	1	7.057
Mini From Mars/WAV/Dippin Rez Octave/Mini_DippinRez_B0.wav	954679	44100	24	1	7.185
Mini From Mars/WAV/Dippin Rez Octave/Mini_DippinRez_B1.wav	957661	44100	24	1	7.208
Mini From Mars/WAV/Dippin Rez Octave/Mini_DippinRez_B2.wav	961645	44100	24	1	7.238
Mini From Mars/WAV/Dippin Rez Octave/Mini_DippinRez_B3.wav	961105	44100	24	1	7.234
Mini From Mars/WAV/Dippin Rez Octave/Mini_DippinRez_B4.wav	957127	44100	24	1	7.204
Mini From Mars/WAV/Dippin Rez Octave/Mini_DippinRez_B5.wav	980662	44100	24	1	7.381
Mini From Mars/WAV/Dippin Rez Octave/Mini_DippinRez_B6.wav	947254	44100	24	1	7.129
Mini From Mars/WAV/Dippin Rez Octave/Mini_DippinRez_B7.wav	967822	44100	24	1	7.284
Mini From Mars/WAV/Dippin Rez Octave/Mini_DippinRez_C#0.wav	950632	44100	24	1	7.154
Mini From Mars/WAV/Dippin Rez Octave/Mini_DippinRez_C#1.wav	952381	44100	24	1	7.168
Mini From Mars/WAV/Dippin Rez Octave/Mini_DippinRez_C#2.wav	955120	44100	24	1	7.188
Mini From Mars/WAV/Dippin Rez Octave/Mini_DippinRez_C#3.wav	978325	44100	24	1	7.364
Mini From Mars/WAV/Dippin Rez Octave/Mini_DippinRez_C#4.wav	955762	44100	24	1	7.193
Mini From Mars/WAV/Dippin Rez Octave/Mini_DippinRez_C#5.wav	953818	44100	24	1	7.179
Mini From Mars/WAV/Dippin Rez Octave/Mini_DippinRez_C#6.wav	949201	44100	24	1	7.144
Mini From Mars/WAV/Dippin Rez Octave/Mini_DippinRez_C#7.wav	943759	44100	24	1	7.103
Mini From Mars/WAV/Dippin Rez Octave/Mini_DippinRez_C0.wav	973798	44100	24	1	7.33
Mini From Mars/WAV/Dippin Rez Octave/Mini_DippinRez_C1.wav	973042	44100	24	1	7.324
Mini From Mars/WAV/Dippin Rez Octave/Mini_DippinRez_C2.wav	972211	44100	24	1	7.318
Mini From Mars/WAV/Dippin Rez Octave/Mini_DippinRez_C3.wav	979123	44100	24	1	7.37
Mini From Mars/WAV/Dippin Rez Octave/Mini_DippinRez_C4.wav	976450	44100	24	1	7.35
Mini From Mars/WAV/Dippin Rez Octave/Mini_DippinRez_C5.wav	971662	44100	24	1	7.313
Mini From Mars/WAV/Dippin Rez Octave/Mini_DippinRez_C6.wav	991429	44100	24	1	7.463
Mini From Mars/WAV/Dippin Rez Octave/Mini_DippinRez_C7.wav	961090	44100	24	1	7.234
Mini From Mars/WAV/Dippin Rez Octave/Mini_DippinRez_C8.wav	949870	44100	24	1	7.149
Mini From Mars/WAV/Dippin Rez Octave/Mini_DippinRez_D#0.wav	981625	44100	24	1	7.389
Mini From Mars/WAV/Dippin Rez Octave/Mini_DippinRez_D#1.wav	958714	44100	24	1	7.216
Mini From Mars/WAV/Dippin Rez Octave/Mini_DippinRez_D#2.wav	957436	44100	24	1	7.206
Mini From Mars/WAV/Dippin Rez Octave/Mini_DippinRez_D#3.wav	958024	44100	24	1	7.21
Mini From Mars/WAV/Dippin Rez Octave/Mini_DippinRez_D#4.wav	957673	44100	24	1	7.208
Mini From Mars/WAV/Dippin Rez Octave/Mini_DippinRez_D#5.wav	956125	44100	24	1	7.196
Mini From Mars/WAV/Dippin Rez Octave/Mini_DippinRez_D#6.wav	954193	44100	24	1	7.181
Mini From Mars/WAV/Dippin Rez Octave/Mini_DippinRez_D#7.wav	972586	44100	24	1	7.32
Mini From Mars/WAV/Dippin Rez Octave/Mini_DippinRez_D0.wav	978070	44100	24	1	7.362
Mini From Mars/WAV/Dippin Rez Octave/Mini_DippinRez_D1.wav	978757	44100	24	1	7.367
Mini From Mars/WAV/Dippin Rez Octave/Mini_DippinRez_D2.wav	981127	44100	24	1	7.385
Mini From Mars/WAV/Dippin Rez Octave/Mini_DippinRez_D3.wav	979231	44100	24	1	7.371
Mini From Mars/WAV/Dippin Rez Octave/Mini_DippinRez_D4.wav	1002934	44100	24	1	7.55
Mini From Mars/WAV/Dippin Rez Octave/Mini_DippinRez_D5.wav	978565	44100	24	1	7.366
Mini From Mars/WAV/Dippin Rez Octave/Mini_DippinRez_D6.wav	969748	44100	24	1	7.299
Mini From Mars/WAV/Dippin Rez Octave/Mini_DippinRez_D7.wav	963421	44100	24	1	7.251
Mini From Mars/WAV/Dippin Rez Octave/Mini_DippinRez_E0.wav	972583	44100	24	1	7.32
Mini From Mars/WAV/Dippin Rez Octave/Mini_DippinRez_E1.wav	971827	44100	24	1	7.315
Mini From Mars/WAV/Dippin Rez Octave/Mini_DippinRez_E2.wav	972805	44100	24	1	7.322
Mini From Mars/WAV/Dippin Rez Octave/Mini_DippinRez_E3.wav	998389	44100	24	1	7.515
Mini From Mars/WAV/Dippin Rez Octave/Mini_DippinRez_E4.wav	973756	44100	24	1	7.329
Mini From Mars/WAV/Dippin Rez Octave/Mini_DippinRez_E5.wav	974350	44100	24	1	7.334
Mini From Mars/WAV/Dippin Rez Octave/Mini_DippinRez_E6.wav	989278	44100	24	1	7.447
Mini From Mars/WAV/Dippin Rez Octave/Mini_DippinRez_E7.wav	958984	44100	24	1	7.218
Mini From Mars/WAV/Dippin Rez Octave/Mini_DippinRez_F#0.wav	982024	44100	24	1	7.392
Mini From Mars/WAV/Dippin Rez Octave/Mini_DippinRez_F#1.wav	975841	44100	24	1	7.345
Mini From Mars/WAV/Dippin Rez Octave/Mini_DippinRez_F#2.wav	977917	44100	24	1	7.361
Mini From Mars/WAV/Dippin Rez Octave/Mini_DippinRez_F#3.wav	981355	44100	24	1	7.387
Mini From Mars/WAV/Dippin Rez Octave/Mini_DippinRez_F#4.wav	980398	44100	24	1	7.379
Mini From Mars/WAV/Dippin Rez Octave/Mini_DippinRez_F#5.wav	976087	44100	24	1	7.347
Mini From Mars/WAV/Dippin Rez Octave/Mini_DippinRez_F#6.wav	971836	44100	24	1	7.315
Mini From Mars/WAV/Dippin Rez Octave/Mini_DippinRez_F#7.wav	959572	44100	24	1	7.222
Mini From Mars/WAV/Dippin Rez Octave/Mini_DippinRez_F0.wav	954532	44100	24	1	7.184
Mini From Mars/WAV/Dippin Rez Octave/Mini_DippinRez_F1.wav	951340	44100	24	1	7.16
Mini From Mars/WAV/Dippin Rez Octave/Mini_DippinRez_F2.wav	953677	44100	24	1	7.177
Mini From Mars/WAV/Dippin Rez Octave/Mini_DippinRez_F3.wav	955693	44100	24	1	7.193
Mini From Mars/WAV/Dippin Rez Octave/Mini_DippinRez_F4.wav	956656	44100	24	1	7.2
Mini From Mars/WAV/Dippin Rez Octave/Mini_DippinRez_F5.wav	977947	44100	24	1	7.361
Mini From Mars/WAV/Dippin Rez Octave/Mini_DippinRez_F6.wav	946177	44100	24	1	7.121
Mini From Mars/WAV/Dippin Rez Octave/Mini_DippinRez_F7.wav	941011	44100	24	1	7.082
Mini From Mars/WAV/Dippin Rez Octave/Mini_DippinRez_G#0.wav	995908	44100	24	1	7.497
Mini From Mars/WAV/Dippin Rez Octave/Mini_DippinRez_G#1.wav	969466	44100	24	1	7.297
Mini From Mars/WAV/Dippin Rez Octave/Mini_DippinRez_G#2.wav	974671	44100	24	1	7.336
Mini From Mars/WAV/Dippin Rez Octave/Mini_DippinRez_G#3.wav	975502	44100	24	1	7.342
Mini From Mars/WAV/Dippin Rez Octave/Mini_DippinRez_G#4.wav	973039	44100	24	1	7.324
Mini From Mars/WAV/Dippin Rez Octave/Mini_DippinRez_G#5.wav	969190	44100	24	1	7.295
Mini From Mars/WAV/Dippin Rez Octave/Mini_DippinRez_G#6.wav	964204	44100	24	1	7.257
Mini From Mars/WAV/Dippin Rez Octave/Mini_DippinRez_G#7.wav	955135	44100	24	1	7.189
Mini From Mars/WAV/Dippin Rez Octave/Mini_DippinRez_G0.wav	956716	44100	24	1	7.2
Mini From Mars/WAV/Dippin Rez Octave/Mini_DippinRez_G1.wav	955504	44100	24	1	7.191
Mini From Mars/WAV/Dippin Rez Octave/Mini_DippinRez_G2.wav	956869	44100	24	1	7.202
Mini From Mars/WAV/Dippin Rez Octave/Mini_DippinRez_G3.wav	959332	44100	24	1	7.22
Mini From Mars/WAV/Dippin Rez Octave/Mini_DippinRez_G4.wav	959569	44100	24	1	7.222
Mini From Mars/WAV/Dippin Rez Octave/Mini_DippinRez_G5.wav	955342	44100	24	1	7.19
Mini From Mars/WAV/Dippin Rez Octave/Mini_DippinRez_G6.wav	949429	44100	24	1	7.145
Mini From Mars/WAV/Dippin Rez Octave/Mini_DippinRez_G7.wav	944554	44100	24	1	7.109
Mini From Mars/WAV/Dystopia Bass/Mini_DystopiaBass_A#0.wav	584971	44100	24	1	4.391
Mini From Mars/WAV/Dystopia Bass/Mini_DystopiaBass_A#1.wav	587746	44100	24	1	4.412
Mini From Mars/WAV/Dystopia Bass/Mini_DystopiaBass_A#2.wav	591220	44100	24	1	4.438
Mini From Mars/WAV/Dystopia Bass/Mini_DystopiaBass_A#3.wav	589711	44100	24	1	4.426
Mini From Mars/WAV/Dystopia Bass/Mini_DystopiaBass_A#4.wav	577459	44100	24	1	4.334
Mini From Mars/WAV/Dystopia Bass/Mini_DystopiaBass_A#5.wav	579130	44100	24	1	4.346
Mini From Mars/WAV/Dystopia Bass/Mini_DystopiaBass_A#6.wav	578887	44100	24	1	4.345
Mini From Mars/WAV/Dystopia Bass/Mini_DystopiaBass_A#7.wav	579754	44100	24	1	4.351
Mini From Mars/WAV/Dystopia Bass/Mini_DystopiaBass_A0.wav	590737	44100	24	1	4.434
Mini From Mars/WAV/Dystopia Bass/Mini_DystopiaBass_A1.wav	601411	44100	24	1	4.515
Mini From Mars/WAV/Dystopia Bass/Mini_DystopiaBass_A2.wav	584638	44100	24	1	4.388
Mini From Mars/WAV/Dystopia Bass/Mini_DystopiaBass_A3.wav	589249	44100	24	1	4.423
Mini From Mars/WAV/Dystopia Bass/Mini_DystopiaBass_A4.wav	580441	44100	24	1	4.356
Mini From Mars/WAV/Dystopia Bass/Mini_DystopiaBass_A5.wav	579976	44100	24	1	4.353
Mini From Mars/WAV/Dystopia Bass/Mini_DystopiaBass_A6.wav	579328	44100	24	1	4.348
Mini From Mars/WAV/Dystopia Bass/Mini_DystopiaBass_A7.wav	578764	44100	24	1	4.344
Mini From Mars/WAV/Dystopia Bass/Mini_DystopiaBass_B0.wav	594349	44100	24	1	4.461
Mini From Mars/WAV/Dystopia Bass/Mini_DystopiaBass_B1.wav	596929	44100	24	1	4.481
Mini From Mars/WAV/Dystopia Bass/Mini_DystopiaBass_B2.wav	596914	44100	24	1	4.481
Mini From Mars/WAV/Dystopia Bass/Mini_DystopiaBass_B3.wav	583141	44100	24	1	4.377
Mini From Mars/WAV/Dystopia Bass/Mini_DystopiaBass_B4.wav	578989	44100	24	1	4.345
Mini From Mars/WAV/Dystopia Bass/Mini_DystopiaBass_B5.wav	580036	44100	24	1	4.353
Mini From Mars/WAV/Dystopia Bass/Mini_DystopiaBass_B6.wav	580513	44100	24	1	4.357
Mini From Mars/WAV/Dystopia Bass/Mini_DystopiaBass_B7.wav	578521	44100	24	1	4.342
Mini From Mars/WAV/Dystopia Bass/Mini_DystopiaBass_C#0.wav	583315	44100	24	1	4.378
Mini From Mars/WAV/Dystopia Bass/Mini_DystopiaBass_C#1.wav	595336	44100	24	1	4.469
Mini From Mars/WAV/Dystopia Bass/Mini_DystopiaBass_C#2.wav	582514	44100	24	1	4.372
Mini From Mars/WAV/Dystopia Bass/Mini_DystopiaBass_C#3.wav	590929	44100	24	1	4.436
Mini From Mars/WAV/Dystopia Bass/Mini_DystopiaBass_C#4.wav	592843	44100	24	1	4.45
Mini From Mars/WAV/Dystopia Bass/Mini_DystopiaBass_C#5.wav	579514	44100	24	1	4.349
Mini From Mars/WAV/Dystopia Bass/Mini_DystopiaBass_C#6.wav	576049	44100	24	1	4.323
Mini From Mars/WAV/Dystopia Bass/Mini_DystopiaBass_C#7.wav	578428	44100	24	1	4.341
Mini From Mars/WAV/Dystopia Bass/Mini_DystopiaBass_C0.wav	588118	44100	24	1	4.414
Mini From Mars/WAV/Dystopia Bass/Mini_DystopiaBass_C1.wav	584413	44100	24	1	4.386
Mini From Mars/WAV/Dystopia Bass/Mini_DystopiaBass_C2.wav	587227	44100	24	1	4.408
Mini From Mars/WAV/Dystopia Bass/Mini_DystopiaBass_C3.wav	584326	44100	24	1	4.386
Mini From Mars/WAV/Dystopia Bass/Mini_DystopiaBass_C4.wav	590119	44100	24	1	4.43
Mini From Mars/WAV/Dystopia Bass/Mini_DystopiaBass_C5.wav	581567	44100	24	1	4.353
Mini From Mars/WAV/Dystopia Bass/Mini_DystopiaBass_C6.wav	579952	44100	24	1	4.353
Mini From Mars/WAV/Dystopia Bass/Mini_DystopiaBass_C7.wav	576757	44100	24	1	4.329
Mini From Mars/WAV/Dystopia Bass/Mini_DystopiaBass_C8.wav	579532	44100	24	1	4.349
Mini From Mars/WAV/Dystopia Bass/Mini_DystopiaBass_D#0.wav	584797	44100	24	1	4.389
Mini From Mars/WAV/Dystopia Bass/Mini_DystopiaBass_D#1.wav	588652	44100	24	1	4.418
Mini From Mars/WAV/Dystopia Bass/Mini_DystopiaBass_D#2.wav	593527	44100	24	1	4.455
Mini From Mars/WAV/Dystopia Bass/Mini_DystopiaBass_D#3.wav	593827	44100	24	1	4.458
Mini From Mars/WAV/Dystopia Bass/Mini_DystopiaBass_D#4.wav	583141	44100	24	1	4.377
Mini From Mars/WAV/Dystopia Bass/Mini_DystopiaBass_D#5.wav	579163	44100	24	1	4.347
Mini From Mars/WAV/Dystopia Bass/Mini_DystopiaBass_D#6.wav	579973	44100	24	1	4.353
Mini From Mars/WAV/Dystopia Bass/Mini_DystopiaBass_D#7.wav	578107	44100	24	1	4.339
Mini From Mars/WAV/Dystopia Bass/Mini_DystopiaBass_D0.wav	593584	44100	24	1	4.456
Mini From Mars/WAV/Dystopia Bass/Mini_DystopiaBass_D1.wav	586528	44100	24	1	4.402
Mini From Mars/WAV/Dystopia Bass/Mini_DystopiaBass_D2.wav	583525	44100	24	1	4.38
Mini From Mars/WAV/Dystopia Bass/Mini_DystopiaBass_D3.wav	590059	44100	24	1	4.429
Mini From Mars/WAV/Dystopia Bass/Mini_DystopiaBass_D4.wav	576055	44100	24	1	4.323
Mini From Mars/WAV/Dystopia Bass/Mini_DystopiaBass_D5.wav	578596	44100	24	1	4.342
Mini From Mars/WAV/Dystopia Bass/Mini_DystopiaBass_D6.wav	577252	44100	24	1	4.332
Mini From Mars/WAV/Dystopia Bass/Mini_DystopiaBass_D7.wav	579064	44100	24	1	4.346
Mini From Mars/WAV/Dystopia Bass/Mini_DystopiaBass_E0.wav	589984	44100	24	1	4.428
Mini From Mars/WAV/Dystopia Bass/Mini_DystopiaBass_E1.wav	594679	44100	24	1	4.464
Mini From Mars/WAV/Dystopia Bass/Mini_DystopiaBass_E2.wav	586849	44100	24	1	4.405
Mini From Mars/WAV/Dystopia Bass/Mini_DystopiaBass_E3.wav	582286	44100	24	1	4.37
Mini From Mars/WAV/Dystopia Bass/Mini_DystopiaBass_E4.wav	579364	44100	24	1	4.348
Mini From Mars/WAV/Dystopia Bass/Mini_DystopiaBass_E5.wav	578794	44100	24	1	4.344
Mini From Mars/WAV/Dystopia Bass/Mini_DystopiaBass_E6.wav	580585	44100	24	1	4.357
Mini From Mars/WAV/Dystopia Bass/Mini_DystopiaBass_E7.wav	580558	44100	24	1	4.357
Mini From Mars/WAV/Dystopia Bass/Mini_DystopiaBass_F#0.wav	593335	44100	24	1	4.454
Mini From Mars/WAV/Dystopia Bass/Mini_DystopiaBass_F#1.wav	589698	44100	24	1	4.415
Mini From Mars/WAV/Dystopia Bass/Mini_DystopiaBass_F#2.wav	597013	44100	24	1	4.482
Mini From Mars/WAV/Dystopia Bass/Mini_DystopiaBass_F#3.wav	588715	44100	24	1	4.419
Mini From Mars/WAV/Dystopia Bass/Mini_DystopiaBass_F#4.wav	587626	44100	24	1	4.411
Mini From Mars/WAV/Dystopia Bass/Mini_DystopiaBass_F#5.wav	580558	44100	24	1	4.357
Mini From Mars/WAV/Dystopia Bass/Mini_DystopiaBass_F#6.wav	578503	44100	24	1	4.342
Mini From Mars/WAV/Dystopia Bass/Mini_DystopiaBass_F#7.wav	579862	44100	24	1	4.352
Mini From Mars/WAV/Dystopia Bass/Mini_DystopiaBass_F0.wav	580540	44100	24	1	4.357
Mini From Mars/WAV/Dystopia Bass/Mini_DystopiaBass_F1.wav	593257	44100	24	1	4.453
Mini From Mars/WAV/Dystopia Bass/Mini_DystopiaBass_F2.wav	590095	44100	24	1	4.429
Mini From Mars/WAV/Dystopia Bass/Mini_DystopiaBass_F3.wav	585685	44100	24	1	4.396
Mini From Mars/WAV/Dystopia Bass/Mini_DystopiaBass_F4.wav	586933	44100	24	1	4.405
Mini From Mars/WAV/Dystopia Bass/Mini_DystopiaBass_F5.wav	580657	44100	24	1	4.358
Mini From Mars/WAV/Dystopia Bass/Mini_DystopiaBass_F6.wav	580549	44100	24	1	4.357
Mini From Mars/WAV/Dystopia Bass/Mini_DystopiaBass_F7.wav	581095	44100	24	1	4.361
Mini From Mars/WAV/Dystopia Bass/Mini_DystopiaBass_G#0.wav	591687	44100	24	1	4.43
Mini From Mars/WAV/Dystopia Bass/Mini_DystopiaBass_G#1.wav	596851	44100	24	1	4.48
Mini From Mars/WAV/Dystopia Bass/Mini_DystopiaBass_G#2.wav	588526	44100	24	1	4.417
Mini From Mars/WAV/Dystopia Bass/Mini_DystopiaBass_G#3.wav	594448	44100	24	1	4.462
Mini From Mars/WAV/Dystopia Bass/Mini_DystopiaBass_G#4.wav	582301	44100	24	1	4.37
Mini From Mars/WAV/Dystopia Bass/Mini_DystopiaBass_G#5.wav	579418	44100	24	1	4.349
Mini From Mars/WAV/Dystopia Bass/Mini_DystopiaBass_G#6.wav	578959	44100	24	1	4.345
Mini From Mars/WAV/Dystopia Bass/Mini_DystopiaBass_G#7.wav	577225	44100	24	1	4.332
Mini From Mars/WAV/Dystopia Bass/Mini_DystopiaBass_G0.wav	592525	44100	24	1	4.448
Mini From Mars/WAV/Dystopia Bass/Mini_DystopiaBass_G1.wav	586537	44100	24	1	4.402
Mini From Mars/WAV/Dystopia Bass/Mini_DystopiaBass_G2.wav	582220	44100	24	1	4.37
Mini From Mars/WAV/Dystopia Bass/Mini_DystopiaBass_G3.wav	589192	44100	24	1	4.422
Mini From Mars/WAV/Dystopia Bass/Mini_DystopiaBass_G4.wav	584905	44100	24	1	4.39
Mini From Mars/WAV/Dystopia Bass/Mini_DystopiaBass_G5.wav	578692	44100	24	1	4.343
Mini From Mars/WAV/Dystopia Bass/Mini_DystopiaBass_G6.wav	580246	44100	24	1	4.355
Mini From Mars/WAV/Dystopia Bass/Mini_DystopiaBass_G7.wav	580138	44100	24	1	4.354
Mini From Mars/WAV/Easy Wave/Mini_EasyWave_A#-1.wav	550216	44100	24	1	4.128
Mini From Mars/WAV/Easy Wave/Mini_EasyWave_A#0.wav	548776	44100	24	1	4.117
Mini From Mars/WAV/Easy Wave/Mini_EasyWave_A#1.wav	545452	44100	24	1	4.092
Mini From Mars/WAV/Easy Wave/Mini_EasyWave_A#2.wav	541624	44100	24	1	4.063
Mini From Mars/WAV/Easy Wave/Mini_EasyWave_A#3.wav	541579	44100	24	1	4.063
Mini From Mars/WAV/Easy Wave/Mini_EasyWave_A#4.wav	546079	44100	24	1	4.097
Mini From Mars/WAV/Easy Wave/Mini_EasyWave_A#5.wav	542071	44100	24	1	4.066
Mini From Mars/WAV/Easy Wave/Mini_EasyWave_A#6.wav	543385	44100	24	1	4.076
Mini From Mars/WAV/Easy Wave/Mini_EasyWave_A#7.wav	541867	44100	24	1	4.065
Mini From Mars/WAV/Easy Wave/Mini_EasyWave_A-1.wav	551158	44100	24	1	4.135
Mini From Mars/WAV/Easy Wave/Mini_EasyWave_A0.wav	545404	44100	24	1	4.092
Mini From Mars/WAV/Easy Wave/Mini_EasyWave_A1.wav	542197	44100	24	1	4.067
Mini From Mars/WAV/Easy Wave/Mini_EasyWave_A2.wav	542845	44100	24	1	4.072
Mini From Mars/WAV/Easy Wave/Mini_EasyWave_A3.wav	542356	44100	24	1	4.068
Mini From Mars/WAV/Easy Wave/Mini_EasyWave_A4.wav	541729	44100	24	1	4.064
Mini From Mars/WAV/Easy Wave/Mini_EasyWave_A5.wav	541504	44100	24	1	4.062
Mini From Mars/WAV/Easy Wave/Mini_EasyWave_A6.wav	540640	44100	24	1	4.056
Mini From Mars/WAV/Easy Wave/Mini_EasyWave_A7.wav	540886	44100	24	1	4.057
Mini From Mars/WAV/Easy Wave/Mini_EasyWave_B-1.wav	550675	44100	24	1	4.131
Mini From Mars/WAV/Easy Wave/Mini_EasyWave_B0.wav	548365	44100	24	1	4.114
Mini From Mars/WAV/Easy Wave/Mini_EasyWave_B1.wav	545689	44100	24	1	4.094
Mini From Mars/WAV/Easy Wave/Mini_EasyWave_B2.wav	544753	44100	24	1	4.087
Mini From Mars/WAV/Easy Wave/Mini_EasyWave_B3.wav	542269	44100	24	1	4.068
Mini From Mars/WAV/Easy Wave/Mini_EasyWave_B4.wav	544006	44100	24	1	4.081
Mini From Mars/WAV/Easy Wave/Mini_EasyWave_B5.wav	545065	44100	24	1	4.089
Mini From Mars/WAV/Easy Wave/Mini_EasyWave_B6.wav	541633	44100	24	1	4.063
Mini From Mars/WAV/Easy Wave/Mini_EasyWave_B7.wav	540766	44100	24	1	4.056
Mini From Mars/WAV/Easy Wave/Mini_EasyWave_C#-1.wav	544582	44100	24	1	4.085
Mini From Mars/WAV/Easy Wave/Mini_EasyWave_C#0.wav	554404	44100	24	1	4.16
Mini From Mars/WAV/Easy Wave/Mini_EasyWave_C#1.wav	544882	44100	24	1	4.088
Mini From Mars/WAV/Easy Wave/Mini_EasyWave_C#2.wav	544954	44100	24	1	4.088
Mini From Mars/WAV/Easy Wave/Mini_EasyWave_C#3.wav	545275	44100	24	1	4.091
Mini From Mars/WAV/Easy Wave/Mini_EasyWave_C#4.wav	545167	44100	24	1	4.09
Mini From Mars/WAV/Easy Wave/Mini_EasyWave_C#5.wav	543214	44100	24	1	4.075
Mini From Mars/WAV/Easy Wave/Mini_EasyWave_C#6.wav	541729	44100	24	1	4.064
Mini From Mars/WAV/Easy Wave/Mini_EasyWave_C#7.wav	544009	44100	24	1	4.081
Mini From Mars/WAV/Easy Wave/Mini_EasyWave_C-1.wav	551266	44100	24	1	4.136
Mini From Mars/WAV/Easy Wave/Mini_EasyWave_C0.wav	554746	44100	24	1	4.162
Mini From Mars/WAV/Easy Wave/Mini_EasyWave_C1.wav	546727	44100	24	1	4.102
Mini From Mars/WAV/Easy Wave/Mini_EasyWave_C2.wav	545776	44100	24	1	4.094
Mini From Mars/WAV/Easy Wave/Mini_EasyWave_C3.wav	546109	44100	24	1	4.097
Mini From Mars/WAV/Easy Wave/Mini_EasyWave_C4.wav	544255	44100	24	1	4.083
Mini From Mars/WAV/Easy Wave/Mini_EasyWave_C5.wav	541432	44100	24	1	4.061
Mini From Mars/WAV/Easy Wave/Mini_EasyWave_C6.wav	542836	44100	24	1	4.072
Mini From Mars/WAV/Easy Wave/Mini_EasyWave_C7.wav	545206	44100	24	1	4.09
Mini From Mars/WAV/Easy Wave/Mini_EasyWave_C8.wav	544474	44100	24	1	4.084
Mini From Mars/WAV/Easy Wave/Mini_EasyWave_D#-1.wav	551899	44100	24	1	4.141
Mini From Mars/WAV/Easy Wave/Mini_EasyWave_D#0.wav	552493	44100	24	1	4.145
Mini From Mars/WAV/Easy Wave/Mini_EasyWave_D#1.wav	542086	44100	24	1	4.066
Mini From Mars/WAV/Easy Wave/Mini_EasyWave_D#2.wav	546187	44100	24	1	4.097
Mini From Mars/WAV/Easy Wave/Mini_EasyWave_D#3.wav	540844	44100	24	1	4.057
Mini From Mars/WAV/Easy Wave/Mini_EasyWave_D#4.wav	544516	44100	24	1	4.085
Mini From Mars/WAV/Easy Wave/Mini_EasyWave_D#5.wav	541573	44100	24	1	4.063
Mini From Mars/WAV/Easy Wave/Mini_EasyWave_D#6.wav	544399	44100	24	1	4.084
Mini From Mars/WAV/Easy Wave/Mini_EasyWave_D#7.wav	542113	44100	24	1	4.067
Mini From Mars/WAV/Easy Wave/Mini_EasyWave_D-1.wav	546505	44100	24	1	4.1
Mini From Mars/WAV/Easy Wave/Mini_EasyWave_D0.wav	552559	44100	24	1	4.146
Mini From Mars/WAV/Easy Wave/Mini_EasyWave_D1.wav	544369	44100	24	1	4.084
Mini From Mars/WAV/Easy Wave/Mini_EasyWave_D2.wav	544750	44100	24	1	4.087
Mini From Mars/WAV/Easy Wave/Mini_EasyWave_D3.wav	545530	44100	24	1	4.092
Mini From Mars/WAV/Easy Wave/Mini_EasyWave_D4.wav	545422	44100	24	1	4.092
Mini From Mars/WAV/Easy Wave/Mini_EasyWave_D5.wav	541756	44100	24	1	4.064
Mini From Mars/WAV/Easy Wave/Mini_EasyWave_D6.wav	546100	44100	24	1	4.097
Mini From Mars/WAV/Easy Wave/Mini_EasyWave_D7.wav	542218	44100	24	1	4.067
Mini From Mars/WAV/Easy Wave/Mini_EasyWave_E-1.wav	547762	44100	24	1	4.109
Mini From Mars/WAV/Easy Wave/Mini_EasyWave_E0.wav	543328	44100	24	1	4.076
Mini From Mars/WAV/Easy Wave/Mini_EasyWave_E1.wav	545809	44100	24	1	4.095
Mini From Mars/WAV/Easy Wave/Mini_EasyWave_E2.wav	542911	44100	24	1	4.073
Mini From Mars/WAV/Easy Wave/Mini_EasyWave_E3.wav	545479	44100	24	1	4.092
Mini From Mars/WAV/Easy Wave/Mini_EasyWave_E4.wav	544570	44100	24	1	4.085
Mini From Mars/WAV/Easy Wave/Mini_EasyWave_E5.wav	544135	44100	24	1	4.082
Mini From Mars/WAV/Easy Wave/Mini_EasyWave_E6.wav	543445	44100	24	1	4.077
Mini From Mars/WAV/Easy Wave/Mini_EasyWave_E7.wav	544402	44100	24	1	4.084
Mini From Mars/WAV/Easy Wave/Mini_EasyWave_F#-1.wav	545416	44100	24	1	4.092
Mini From Mars/WAV/Easy Wave/Mini_EasyWave_F#0.wav	543208	44100	24	1	4.075
Mini From Mars/WAV/Easy Wave/Mini_EasyWave_F#1.wav	545236	44100	24	1	4.09
Mini From Mars/WAV/Easy Wave/Mini_EasyWave_F#2.wav	544384	44100	24	1	4.084
Mini From Mars/WAV/Easy Wave/Mini_EasyWave_F#3.wav	544735	44100	24	1	4.086
Mini From Mars/WAV/Easy Wave/Mini_EasyWave_F#4.wav	545722	44100	24	1	4.094
Mini From Mars/WAV/Easy Wave/Mini_EasyWave_F#5.wav	544507	44100	24	1	4.085
Mini From Mars/WAV/Easy Wave/Mini_EasyWave_F#6.wav	543655	44100	24	1	4.078
Mini From Mars/WAV/Easy Wave/Mini_EasyWave_F#7.wav	542437	44100	24	1	4.069
Mini From Mars/WAV/Easy Wave/Mini_EasyWave_F-1.wav	548038	44100	24	1	4.111
Mini From Mars/WAV/Easy Wave/Mini_EasyWave_F0.wav	547711	44100	24	1	4.109
Mini From Mars/WAV/Easy Wave/Mini_EasyWave_F1.wav	545410	44100	24	1	4.092
Mini From Mars/WAV/Easy Wave/Mini_EasyWave_F2.wav	545704	44100	24	1	4.094
Mini From Mars/WAV/Easy Wave/Mini_EasyWave_F3.wav	544042	44100	24	1	4.081
Mini From Mars/WAV/Easy Wave/Mini_EasyWave_F4.wav	544516	44100	24	1	4.085
Mini From Mars/WAV/Easy Wave/Mini_EasyWave_F5.wav	541384	44100	24	1	4.061
Mini From Mars/WAV/Easy Wave/Mini_EasyWave_F6.wav	542596	44100	24	1	4.07
Mini From Mars/WAV/Easy Wave/Mini_EasyWave_F7.wav	540487	44100	24	1	4.054
Mini From Mars/WAV/Easy Wave/Mini_EasyWave_G#-1.wav	549691	44100	24	1	4.124
Mini From Mars/WAV/Easy Wave/Mini_EasyWave_G#0.wav	546520	44100	24	1	4.1
Mini From Mars/WAV/Easy Wave/Mini_EasyWave_G#1.wav	545563	44100	24	1	4.093
Mini From Mars/WAV/Easy Wave/Mini_EasyWave_G#2.wav	544789	44100	24	1	4.087
Mini From Mars/WAV/Easy Wave/Mini_EasyWave_G#3.wav	544870	44100	24	1	4.087
Mini From Mars/WAV/Easy Wave/Mini_EasyWave_G#4.wav	544390	44100	24	1	4.084
Mini From Mars/WAV/Easy Wave/Mini_EasyWave_G#5.wav	540361	44100	24	1	4.053
Mini From Mars/WAV/Easy Wave/Mini_EasyWave_G#6.wav	545326	44100	24	1	4.091
Mini From Mars/WAV/Easy Wave/Mini_EasyWave_G#7.wav	542428	44100	24	1	4.069
Mini From Mars/WAV/Easy Wave/Mini_EasyWave_G-1.wav	549199	44100	24	1	4.12
Mini From Mars/WAV/Easy Wave/Mini_EasyWave_G0.wav	552508	44100	24	1	4.145
Mini From Mars/WAV/Easy Wave/Mini_EasyWave_G1.wav	544231	44100	24	1	4.083
Mini From Mars/WAV/Easy Wave/Mini_EasyWave_G2.wav	544744	44100	24	1	4.087
Mini From Mars/WAV/Easy Wave/Mini_EasyWave_G3.wav	545473	44100	24	1	4.092
Mini From Mars/WAV/Easy Wave/Mini_EasyWave_G4.wav	543439	44100	24	1	4.077
Mini From Mars/WAV/Easy Wave/Mini_EasyWave_G5.wav	546139	44100	24	1	4.097
Mini From Mars/WAV/Easy Wave/Mini_EasyWave_G6.wav	545782	44100	24	1	4.094
Mini From Mars/WAV/Easy Wave/Mini_EasyWave_G7.wav	543775	44100	24	1	4.079
Mini From Mars/WAV/Electricity Tear/Mini_ElectricityTear_A#0.wav	545692	44100	24	1	4.094
Mini From Mars/WAV/Electricity Tear/Mini_ElectricityTear_A#1.wav	538852	44100	24	1	4.042
Mini From Mars/WAV/Electricity Tear/Mini_ElectricityTear_A#2.wav	538708	44100	24	1	4.041
Mini From Mars/WAV/Electricity Tear/Mini_ElectricityTear_A#3.wav	538075	44100	24	1	4.036
Mini From Mars/WAV/Electricity Tear/Mini_ElectricityTear_A#4.wav	535678	44100	24	1	4.018
Mini From Mars/WAV/Electricity Tear/Mini_ElectricityTear_A#5.wav	534295	44100	24	1	4.008
Mini From Mars/WAV/Electricity Tear/Mini_ElectricityTear_A#6.wav	534427	44100	24	1	4.009
Mini From Mars/WAV/Electricity Tear/Mini_ElectricityTear_A#7.wav	535117	44100	24	1	4.014
Mini From Mars/WAV/Electricity Tear/Mini_ElectricityTear_A0.wav	542419	44100	24	1	4.069
Mini From Mars/WAV/Electricity Tear/Mini_ElectricityTear_A1.wav	539395	44100	24	1	4.046
Mini From Mars/WAV/Electricity Tear/Mini_ElectricityTear_A2.wav	538540	44100	24	1	4.04
Mini From Mars/WAV/Electricity Tear/Mini_ElectricityTear_A3.wav	536827	44100	24	1	4.027
Mini From Mars/WAV/Electricity Tear/Mini_ElectricityTear_A4.wav	536338	44100	24	1	4.023
Mini From Mars/WAV/Electricity Tear/Mini_ElectricityTear_A5.wav	535786	44100	24	1	4.019
Mini From Mars/WAV/Electricity Tear/Mini_ElectricityTear_A6.wav	535063	44100	24	1	4.013
Mini From Mars/WAV/Electricity Tear/Mini_ElectricityTear_A7.wav	534763	44100	24	1	4.011
Mini From Mars/WAV/Electricity Tear/Mini_ElectricityTear_B0.wav	540592	44100	24	1	4.055
Mini From Mars/WAV/Electricity Tear/Mini_ElectricityTear_B1.wav	539188	44100	24	1	4.045
Mini From Mars/WAV/Electricity Tear/Mini_ElectricityTear_B2.wav	539302	44100	24	1	4.045
Mini From Mars/WAV/Electricity Tear/Mini_ElectricityTear_B3.wav	536410	44100	24	1	4.024
Mini From Mars/WAV/Electricity Tear/Mini_ElectricityTear_B4.wav	535477	44100	24	1	4.016
Mini From Mars/WAV/Electricity Tear/Mini_ElectricityTear_B5.wav	534838	44100	24	1	4.012
Mini From Mars/WAV/Electricity Tear/Mini_ElectricityTear_B6.wav	534712	44100	24	1	4.011
Mini From Mars/WAV/Electricity Tear/Mini_ElectricityTear_B7.wav	534097	44100	24	1	4.006
Mini From Mars/WAV/Electricity Tear/Mini_ElectricityTear_C#0.wav	543148	44100	24	1	4.074
Mini From Mars/WAV/Electricity Tear/Mini_ElectricityTear_C#1.wav	541762	44100	24	1	4.064
Mini From Mars/WAV/Electricity Tear/Mini_ElectricityTear_C#2.wav	541180	44100	24	1	4.06
Mini From Mars/WAV/Electricity Tear/Mini_ElectricityTear_C#3.wav	538366	44100	24	1	4.038
Mini From Mars/WAV/Electricity Tear/Mini_ElectricityTear_C#4.wav	535216	44100	24	1	4.015
Mini From Mars/WAV/Electricity Tear/Mini_ElectricityTear_C#5.wav	535912	44100	24	1	4.02
Mini From Mars/WAV/Electricity Tear/Mini_ElectricityTear_C#6.wav	536725	44100	24	1	4.026
Mini From Mars/WAV/Electricity Tear/Mini_ElectricityTear_C#7.wav	535276	44100	24	1	4.015
Mini From Mars/WAV/Electricity Tear/Mini_ElectricityTear_C0.wav	542467	44100	24	1	4.069
Mini From Mars/WAV/Electricity Tear/Mini_ElectricityTear_C1.wav	544783	44100	24	1	4.087
Mini From Mars/WAV/Electricity Tear/Mini_ElectricityTear_C2.wav	538666	44100	24	1	4.041
Mini From Mars/WAV/Electricity Tear/Mini_ElectricityTear_C3.wav	536974	44100	24	1	4.028
Mini From Mars/WAV/Electricity Tear/Mini_ElectricityTear_C4.wav	538798	44100	24	1	4.042
Mini From Mars/WAV/Electricity Tear/Mini_ElectricityTear_C5.wav	536065	44100	24	1	4.021
Mini From Mars/WAV/Electricity Tear/Mini_ElectricityTear_C6.wav	534649	44100	24	1	4.01
Mini From Mars/WAV/Electricity Tear/Mini_ElectricityTear_C7.wav	535936	44100	24	1	4.02
Mini From Mars/WAV/Electricity Tear/Mini_ElectricityTear_C8.wav	536881	44100	24	1	4.027
Mini From Mars/WAV/Electricity Tear/Mini_ElectricityTear_D#0.wav	542689	44100	24	1	4.071
Mini From Mars/WAV/Electricity Tear/Mini_ElectricityTear_D#1.wav	539908	44100	24	1	4.05
Mini From Mars/WAV/Electricity Tear/Mini_ElectricityTear_D#2.wav	539206	44100	24	1	4.045
Mini From Mars/WAV/Electricity Tear/Mini_ElectricityTear_D#3.wav	537004	44100	24	1	4.028
Mini From Mars/WAV/Electricity Tear/Mini_ElectricityTear_D#4.wav	534934	44100	24	1	4.012
Mini From Mars/WAV/Electricity Tear/Mini_ElectricityTear_D#5.wav	534670	44100	24	1	4.01
Mini From Mars/WAV/Electricity Tear/Mini_ElectricityTear_D#6.wav	536047	44100	24	1	4.021
Mini From Mars/WAV/Electricity Tear/Mini_ElectricityTear_D#7.wav	535369	44100	24	1	4.016
Mini From Mars/WAV/Electricity Tear/Mini_ElectricityTear_D0.wav	545095	44100	24	1	4.089
Mini From Mars/WAV/Electricity Tear/Mini_ElectricityTear_D1.wav	541603	44100	24	1	4.063
Mini From Mars/WAV/Electricity Tear/Mini_ElectricityTear_D2.wav	538915	44100	24	1	4.042
Mini From Mars/WAV/Electricity Tear/Mini_ElectricityTear_D3.wav	537631	44100	24	1	4.033
Mini From Mars/WAV/Electricity Tear/Mini_ElectricityTear_D4.wav	537166	44100	24	1	4.029
Mini From Mars/WAV/Electricity Tear/Mini_ElectricityTear_D5.wav	536008	44100	24	1	4.02
Mini From Mars/WAV/Electricity Tear/Mini_ElectricityTear_D6.wav	535333	44100	24	1	4.015
Mini From Mars/WAV/Electricity Tear/Mini_ElectricityTear_D7.wav	535603	44100	24	1	4.017
Mini From Mars/WAV/Electricity Tear/Mini_ElectricityTear_E0.wav	543991	44100	24	1	4.081
Mini From Mars/WAV/Electricity Tear/Mini_ElectricityTear_E1.wav	542764	44100	24	1	4.072
Mini From Mars/WAV/Electricity Tear/Mini_ElectricityTear_E2.wav	541114	44100	24	1	4.059
Mini From Mars/WAV/Electricity Tear/Mini_ElectricityTear_E3.wav	535162	44100	24	1	4.014
Mini From Mars/WAV/Electricity Tear/Mini_ElectricityTear_E4.wav	535381	44100	24	1	4.016
Mini From Mars/WAV/Electricity Tear/Mini_ElectricityTear_E5.wav	535531	44100	24	1	4.017
Mini From Mars/WAV/Electricity Tear/Mini_ElectricityTear_E6.wav	534367	44100	24	1	4.008
Mini From Mars/WAV/Electricity Tear/Mini_ElectricityTear_E7.wav	534853	44100	24	1	4.012
Mini From Mars/WAV/Electricity Tear/Mini_ElectricityTear_F#0.wav	541075	44100	24	1	4.059
Mini From Mars/WAV/Electricity Tear/Mini_ElectricityTear_F#1.wav	544111	44100	24	1	4.082
Mini From Mars/WAV/Electricity Tear/Mini_ElectricityTear_F#2.wav	538405	44100	24	1	4.039
Mini From Mars/WAV/Electricity Tear/Mini_ElectricityTear_F#3.wav	537352	44100	24	1	4.031
Mini From Mars/WAV/Electricity Tear/Mini_ElectricityTear_F#4.wav	535792	44100	24	1	4.019
Mini From Mars/WAV/Electricity Tear/Mini_ElectricityTear_F#5.wav	536179	44100	24	1	4.022
Mini From Mars/WAV/Electricity Tear/Mini_ElectricityTear_F#6.wav	538018	44100	24	1	4.036
Mini From Mars/WAV/Electricity Tear/Mini_ElectricityTear_F#7.wav	536134	44100	24	1	4.021
Mini From Mars/WAV/Electricity Tear/Mini_ElectricityTear_F0.wav	542380	44100	24	1	4.069
Mini From Mars/WAV/Electricity Tear/Mini_ElectricityTear_F1.wav	539755	44100	24	1	4.049
Mini From Mars/WAV/Electricity Tear/Mini_ElectricityTear_F2.wav	537793	44100	24	1	4.034
Mini From Mars/WAV/Electricity Tear/Mini_ElectricityTear_F3.wav	538708	44100	24	1	4.041
Mini From Mars/WAV/Electricity Tear/Mini_ElectricityTear_F4.wav	536377	44100	24	1	4.023
Mini From Mars/WAV/Electricity Tear/Mini_ElectricityTear_F5.wav	535636	44100	24	1	4.018
Mini From Mars/WAV/Electricity Tear/Mini_ElectricityTear_F6.wav	536776	44100	24	1	4.026
Mini From Mars/WAV/Electricity Tear/Mini_ElectricityTear_F7.wav	536242	44100	24	1	4.022
Mini From Mars/WAV/Electricity Tear/Mini_ElectricityTear_G#0.wav	543112	44100	24	1	4.074
Mini From Mars/WAV/Electricity Tear/Mini_ElectricityTear_G#1.wav	538519	44100	24	1	4.039
Mini From Mars/WAV/Electricity Tear/Mini_ElectricityTear_G#2.wav	537724	44100	24	1	4.033
Mini From Mars/WAV/Electricity Tear/Mini_ElectricityTear_G#3.wav	536068	44100	24	1	4.021
Mini From Mars/WAV/Electricity Tear/Mini_ElectricityTear_G#4.wav	535453	44100	24	1	4.016
Mini From Mars/WAV/Electricity Tear/Mini_ElectricityTear_G#5.wav	534340	44100	24	1	4.008
Mini From Mars/WAV/Electricity Tear/Mini_ElectricityTear_G#6.wav	535810	44100	24	1	4.019
Mini From Mars/WAV/Electricity Tear/Mini_ElectricityTear_G#7.wav	535759	44100	24	1	4.019
Mini From Mars/WAV/Electricity Tear/Mini_ElectricityTear_G0.wav	542254	44100	24	1	4.068
Mini From Mars/WAV/Electricity Tear/Mini_ElectricityTear_G1.wav	536605	44100	24	1	4.025
Mini From Mars/WAV/Electricity Tear/Mini_ElectricityTear_G2.wav	541441	44100	24	1	4.062
Mini From Mars/WAV/Electricity Tear/Mini_ElectricityTear_G3.wav	537619	44100	24	1	4.033
Mini From Mars/WAV/Electricity Tear/Mini_ElectricityTear_G4.wav	537058	44100	24	1	4.028
Mini From Mars/WAV/Electricity Tear/Mini_ElectricityTear_G5.wav	535375	44100	24	1	4.016
Mini From Mars/WAV/Electricity Tear/Mini_ElectricityTear_G6.wav	533980	44100	24	1	4.005
Mini From Mars/WAV/Electricity Tear/Mini_ElectricityTear_G7.wav	535909	44100	24	1	4.02
Mini From Mars/WAV/Fat N Creamy Split/Mini_FatNCreamy_A#0.wav	1189504	44100	24	2	4.48
Mini From Mars/WAV/Fat N Creamy Split/Mini_FatNCreamy_A#1.wav	1188730	44100	24	2	4.477
Mini From Mars/WAV/Fat N Creamy Split/Mini_FatNCreamy_A#2.wav	1189744	44100	24	2	4.481
Mini From Mars/WAV/Fat N Creamy Split/Mini_FatNCreamy_A#3.wav	580891	44100	24	1	4.36
Mini From Mars/WAV/Fat N Creamy Split/Mini_FatNCreamy_A#4.wav	575788	44100	24	1	4.321
Mini From Mars/WAV/Fat N Creamy Split/Mini_FatNCreamy_A#5.wav	576103	44100	24	1	4.324
Mini From Mars/WAV/Fat N Creamy Split/Mini_FatNCreamy_A#6.wav	569299	44100	24	1	4.272
Mini From Mars/WAV/Fat N Creamy Split/Mini_FatNCreamy_A#7.wav	566041	44100	24	1	4.248
Mini From Mars/WAV/Fat N Creamy Split/Mini_FatNCreamy_A0.wav	1170676	44100	24	2	4.409
Mini From Mars/WAV/Fat N Creamy Split/Mini_FatNCreamy_A1.wav	1177270	44100	24	2	4.434
Mini From Mars/WAV/Fat N Creamy Split/Mini_FatNCreamy_A2.wav	1175338	44100	24	2	4.426
Mini From Mars/WAV/Fat N Creamy Split/Mini_FatNCreamy_A3.wav	573739	44100	24	1	4.306
Mini From Mars/WAV/Fat N Creamy Split/Mini_FatNCreamy_A4.wav	575992	44100	24	1	4.323
Mini From Mars/WAV/Fat N Creamy Split/Mini_FatNCreamy_A5.wav	575611	44100	24	1	4.32
Mini From Mars/WAV/Fat N Creamy Split/Mini_FatNCreamy_A6.wav	601807	44100	24	1	4.518
Mini From Mars/WAV/Fat N Creamy Split/Mini_FatNCreamy_A7.wav	565849	44100	24	1	4.246
Mini From Mars/WAV/Fat N Creamy Split/Mini_FatNCreamy_B0.wav	1171882	44100	24	2	4.413
Mini From Mars/WAV/Fat N Creamy Split/Mini_FatNCreamy_B1.wav	1178362	44100	24	2	4.438
Mini From Mars/WAV/Fat N Creamy Split/Mini_FatNCreamy_B2.wav	1238704	44100	24	2	4.666
Mini From Mars/WAV/Fat N Creamy Split/Mini_FatNCreamy_B3.wav	573700	44100	24	1	4.305
Mini From Mars/WAV/Fat N Creamy Split/Mini_FatNCreamy_B4.wav	577297	44100	24	1	4.333
Mini From Mars/WAV/Fat N Creamy Split/Mini_FatNCreamy_B5.wav	571312	44100	24	1	4.287
Mini From Mars/WAV/Fat N Creamy Split/Mini_FatNCreamy_B6.wav	564331	44100	24	1	4.235
Mini From Mars/WAV/Fat N Creamy Split/Mini_FatNCreamy_B7.wav	568822	44100	24	1	4.269
Mini From Mars/WAV/Fat N Creamy Split/Mini_FatNCreamy_C#0.wav	1169524	44100	24	2	4.404
Mini From Mars/WAV/Fat N Creamy Split/Mini_FatNCreamy_C#1.wav	1169446	44100	24	2	4.404
Mini From Mars/WAV/Fat N Creamy Split/Mini_FatNCreamy_C#2.wav	1190266	44100	24	2	4.483
Mini From Mars/WAV/Fat N Creamy Split/Mini_FatNCreamy_C#3.wav	574168	44100	24	1	4.309
Mini From Mars/WAV/Fat N Creamy Split/Mini_FatNCreamy_C#4.wav	571603	44100	24	1	4.29
Mini From Mars/WAV/Fat N Creamy Split/Mini_FatNCreamy_C#5.wav	621835	44100	24	1	4.669
Mini From Mars/WAV/Fat N Creamy Split/Mini_FatNCreamy_C#6.wav	568066	44100	24	1	4.263
Mini From Mars/WAV/Fat N Creamy Split/Mini_FatNCreamy_C#7.wav	569329	44100	24	1	4.272
Mini From Mars/WAV/Fat N Creamy Split/Mini_FatNCreamy_C0.wav	1168198	44100	24	2	4.399
Mini From Mars/WAV/Fat N Creamy Split/Mini_FatNCreamy_C1.wav	1172506	44100	24	2	4.416
Mini From Mars/WAV/Fat N Creamy Split/Mini_FatNCreamy_C2.wav	1190920	44100	24	2	4.485
Mini From Mars/WAV/Fat N Creamy Split/Mini_FatNCreamy_C3.wav	578122	44100	24	1	4.339
Mini From Mars/WAV/Fat N Creamy Split/Mini_FatNCreamy_C4.wav	577618	44100	24	1	4.335
Mini From Mars/WAV/Fat N Creamy Split/Mini_FatNCreamy_C5.wav	576385	44100	24	1	4.326
Mini From Mars/WAV/Fat N Creamy Split/Mini_FatNCreamy_C6.wav	572548	44100	24	1	4.297
Mini From Mars/WAV/Fat N Creamy Split/Mini_FatNCreamy_C7.wav	605374	44100	24	1	4.545
Mini From Mars/WAV/Fat N Creamy Split/Mini_FatNCreamy_C8.wav	602008	44100	24	1	4.519
Mini From Mars/WAV/Fat N Creamy Split/Mini_FatNCreamy_D#0.wav	1167736	44100	24	2	4.398
Mini From Mars/WAV/Fat N Creamy Split/Mini_FatNCreamy_D#1.wav	1244548	44100	24	2	4.688
Mini From Mars/WAV/Fat N Creamy Split/Mini_FatNCreamy_D#2.wav	1184020	44100	24	2	4.459
Mini From Mars/WAV/Fat N Creamy Split/Mini_FatNCreamy_D#3.wav	574459	44100	24	1	4.311
Mini From Mars/WAV/Fat N Creamy Split/Mini_FatNCreamy_D#4.wav	602455	44100	24	1	4.523
Mini From Mars/WAV/Fat N Creamy Split/Mini_FatNCreamy_D#5.wav	570724	44100	24	1	4.283
Mini From Mars/WAV/Fat N Creamy Split/Mini_FatNCreamy_D#6.wav	571528	44100	24	1	4.289
Mini From Mars/WAV/Fat N Creamy Split/Mini_FatNCreamy_D#7.wav	595750	44100	24	1	4.472
Mini From Mars/WAV/Fat N Creamy Split/Mini_FatNCreamy_D0.wav	1168168	44100	24	2	4.399
Mini From Mars/WAV/Fat N Creamy Split/Mini_FatNCreamy_D1.wav	1173316	44100	24	2	4.419
Mini From Mars/WAV/Fat N Creamy Split/Mini_FatNCreamy_D2.wav	1186984	44100	24	2	4.47
Mini From Mars/WAV/Fat N Creamy Split/Mini_FatNCreamy_D3.wav	577285	44100	24	1	4.332
Mini From Mars/WAV/Fat N Creamy Split/Mini_FatNCreamy_D4.wav	610789	44100	24	1	4.586
Mini From Mars/WAV/Fat N Creamy Split/Mini_FatNCreamy_D5.wav	574369	44100	24	1	4.31
Mini From Mars/WAV/Fat N Creamy Split/Mini_FatNCreamy_D6.wav	572068	44100	24	1	4.293
Mini From Mars/WAV/Fat N Creamy Split/Mini_FatNCreamy_D7.wav	599890	44100	24	1	4.503
Mini From Mars/WAV/Fat N Creamy Split/Mini_FatNCreamy_E0.wav	1246738	44100	24	2	4.696
Mini From Mars/WAV/Fat N Creamy Split/Mini_FatNCreamy_E1.wav	1172290	44100	24	2	4.415
Mini From Mars/WAV/Fat N Creamy Split/Mini_FatNCreamy_E2.wav	1188544	44100	24	2	4.476
Mini From Mars/WAV/Fat N Creamy Split/Mini_FatNCreamy_E3.wav	613207	44100	24	1	4.604
Mini From Mars/WAV/Fat N Creamy Split/Mini_FatNCreamy_E4.wav	578605	44100	24	1	4.342
Mini From Mars/WAV/Fat N Creamy Split/Mini_FatNCreamy_E5.wav	576307	44100	24	1	4.325
Mini From Mars/WAV/Fat N Creamy Split/Mini_FatNCreamy_E6.wav	574483	44100	24	1	4.311
Mini From Mars/WAV/Fat N Creamy Split/Mini_FatNCreamy_E7.wav	572023	44100	24	1	4.293
Mini From Mars/WAV/Fat N Creamy Split/Mini_FatNCreamy_F#0.wav	1188016	44100	24	2	4.474
Mini From Mars/WAV/Fat N Creamy Split/Mini_FatNCreamy_F#1.wav	1172506	44100	24	2	4.416
Mini From Mars/WAV/Fat N Creamy Split/Mini_FatNCreamy_F#2.wav	1241674	44100	24	2	4.677
Mini From Mars/WAV/Fat N Creamy Split/Mini_FatNCreamy_F#3.wav	574765	44100	24	1	4.313
Mini From Mars/WAV/Fat N Creamy Split/Mini_FatNCreamy_F#4.wav	578647	44100	24	1	4.343
Mini From Mars/WAV/Fat N Creamy Split/Mini_FatNCreamy_F#5.wav	574798	44100	24	1	4.314
Mini From Mars/WAV/Fat N Creamy Split/Mini_FatNCreamy_F#6.wav	576145	44100	24	1	4.324
Mini From Mars/WAV/Fat N Creamy Split/Mini_FatNCreamy_F#7.wav	567496	44100	24	1	4.259
Mini From Mars/WAV/Fat N Creamy Split/Mini_FatNCreamy_F0.wav	1189594	44100	24	2	4.48
Mini From Mars/WAV/Fat N Creamy Split/Mini_FatNCreamy_F1.wav	1172752	44100	24	2	4.417
Mini From Mars/WAV/Fat N Creamy Split/Mini_FatNCreamy_F2.wav	1188616	44100	24	2	4.477
Mini From Mars/WAV/Fat N Creamy Split/Mini_FatNCreamy_F3.wav	603133	44100	24	1	4.528
Mini From Mars/WAV/Fat N Creamy Split/Mini_FatNCreamy_F4.wav	602443	44100	24	1	4.523
Mini From Mars/WAV/Fat N Creamy Split/Mini_FatNCreamy_F5.wav	570607	44100	24	1	4.282
Mini From Mars/WAV/Fat N Creamy Split/Mini_FatNCreamy_F6.wav	605713	44100	24	1	4.547
Mini From Mars/WAV/Fat N Creamy Split/Mini_FatNCreamy_F7.wav	566974	44100	24	1	4.255
Mini From Mars/WAV/Fat N Creamy Split/Mini_FatNCreamy_G#0.wav	1171486	44100	24	2	4.412
Mini From Mars/WAV/Fat N Creamy Split/Mini_FatNCreamy_G#1.wav	1188844	44100	24	2	4.478
Mini From Mars/WAV/Fat N Creamy Split/Mini_FatNCreamy_G#2.wav	1243102	44100	24	2	4.683
Mini From Mars/WAV/Fat N Creamy Split/Mini_FatNCreamy_G#3.wav	577663	44100	24	1	4.335
Mini From Mars/WAV/Fat N Creamy Split/Mini_FatNCreamy_G#4.wav	575869	44100	24	1	4.322
Mini From Mars/WAV/Fat N Creamy Split/Mini_FatNCreamy_G#5.wav	581887	44100	24	1	4.367
Mini From Mars/WAV/Fat N Creamy Split/Mini_FatNCreamy_G#6.wav	577612	44100	24	1	4.335
Mini From Mars/WAV/Fat N Creamy Split/Mini_FatNCreamy_G#7.wav	566110	44100	24	1	4.248
Mini From Mars/WAV/Fat N Creamy Split/Mini_FatNCreamy_G0.wav	1171222	44100	24	2	4.411
Mini From Mars/WAV/Fat N Creamy Split/Mini_FatNCreamy_G1.wav	1173376	44100	24	2	4.419
Mini From Mars/WAV/Fat N Creamy Split/Mini_FatNCreamy_G2.wav	1192078	44100	24	2	4.49
Mini From Mars/WAV/Fat N Creamy Split/Mini_FatNCreamy_G3.wav	574060	44100	24	1	4.308
Mini From Mars/WAV/Fat N Creamy Split/Mini_FatNCreamy_G4.wav	571651	44100	24	1	4.29
Mini From Mars/WAV/Fat N Creamy Split/Mini_FatNCreamy_G5.wav	571696	44100	24	1	4.29
Mini From Mars/WAV/Fat N Creamy Split/Mini_FatNCreamy_G6.wav	570991	44100	24	1	4.285
Mini From Mars/WAV/Fat N Creamy Split/Mini_FatNCreamy_G7.wav	564088	44100	24	1	4.233
Mini From Mars/WAV/Funk Nasty Bass/Mini_FunkyCrunch_F#5.wav	558760	44100	24	1	4.192
Mini From Mars/WAV/Funk Nasty Bass/Mini_FunkyCrunch_F#5_0002.wav	590746	44100	24	1	4.434
Mini From Mars/WAV/Funk Nasty Bass/Mini_FunkyCrunch_F#5_0003.wav	596836	44100	24	1	4.48
Mini From Mars/WAV/Funk Nasty Bass/Mini_FunkyCrunch_F#6.wav	590293	44100	24	1	4.431
Mini From Mars/WAV/Funk Nasty Bass/Mini_FunkyCrunch_F#6_0001.wav	544780	44100	24	1	4.087
Mini From Mars/WAV/Funk Nasty Bass/Mini_FunkyCrunch_F#6_0002.wav	585844	44100	24	1	4.397
Mini From Mars/WAV/Funk Nasty Bass/Mini_FunkyCrunch_F#6_0003.wav	613588	44100	24	1	4.607
Mini From Mars/WAV/Funk Nasty Bass/Mini_FunkyCrunch_F0.wav	590512	44100	24	1	4.432
Mini From Mars/WAV/Funk Nasty Bass/Mini_FunkyCrunch_F0_0001.wav	581773	44100	24	1	4.366
Mini From Mars/WAV/Funk Nasty Bass/Mini_FunkyCrunch_F0_0002.wav	595240	44100	24	1	4.468
Mini From Mars/WAV/Funk Nasty Bass/Mini_FunkyCrunch_F0_0003.wav	609481	44100	24	1	4.576
Mini From Mars/WAV/Funk Nasty Bass/Mini_FunkyCrunch_F1.wav	589681	44100	24	1	4.426
Mini From Mars/WAV/Funk Nasty Bass/Mini_FunkyCrunch_F1_0001.wav	583954	44100	24	1	4.383
Mini From Mars/WAV/Funk Nasty Bass/Mini_FunkyCrunch_F1_0002.wav	593854	44100	24	1	4.458
Mini From Mars/WAV/Funk Nasty Bass/Mini_FunkyCrunch_F1_0003.wav	593764	44100	24	1	4.457
Mini From Mars/WAV/Funk Nasty Bass/Mini_FunkyCrunch_F2.wav	583558	44100	24	1	4.38
Mini From Mars/WAV/Funk Nasty Bass/Mini_FunkyCrunch_F2_0001.wav	607366	44100	24	1	4.56
Mini From Mars/WAV/Funk Nasty Bass/Mini_FunkyCrunch_F2_0002.wav	595309	44100	24	1	4.469
Mini From Mars/WAV/Funk Nasty Bass/Mini_FunkyCrunch_F2_0003.wav	636802	44100	24	1	4.782
Mini From Mars/WAV/Funk Nasty Bass/Mini_FunkyCrunch_F3.wav	597871	44100	24	1	4.488
Mini From Mars/WAV/Funk Nasty Bass/Mini_FunkyCrunch_F3_0001.wav	576730	44100	24	1	4.328
Mini From Mars/WAV/Funk Nasty Bass/Mini_FunkyCrunch_F3_0002.wav	595318	44100	24	1	4.469
Mini From Mars/WAV/Funk Nasty Bass/Mini_FunkyCrunch_F3_0003.wav	637144	44100	24	1	4.785
Mini From Mars/WAV/Funk Nasty Bass/Mini_FunkyCrunch_F4.wav	599968	44100	24	1	4.504
Mini From Mars/WAV/Funk Nasty Bass/Mini_FunkyCrunch_F4_0001.wav	564814	44100	24	1	4.238
Mini From Mars/WAV/Funk Nasty Bass/Mini_FunkyCrunch_F4_0002.wav	594745	44100	24	1	4.464
Mini From Mars/WAV/Funk Nasty Bass/Mini_FunkyCrunch_F4_0003.wav	609853	44100	24	1	4.579
Mini From Mars/WAV/Funk Nasty Bass/Mini_FunkyCrunch_F5.wav	565465	44100	24	1	4.243
Mini From Mars/WAV/Funk Nasty Bass/Mini_FunkyCrunch_F5_0001.wav	584920	44100	24	1	4.39
Mini From Mars/WAV/Funk Nasty Bass/Mini_FunkyCrunch_F5_0002.wav	593065	44100	24	1	4.452
Mini From Mars/WAV/Funk Nasty Bass/Mini_FunkyCrunch_F5_0003.wav	610867	44100	24	1	4.586
Mini From Mars/WAV/Funk Nasty Bass/Mini_FunkyCrunch_F6.wav	563410	44100	24	1	4.228
Mini From Mars/WAV/Funk Nasty Bass/Mini_FunkyCrunch_F6_0001.wav	547267	44100	24	1	4.106
Mini From Mars/WAV/Funk Nasty Bass/Mini_FunkyCrunch_F6_0002.wav	613546	44100	24	1	4.607
Mini From Mars/WAV/Funk Nasty Bass/Mini_FunkyCrunch_F6_0003.wav	594568	44100	24	1	4.463
Mini From Mars/WAV/Funk Nasty Bass/Mini_FunkyCrunch_G#0.wav	592648	44100	24	1	4.449
Mini From Mars/WAV/Funk Nasty Bass/Mini_FunkyCrunch_G#0_0001.wav	581104	44100	24	1	4.361
Mini From Mars/WAV/Funk Nasty Bass/Mini_FunkyCrunch_G#0_0002.wav	594454	44100	24	1	4.462
Mini From Mars/WAV/Funk Nasty Bass/Mini_FunkyCrunch_G#0_0003.wav	654823	44100	24	1	4.919
Mini From Mars/WAV/Funk Nasty Bass/Mini_FunkyCrunch_G#1.wav	615451	44100	24	1	4.621
Mini From Mars/WAV/Funk Nasty Bass/Mini_FunkyCrunch_G#1_0001.wav	580045	44100	24	1	4.353
Mini From Mars/WAV/Funk Nasty Bass/Mini_FunkyCrunch_G#1_0002.wav	593389	44100	24	1	4.454
Mini From Mars/WAV/Funk Nasty Bass/Mini_FunkyCrunch_G#1_0003.wav	594331	44100	24	1	4.461
Mini From Mars/WAV/Funk Nasty Bass/Mini_FunkyCrunch_G#2.wav	581893	44100	24	1	4.367
Mini From Mars/WAV/Funk Nasty Bass/Mini_FunkyCrunch_G#2_0001.wav	577339	44100	24	1	4.333
Mini From Mars/WAV/Funk Nasty Bass/Mini_FunkyCrunch_G#2_0002.wav	595105	44100	24	1	4.467
Mini From Mars/WAV/Funk Nasty Bass/Mini_FunkyCrunch_G#2_0003.wav	609409	44100	24	1	4.575
Mini From Mars/WAV/Funk Nasty Bass/Mini_FunkyCrunch_G#3.wav	597001	44100	24	1	4.482
Mini From Mars/WAV/Funk Nasty Bass/Mini_FunkyCrunch_G#3_0001.wav	573028	44100	24	1	4.3
Mini From Mars/WAV/Funk Nasty Bass/Mini_FunkyCrunch_G#3_0002.wav	594700	44100	24	1	4.464
Mini From Mars/WAV/Funk Nasty Bass/Mini_FunkyCrunch_G#3_0003.wav	638134	44100	24	1	4.792
Mini From Mars/WAV/Funk Nasty Bass/Mini_FunkyCrunch_G#4.wav	562672	44100	24	1	4.222
Mini From Mars/WAV/Funk Nasty Bass/Mini_FunkyCrunch_G#4_0001.wav	561028	44100	24	1	4.21
Mini From Mars/WAV/Funk Nasty Bass/Mini_FunkyCrunch_G#4_0002.wav	593362	44100	24	1	4.454
Mini From Mars/WAV/Funk Nasty Bass/Mini_FunkyCrunch_G#4_0003.wav	596704	44100	24	1	4.479
Mini From Mars/WAV/Funk Nasty Bass/Mini_FunkyCrunch_G#5.wav	565078	44100	24	1	4.24
Mini From Mars/WAV/Funk Nasty Bass/Mini_FunkyCrunch_G#5_0001.wav	553081	44100	24	1	4.15
Mini From Mars/WAV/Funk Nasty Bass/Mini_FunkyCrunch_G#5_0002.wav	590386	44100	24	1	4.432
Mini From Mars/WAV/Funk Nasty Bass/Mini_FunkyCrunch_G#5_0003.wav	596491	44100	24	1	4.478
Mini From Mars/WAV/Funk Nasty Bass/Mini_FunkyCrunch_G#6.wav	556816	44100	24	1	4.178
Mini From Mars/WAV/Funk Nasty Bass/Mini_FunkyCrunch_G#6_0001.wav	572041	44100	24	1	4.293
Mini From Mars/WAV/Funk Nasty Bass/Mini_FunkyCrunch_G#6_0002.wav	583795	44100	24	1	4.382
Mini From Mars/WAV/Funk Nasty Bass/Mini_FunkyCrunch_G#6_0003.wav	611338	44100	24	1	4.59
Mini From Mars/WAV/Funk Nasty Bass/Mini_FunkyCrunch_G0.wav	620479	44100	24	1	4.659
Mini From Mars/WAV/Funk Nasty Bass/Mini_FunkyCrunch_G0_0001.wav	585640	44100	24	1	4.396
Mini From Mars/WAV/Funk Nasty Bass/Mini_FunkyCrunch_G0_0002.wav	594613	44100	24	1	4.463
Mini From Mars/WAV/Funk Nasty Bass/Mini_FunkyCrunch_G0_0003.wav	595375	44100	24	1	4.469
Mini From Mars/WAV/Funk Nasty Bass/Mini_FunkyCrunch_G1.wav	590113	44100	24	1	4.429
Mini From Mars/WAV/Funk Nasty Bass/Mini_FunkyCrunch_G1_0001.wav	583432	44100	24	1	4.379
Mini From Mars/WAV/Funk Nasty Bass/Mini_FunkyCrunch_G1_0002.wav	595555	44100	24	1	4.471
Mini From Mars/WAV/Funk Nasty Bass/Mini_FunkyCrunch_G1_0003.wav	593857	44100	24	1	4.458
Mini From Mars/WAV/Funk Nasty Bass/Mini_FunkyCrunch_G2.wav	583108	44100	24	1	4.377
Mini From Mars/WAV/Funk Nasty Bass/Mini_FunkyCrunch_G2_0001.wav	604888	44100	24	1	4.541
Mini From Mars/WAV/Funk Nasty Bass/Mini_FunkyCrunch_G2_0002.wav	623314	44100	24	1	4.68
Mini From Mars/WAV/Funk Nasty Bass/Mini_FunkyCrunch_G2_0003.wav	637939	44100	24	1	4.791
Mini From Mars/WAV/Funk Nasty Bass/Mini_FunkyCrunch_G3.wav	597079	44100	24	1	4.482
Mini From Mars/WAV/Funk Nasty Bass/Mini_FunkyCrunch_G3_0001.wav	573397	44100	24	1	4.303
Mini From Mars/WAV/Funk Nasty Bass/Mini_FunkyCrunch_G3_0002.wav	622447	44100	24	1	4.674
Mini From Mars/WAV/Funk Nasty Bass/Mini_FunkyCrunch_G3_0003.wav	610849	44100	24	1	4.586
Mini From Mars/WAV/Funk Nasty Bass/Mini_FunkyCrunch_G4.wav	566155	44100	24	1	4.248
Mini From Mars/WAV/Funk Nasty Bass/Mini_FunkyCrunch_G4_0001.wav	562177	44100	24	1	4.218
Mini From Mars/WAV/Funk Nasty Bass/Mini_FunkyCrunch_G4_0002.wav	592531	44100	24	1	4.448
Mini From Mars/WAV/Funk Nasty Bass/Mini_FunkyCrunch_G4_0003.wav	609337	44100	24	1	4.575
Mini From Mars/WAV/Funk Nasty Bass/Mini_FunkyCrunch_G5.wav	564712	44100	24	1	4.237
Mini From Mars/WAV/Funk Nasty Bass/Mini_FunkyCrunch_G5_0001.wav	554899	44100	24	1	4.163
Mini From Mars/WAV/Funk Nasty Bass/Mini_FunkyCrunch_G5_0002.wav	591253	44100	24	1	4.438
Mini From Mars/WAV/Funk Nasty Bass/Mini_FunkyCrunch_G5_0003.wav	596104	44100	24	1	4.475
Mini From Mars/WAV/Funk Nasty Bass/Mini_FunkyCrunch_G6.wav	590899	44100	24	1	4.435
Mini From Mars/WAV/Funk Nasty Bass/Mini_FunkyCrunch_G6_0001.wav	544222	44100	24	1	4.083
Mini From Mars/WAV/Funk Nasty Bass/Mini_FunkyCrunch_G6_0002.wav	584893	44100	24	1	4.39
Mini From Mars/WAV/Funk Nasty Bass/Mini_FunkyCrunch_G6_0003.wav	594871	44100	24	1	4.465
Mini From Mars/WAV/Funky Crunch/Mini_FunkyCrunch_A#0.wav	593947	44100	24	1	4.458
Mini From Mars/WAV/Funky Crunch/Mini_FunkyCrunch_A#0_0001.wav	583345	44100	24	1	4.378
Mini From Mars/WAV/Funky Crunch/Mini_FunkyCrunch_A#0_0002.wav	596794	44100	24	1	4.48
Mini From Mars/WAV/Funky Crunch/Mini_FunkyCrunch_A#0_0003.wav	611332	44100	24	1	4.59
Mini From Mars/WAV/Funky Crunch/Mini_FunkyCrunch_A#1.wav	587125	44100	24	1	4.407
Mini From Mars/WAV/Funky Crunch/Mini_FunkyCrunch_A#1_0001.wav	581113	44100	24	1	4.361
Mini From Mars/WAV/Funky Crunch/Mini_FunkyCrunch_A#1_0002.wav	594742	44100	24	1	4.464
Mini From Mars/WAV/Funky Crunch/Mini_FunkyCrunch_A#1_0003.wav	608929	44100	24	1	4.572
Mini From Mars/WAV/Funky Crunch/Mini_FunkyCrunch_A#2.wav	581098	44100	24	1	4.361
Mini From Mars/WAV/Funky Crunch/Mini_FunkyCrunch_A#2_0001.wav	576943	44100	24	1	4.33
Mini From Mars/WAV/Funky Crunch/Mini_FunkyCrunch_A#2_0002.wav	595342	44100	24	1	4.469
Mini From Mars/WAV/Funky Crunch/Mini_FunkyCrunch_A#2_0003.wav	595126	44100	24	1	4.467
Mini From Mars/WAV/Funky Crunch/Mini_FunkyCrunch_A#3.wav	598297	44100	24	1	4.491
Mini From Mars/WAV/Funky Crunch/Mini_FunkyCrunch_A#3_0001.wav	570529	44100	24	1	4.281
Mini From Mars/WAV/Funky Crunch/Mini_FunkyCrunch_A#3_0002.wav	594763	44100	24	1	4.465
Mini From Mars/WAV/Funky Crunch/Mini_FunkyCrunch_A#3_0003.wav	597400	44100	24	1	4.485
Mini From Mars/WAV/Funky Crunch/Mini_FunkyCrunch_A#4.wav	565702	44100	24	1	4.245
Mini From Mars/WAV/Funky Crunch/Mini_FunkyCrunch_A#4_0001.wav	559246	44100	24	1	4.196
Mini From Mars/WAV/Funky Crunch/Mini_FunkyCrunch_A#4_0002.wav	591133	44100	24	1	4.437
Mini From Mars/WAV/Funky Crunch/Mini_FunkyCrunch_A#4_0003.wav	596839	44100	24	1	4.48
Mini From Mars/WAV/Funky Crunch/Mini_FunkyCrunch_A#5.wav	564763	44100	24	1	4.238
Mini From Mars/WAV/Funky Crunch/Mini_FunkyCrunch_A#5_0001.wav	581878	44100	24	1	4.367
Mini From Mars/WAV/Funky Crunch/Mini_FunkyCrunch_A#5_0002.wav	588010	44100	24	1	4.414
Mini From Mars/WAV/Funky Crunch/Mini_FunkyCrunch_A#5_0003.wav	595552	44100	24	1	4.471
Mini From Mars/WAV/Funky Crunch/Mini_FunkyCrunch_A#6.wav	562309	44100	24	1	4.219
Mini From Mars/WAV/Funky Crunch/Mini_FunkyCrunch_A#6_0001.wav	539893	44100	24	1	4.05
Mini From Mars/WAV/Funky Crunch/Mini_FunkyCrunch_A#6_0002.wav	585163	44100	24	1	4.392
Mini From Mars/WAV/Funky Crunch/Mini_FunkyCrunch_A#6_0003.wav	610600	44100	24	1	4.584
Mini From Mars/WAV/Funky Crunch/Mini_FunkyCrunch_A0.wav	593308	44100	24	1	4.454
Mini From Mars/WAV/Funky Crunch/Mini_FunkyCrunch_A0_0001.wav	583621	44100	24	1	4.38
Mini From Mars/WAV/Funky Crunch/Mini_FunkyCrunch_A0_0002.wav	625045	44100	24	1	4.693
Mini From Mars/WAV/Funky Crunch/Mini_FunkyCrunch_A0_0003.wav	610507	44100	24	1	4.584
Mini From Mars/WAV/Funky Crunch/Mini_FunkyCrunch_A1.wav	588514	44100	24	1	4.417
Mini From Mars/WAV/Funky Crunch/Mini_FunkyCrunch_A1_0001.wav	580777	44100	24	1	4.359
Mini From Mars/WAV/Funky Crunch/Mini_FunkyCrunch_A1_0002.wav	622942	44100	24	1	4.678
Mini From Mars/WAV/Funky Crunch/Mini_FunkyCrunch_A1_0003.wav	610618	44100	24	1	4.584
Mini From Mars/WAV/Funky Crunch/Mini_FunkyCrunch_A2.wav	582313	44100	24	1	4.37
Mini From Mars/WAV/Funky Crunch/Mini_FunkyCrunch_A2_0001.wav	574834	44100	24	1	4.314
Mini From Mars/WAV/Funky Crunch/Mini_FunkyCrunch_A2_0002.wav	594889	44100	24	1	4.466
Mini From Mars/WAV/Funky Crunch/Mini_FunkyCrunch_A2_0003.wav	610282	44100	24	1	4.582
Mini From Mars/WAV/Funky Crunch/Mini_FunkyCrunch_A3.wav	598492	44100	24	1	4.493
Mini From Mars/WAV/Funky Crunch/Mini_FunkyCrunch_A3_0001.wav	571555	44100	24	1	4.289
Mini From Mars/WAV/Funky Crunch/Mini_FunkyCrunch_A3_0002.wav	624019	44100	24	1	4.686
Mini From Mars/WAV/Funky Crunch/Mini_FunkyCrunch_A3_0003.wav	610501	44100	24	1	4.584
Mini From Mars/WAV/Funky Crunch/Mini_FunkyCrunch_A4.wav	564856	44100	24	1	4.239
Mini From Mars/WAV/Funky Crunch/Mini_FunkyCrunch_A4_0001.wav	562114	44100	24	1	4.218
Mini From Mars/WAV/Funky Crunch/Mini_FunkyCrunch_A4_0002.wav	592084	44100	24	1	4.444
Mini From Mars/WAV/Funky Crunch/Mini_FunkyCrunch_A4_0003.wav	595729	44100	24	1	4.472
Mini From Mars/WAV/Funky Crunch/Mini_FunkyCrunch_A5.wav	555835	44100	24	1	4.17
Mini From Mars/WAV/Funky Crunch/Mini_FunkyCrunch_A5_0001.wav	551731	44100	24	1	4.139
Mini From Mars/WAV/Funky Crunch/Mini_FunkyCrunch_A5_0002.wav	619903	44100	24	1	4.655
Mini From Mars/WAV/Funky Crunch/Mini_FunkyCrunch_A5_0003.wav	596371	44100	24	1	4.477
Mini From Mars/WAV/Funky Crunch/Mini_FunkyCrunch_A6.wav	593185	44100	24	1	4.453
Mini From Mars/WAV/Funky Crunch/Mini_FunkyCrunch_A6_0001.wav	540901	44100	24	1	4.057
Mini From Mars/WAV/Funky Crunch/Mini_FunkyCrunch_A6_0002.wav	584680	44100	24	1	4.388
Mini From Mars/WAV/Funky Crunch/Mini_FunkyCrunch_A6_0003.wav	609511	44100	24	1	4.576
Mini From Mars/WAV/Funky Crunch/Mini_FunkyCrunch_B0.wav	594505	44100	24	1	4.463
Mini From Mars/WAV/Funky Crunch/Mini_FunkyCrunch_B0_0001.wav	584089	44100	24	1	4.384
Mini From Mars/WAV/Funky Crunch/Mini_FunkyCrunch_B0_0002.wav	596110	44100	24	1	4.475
Mini From Mars/WAV/Funky Crunch/Mini_FunkyCrunch_B0_0003.wav	610072	44100	24	1	4.58
Mini From Mars/WAV/Funky Crunch/Mini_FunkyCrunch_B1.wav	587548	44100	24	1	4.41
Mini From Mars/WAV/Funky Crunch/Mini_FunkyCrunch_B1_0001.wav	580447	44100	24	1	4.356
Mini From Mars/WAV/Funky Crunch/Mini_FunkyCrunch_B1_0002.wav	596674	44100	24	1	4.479
Mini From Mars/WAV/Funky Crunch/Mini_FunkyCrunch_B1_0003.wav	609355	44100	24	1	4.575
Mini From Mars/WAV/Funky Crunch/Mini_FunkyCrunch_B2.wav	580393	44100	24	1	4.356
Mini From Mars/WAV/Funky Crunch/Mini_FunkyCrunch_B2_0001.wav	607777	44100	24	1	4.563
Mini From Mars/WAV/Funky Crunch/Mini_FunkyCrunch_B2_0002.wav	624061	44100	24	1	4.686
Mini From Mars/WAV/Funky Crunch/Mini_FunkyCrunch_B2_0003.wav	595261	44100	24	1	4.468
Mini From Mars/WAV/Funky Crunch/Mini_FunkyCrunch_B3.wav	595225	44100	24	1	4.468
Mini From Mars/WAV/Funky Crunch/Mini_FunkyCrunch_B3_0001.wav	569227	44100	24	1	4.272
Mini From Mars/WAV/Funky Crunch/Mini_FunkyCrunch_B3_0002.wav	594574	44100	24	1	4.463
Mini From Mars/WAV/Funky Crunch/Mini_FunkyCrunch_B3_0003.wav	624283	44100	24	1	4.688
Mini From Mars/WAV/Funky Crunch/Mini_FunkyCrunch_B4.wav	562822	44100	24	1	4.223
Mini From Mars/WAV/Funky Crunch/Mini_FunkyCrunch_B4_0001.wav	558373	44100	24	1	4.19
Mini From Mars/WAV/Funky Crunch/Mini_FunkyCrunch_B4_0002.wav	591070	44100	24	1	4.437
Mini From Mars/WAV/Funky Crunch/Mini_FunkyCrunch_B4_0003.wav	595177	44100	24	1	4.468
Mini From Mars/WAV/Funky Crunch/Mini_FunkyCrunch_B5.wav	559822	44100	24	1	4.2
Mini From Mars/WAV/Funky Crunch/Mini_FunkyCrunch_B5_0001.wav	552178	44100	24	1	4.143
Mini From Mars/WAV/Funky Crunch/Mini_FunkyCrunch_B5_0002.wav	589042	44100	24	1	4.421
Mini From Mars/WAV/Funky Crunch/Mini_FunkyCrunch_B5_0003.wav	595480	44100	24	1	4.47
Mini From Mars/WAV/Funky Crunch/Mini_FunkyCrunch_B6.wav	564778	44100	24	1	4.238
Mini From Mars/WAV/Funky Crunch/Mini_FunkyCrunch_B6_0001.wav	540499	44100	24	1	4.054
Mini From Mars/WAV/Funky Crunch/Mini_FunkyCrunch_B6_0002.wav	584506	44100	24	1	4.387
Mini From Mars/WAV/Funky Crunch/Mini_FunkyCrunch_B6_0003.wav	609964	44100	24	1	4.58
Mini From Mars/WAV/Funky Crunch/Mini_FunkyCrunch_C#0.wav	593623	44100	24	1	4.456
Mini From Mars/WAV/Funky Crunch/Mini_FunkyCrunch_C#0_0001.wav	582427	44100	24	1	4.371
Mini From Mars/WAV/Funky Crunch/Mini_FunkyCrunch_C#0_0002.wav	597022	44100	24	1	4.482
Mini From Mars/WAV/Funky Crunch/Mini_FunkyCrunch_C#0_0003.wav	593662	44100	24	1	4.456
Mini From Mars/WAV/Funky Crunch/Mini_FunkyCrunch_C#1.wav	593872	44100	24	1	4.458
Mini From Mars/WAV/Funky Crunch/Mini_FunkyCrunch_C#1_0001.wav	585523	44100	24	1	4.395
Mini From Mars/WAV/Funky Crunch/Mini_FunkyCrunch_C#1_0002.wav	623119	44100	24	1	4.679
Mini From Mars/WAV/Funky Crunch/Mini_FunkyCrunch_C#1_0003.wav	610810	44100	24	1	4.586
Mini From Mars/WAV/Funky Crunch/Mini_FunkyCrunch_C#2.wav	613708	44100	24	1	4.608
Mini From Mars/WAV/Funky Crunch/Mini_FunkyCrunch_C#2_0001.wav	584572	44100	24	1	4.388
Mini From Mars/WAV/Funky Crunch/Mini_FunkyCrunch_C#2_0002.wav	595912	44100	24	1	4.473
Mini From Mars/WAV/Funky Crunch/Mini_FunkyCrunch_C#2_0003.wav	594895	44100	24	1	4.466
Mini From Mars/WAV/Funky Crunch/Mini_FunkyCrunch_C#3.wav	611242	44100	24	1	4.589
Mini From Mars/WAV/Funky Crunch/Mini_FunkyCrunch_C#3_0001.wav	582985	44100	24	1	4.376
Mini From Mars/WAV/Funky Crunch/Mini_FunkyCrunch_C#3_0002.wav	595330	44100	24	1	4.469
Mini From Mars/WAV/Funky Crunch/Mini_FunkyCrunch_C#3_0003.wav	595489	44100	24	1	4.47
Mini From Mars/WAV/Funky Crunch/Mini_FunkyCrunch_C#4.wav	596668	44100	24	1	4.479
Mini From Mars/WAV/Funky Crunch/Mini_FunkyCrunch_C#4_0001.wav	567514	44100	24	1	4.259
Mini From Mars/WAV/Funky Crunch/Mini_FunkyCrunch_C#4_0002.wav	593014	44100	24	1	4.451
Mini From Mars/WAV/Funky Crunch/Mini_FunkyCrunch_C#4_0003.wav	593968	44100	24	1	4.459
Mini From Mars/WAV/Funky Crunch/Mini_FunkyCrunch_C#5.wav	561967	44100	24	1	4.217
Mini From Mars/WAV/Funky Crunch/Mini_FunkyCrunch_C#5_0001.wav	587050	44100	24	1	4.406
Mini From Mars/WAV/Funky Crunch/Mini_FunkyCrunch_C#5_0002.wav	593035	44100	24	1	4.452
Mini From Mars/WAV/Funky Crunch/Mini_FunkyCrunch_C#5_0003.wav	610867	44100	24	1	4.586
Mini From Mars/WAV/Funky Crunch/Mini_FunkyCrunch_C#6.wav	556651	44100	24	1	4.177
Mini From Mars/WAV/Funky Crunch/Mini_FunkyCrunch_C#6_0001.wav	549436	44100	24	1	4.122
Mini From Mars/WAV/Funky Crunch/Mini_FunkyCrunch_C#6_0002.wav	588469	44100	24	1	4.417
Mini From Mars/WAV/Funky Crunch/Mini_FunkyCrunch_C#6_0003.wav	609790	44100	24	1	4.578
Mini From Mars/WAV/Funky Crunch/Mini_FunkyCrunch_C0.wav	594289	44100	24	1	4.461
Mini From Mars/WAV/Funky Crunch/Mini_FunkyCrunch_C0_0001.wav	582664	44100	24	1	4.373
Mini From Mars/WAV/Funky Crunch/Mini_FunkyCrunch_C0_0002.wav	621310	44100	24	1	4.665
Mini From Mars/WAV/Funky Crunch/Mini_FunkyCrunch_C0_0003.wav	640741	44100	24	1	4.812
Mini From Mars/WAV/Funky Crunch/Mini_FunkyCrunch_C1.wav	591658	44100	24	1	4.441
Mini From Mars/WAV/Funky Crunch/Mini_FunkyCrunch_C1_0001.wav	583528	44100	24	1	4.38
Mini From Mars/WAV/Funky Crunch/Mini_FunkyCrunch_C1_0002.wav	594862	44100	24	1	4.465
Mini From Mars/WAV/Funky Crunch/Mini_FunkyCrunch_C1_0003.wav	609454	44100	24	1	4.576
Mini From Mars/WAV/Funky Crunch/Mini_FunkyCrunch_C2.wav	587932	44100	24	1	4.413
Mini From Mars/WAV/Funky Crunch/Mini_FunkyCrunch_C2_0001.wav	583060	44100	24	1	4.376
Mini From Mars/WAV/Funky Crunch/Mini_FunkyCrunch_C2_0002.wav	595759	44100	24	1	4.472
Mini From Mars/WAV/Funky Crunch/Mini_FunkyCrunch_C2_0003.wav	596665	44100	24	1	4.479
Mini From Mars/WAV/Funky Crunch/Mini_FunkyCrunch_C3.wav	581320	44100	24	1	4.363
Mini From Mars/WAV/Funky Crunch/Mini_FunkyCrunch_C3_0001.wav	581398	44100	24	1	4.364
Mini From Mars/WAV/Funky Crunch/Mini_FunkyCrunch_C3_0002.wav	595954	44100	24	1	4.474
Mini From Mars/WAV/Funky Crunch/Mini_FunkyCrunch_C3_0003.wav	623890	44100	24	1	4.685
Mini From Mars/WAV/Funky Crunch/Mini_FunkyCrunch_C4.wav	627391	44100	24	1	4.711
Mini From Mars/WAV/Funky Crunch/Mini_FunkyCrunch_C4_0001.wav	568831	44100	24	1	4.269
Mini From Mars/WAV/Funky Crunch/Mini_FunkyCrunch_C4_0002.wav	594148	44100	24	1	4.46
Mini From Mars/WAV/Funky Crunch/Mini_FunkyCrunch_C4_0003.wav	596593	44100	24	1	4.478
Mini From Mars/WAV/Funky Crunch/Mini_FunkyCrunch_C5.wav	561565	44100	24	1	4.214
Mini From Mars/WAV/Funky Crunch/Mini_FunkyCrunch_C5_0001.wav	558235	44100	24	1	4.189
Mini From Mars/WAV/Funky Crunch/Mini_FunkyCrunch_C5_0002.wav	592429	44100	24	1	4.447
Mini From Mars/WAV/Funky Crunch/Mini_FunkyCrunch_C5_0003.wav	595507	44100	24	1	4.47
Mini From Mars/WAV/Funky Crunch/Mini_FunkyCrunch_C6.wav	559282	44100	24	1	4.196
Mini From Mars/WAV/Funky Crunch/Mini_FunkyCrunch_C6_0001.wav	549415	44100	24	1	4.122
Mini From Mars/WAV/Funky Crunch/Mini_FunkyCrunch_C6_0002.wav	588802	44100	24	1	4.42
Mini From Mars/WAV/Funky Crunch/Mini_FunkyCrunch_C6_0003.wav	609355	44100	24	1	4.575
Mini From Mars/WAV/Funky Crunch/Mini_FunkyCrunch_C7.wav	553528	44100	24	1	4.153
Mini From Mars/WAV/Funky Crunch/Mini_FunkyCrunch_C7_0001.wav	539866	44100	24	1	4.05
Mini From Mars/WAV/Funky Crunch/Mini_FunkyCrunch_C7_0002.wav	584014	44100	24	1	4.383
Mini From Mars/WAV/Funky Crunch/Mini_FunkyCrunch_C7_0003.wav	608749	44100	24	1	4.57
Mini From Mars/WAV/Funky Crunch/Mini_FunkyCrunch_D#0.wav	593431	44100	24	1	4.455
Mini From Mars/WAV/Funky Crunch/Mini_FunkyCrunch_D#0_0001.wav	579784	44100	24	1	4.351
Mini From Mars/WAV/Funky Crunch/Mini_FunkyCrunch_D#0_0002.wav	592924	44100	24	1	4.451
Mini From Mars/WAV/Funky Crunch/Mini_FunkyCrunch_D#0_0003.wav	637750	44100	24	1	4.79
Mini From Mars/WAV/Funky Crunch/Mini_FunkyCrunch_D#1.wav	590875	44100	24	1	4.435
Mini From Mars/WAV/Funky Crunch/Mini_FunkyCrunch_D#1_0001.wav	582565	44100	24	1	4.372
Mini From Mars/WAV/Funky Crunch/Mini_FunkyCrunch_D#1_0002.wav	594784	44100	24	1	4.465
Mini From Mars/WAV/Funky Crunch/Mini_FunkyCrunch_D#1_0003.wav	593914	44100	24	1	4.458
Mini From Mars/WAV/Funky Crunch/Mini_FunkyCrunch_D#2.wav	584260	44100	24	1	4.385
Mini From Mars/WAV/Funky Crunch/Mini_FunkyCrunch_D#2_0001.wav	582313	44100	24	1	4.37
Mini From Mars/WAV/Funky Crunch/Mini_FunkyCrunch_D#2_0002.wav	624304	44100	24	1	4.688
Mini From Mars/WAV/Funky Crunch/Mini_FunkyCrunch_D#2_0003.wav	593317	44100	24	1	4.454
Mini From Mars/WAV/Funky Crunch/Mini_FunkyCrunch_D#3.wav	596179	44100	24	1	4.475
Mini From Mars/WAV/Funky Crunch/Mini_FunkyCrunch_D#3_0001.wav	579970	44100	24	1	4.353
Mini From Mars/WAV/Funky Crunch/Mini_FunkyCrunch_D#3_0002.wav	596950	44100	24	1	4.481
Mini From Mars/WAV/Funky Crunch/Mini_FunkyCrunch_D#3_0003.wav	595660	44100	24	1	4.471
Mini From Mars/WAV/Funky Crunch/Mini_FunkyCrunch_D#4.wav	571003	44100	24	1	4.285
Mini From Mars/WAV/Funky Crunch/Mini_FunkyCrunch_D#4_0001.wav	593773	44100	24	1	4.457
Mini From Mars/WAV/Funky Crunch/Mini_FunkyCrunch_D#4_0002.wav	596059	44100	24	1	4.474
Mini From Mars/WAV/Funky Crunch/Mini_FunkyCrunch_D#4_0003.wav	611290	44100	24	1	4.59
Mini From Mars/WAV/Funky Crunch/Mini_FunkyCrunch_D#5.wav	560815	44100	24	1	4.208
Mini From Mars/WAV/Funky Crunch/Mini_FunkyCrunch_D#5_0001.wav	556513	44100	24	1	4.175
Mini From Mars/WAV/Funky Crunch/Mini_FunkyCrunch_D#5_0002.wav	595360	44100	24	1	4.469
Mini From Mars/WAV/Funky Crunch/Mini_FunkyCrunch_D#5_0003.wav	610687	44100	24	1	4.585
Mini From Mars/WAV/Funky Crunch/Mini_FunkyCrunch_D#6.wav	562648	44100	24	1	4.222
Mini From Mars/WAV/Funky Crunch/Mini_FunkyCrunch_D#6_0001.wav	547831	44100	24	1	4.11
Mini From Mars/WAV/Funky Crunch/Mini_FunkyCrunch_D#6_0002.wav	586762	44100	24	1	4.404
Mini From Mars/WAV/Funky Crunch/Mini_FunkyCrunch_D#6_0003.wav	593773	44100	24	1	4.457
Mini From Mars/WAV/Funky Crunch/Mini_FunkyCrunch_D0.wav	592882	44100	24	1	4.45
Mini From Mars/WAV/Funky Crunch/Mini_FunkyCrunch_D0_0001.wav	581263	44100	24	1	4.363
Mini From Mars/WAV/Funky Crunch/Mini_FunkyCrunch_D0_0002.wav	593605	44100	24	1	4.456
Mini From Mars/WAV/Funky Crunch/Mini_FunkyCrunch_D0_0003.wav	623128	44100	24	1	4.679
Mini From Mars/WAV/Funky Crunch/Mini_FunkyCrunch_D1.wav	593215	44100	24	1	4.453
Mini From Mars/WAV/Funky Crunch/Mini_FunkyCrunch_D1_0001.wav	584191	44100	24	1	4.385
Mini From Mars/WAV/Funky Crunch/Mini_FunkyCrunch_D1_0002.wav	593779	44100	24	1	4.457
Mini From Mars/WAV/Funky Crunch/Mini_FunkyCrunch_D1_0003.wav	609304	44100	24	1	4.575
Mini From Mars/WAV/Funky Crunch/Mini_FunkyCrunch_D2.wav	585685	44100	24	1	4.396
Mini From Mars/WAV/Funky Crunch/Mini_FunkyCrunch_D2_0001.wav	582430	44100	24	1	4.371
Mini From Mars/WAV/Funky Crunch/Mini_FunkyCrunch_D2_0002.wav	595105	44100	24	1	4.467
Mini From Mars/WAV/Funky Crunch/Mini_FunkyCrunch_D2_0003.wav	594706	44100	24	1	4.464
Mini From Mars/WAV/Funky Crunch/Mini_FunkyCrunch_D3.wav	608122	44100	24	1	4.566
Mini From Mars/WAV/Funky Crunch/Mini_FunkyCrunch_D3_0001.wav	610474	44100	24	1	4.583
Mini From Mars/WAV/Funky Crunch/Mini_FunkyCrunch_D3_0002.wav	625210	44100	24	1	4.695
Mini From Mars/WAV/Funky Crunch/Mini_FunkyCrunch_D3_0003.wav	595750	44100	24	1	4.472
Mini From Mars/WAV/Funky Crunch/Mini_FunkyCrunch_D4.wav	631375	44100	24	1	4.741
Mini From Mars/WAV/Funky Crunch/Mini_FunkyCrunch_D4_0001.wav	567457	44100	24	1	4.258
Mini From Mars/WAV/Funky Crunch/Mini_FunkyCrunch_D4_0002.wav	595153	44100	24	1	4.468
Mini From Mars/WAV/Funky Crunch/Mini_FunkyCrunch_D4_0003.wav	596023	44100	24	1	4.474
Mini From Mars/WAV/Funky Crunch/Mini_FunkyCrunch_D5.wav	560764	44100	24	1	4.208
Mini From Mars/WAV/Funky Crunch/Mini_FunkyCrunch_D5_0001.wav	587209	44100	24	1	4.408
Mini From Mars/WAV/Funky Crunch/Mini_FunkyCrunch_D5_0002.wav	594970	44100	24	1	4.466
Mini From Mars/WAV/Funky Crunch/Mini_FunkyCrunch_D5_0003.wav	610849	44100	24	1	4.586
Mini From Mars/WAV/Funky Crunch/Mini_FunkyCrunch_D6.wav	587230	44100	24	1	4.408
Mini From Mars/WAV/Funky Crunch/Mini_FunkyCrunch_D6_0001.wav	547357	44100	24	1	4.106
Mini From Mars/WAV/Funky Crunch/Mini_FunkyCrunch_D6_0002.wav	586696	44100	24	1	4.404
Mini From Mars/WAV/Funky Crunch/Mini_FunkyCrunch_D6_0003.wav	623308	44100	24	1	4.68
Mini From Mars/WAV/Funky Crunch/Mini_FunkyCrunch_E0.wav	591475	44100	24	1	4.44
Mini From Mars/WAV/Funky Crunch/Mini_FunkyCrunch_E0_0001.wav	582244	44100	24	1	4.37
Mini From Mars/WAV/Funky Crunch/Mini_FunkyCrunch_E0_0002.wav	593197	44100	24	1	4.453
Mini From Mars/WAV/Funky Crunch/Mini_FunkyCrunch_E0_0003.wav	610495	44100	24	1	4.584
Mini From Mars/WAV/Funky Crunch/Mini_FunkyCrunch_E1.wav	588310	44100	24	1	4.416
Mini From Mars/WAV/Funky Crunch/Mini_FunkyCrunch_E1_0001.wav	581047	44100	24	1	4.361
Mini From Mars/WAV/Funky Crunch/Mini_FunkyCrunch_E1_0002.wav	595531	44100	24	1	4.47
Mini From Mars/WAV/Funky Crunch/Mini_FunkyCrunch_E1_0003.wav	595882	44100	24	1	4.473
Mini From Mars/WAV/Funky Crunch/Mini_FunkyCrunch_E2.wav	584407	44100	24	1	4.386
Mini From Mars/WAV/Funky Crunch/Mini_FunkyCrunch_E2_0001.wav	577873	44100	24	1	4.337
Mini From Mars/WAV/Funky Crunch/Mini_FunkyCrunch_E2_0002.wav	593965	44100	24	1	4.459
Mini From Mars/WAV/Funky Crunch/Mini_FunkyCrunch_E2_0003.wav	595072	44100	24	1	4.467
Mini From Mars/WAV/Funky Crunch/Mini_FunkyCrunch_E3.wav	600244	44100	24	1	4.506
Mini From Mars/WAV/Funky Crunch/Mini_FunkyCrunch_E3_0001.wav	578152	44100	24	1	4.339
Mini From Mars/WAV/Funky Crunch/Mini_FunkyCrunch_E3_0002.wav	597124	44100	24	1	4.482
Mini From Mars/WAV/Funky Crunch/Mini_FunkyCrunch_E3_0003.wav	596413	44100	24	1	4.477
Mini From Mars/WAV/Funky Crunch/Mini_FunkyCrunch_E4.wav	569038	44100	24	1	4.27
Mini From Mars/WAV/Funky Crunch/Mini_FunkyCrunch_E4_0001.wav	564400	44100	24	1	4.235
Mini From Mars/WAV/Funky Crunch/Mini_FunkyCrunch_E4_0002.wav	593857	44100	24	1	4.458
Mini From Mars/WAV/Funky Crunch/Mini_FunkyCrunch_E4_0003.wav	610279	44100	24	1	4.582
Mini From Mars/WAV/Funky Crunch/Mini_FunkyCrunch_E5.wav	562657	44100	24	1	4.222
Mini From Mars/WAV/Funky Crunch/Mini_FunkyCrunch_E5_0001.wav	556999	44100	24	1	4.179
Mini From Mars/WAV/Funky Crunch/Mini_FunkyCrunch_E5_0002.wav	594178	44100	24	1	4.46
Mini From Mars/WAV/Funky Crunch/Mini_FunkyCrunch_E5_0003.wav	608761	44100	24	1	4.57
Mini From Mars/WAV/Funky Crunch/Mini_FunkyCrunch_E6.wav	563101	44100	24	1	4.225
Mini From Mars/WAV/Funky Crunch/Mini_FunkyCrunch_E6_0001.wav	546442	44100	24	1	4.099
Mini From Mars/WAV/Funky Crunch/Mini_FunkyCrunch_E6_0002.wav	585853	44100	24	1	4.397
Mini From Mars/WAV/Funky Crunch/Mini_FunkyCrunch_E6_0003.wav	622405	44100	24	1	4.674
Mini From Mars/WAV/Funky Crunch/Mini_FunkyCrunch_F#0.wav	592027	44100	24	1	4.444
Mini From Mars/WAV/Funky Crunch/Mini_FunkyCrunch_F#0_0001.wav	580930	44100	24	1	4.36
Mini From Mars/WAV/Funky Crunch/Mini_FunkyCrunch_F#0_0002.wav	595582	44100	24	1	4.471
Mini From Mars/WAV/Funky Crunch/Mini_FunkyCrunch_F#0_0003.wav	638137	44100	24	1	4.792
Mini From Mars/WAV/Funky Crunch/Mini_FunkyCrunch_F#1.wav	589738	44100	24	1	4.427
Mini From Mars/WAV/Funky Crunch/Mini_FunkyCrunch_F#1_0001.wav	583348	44100	24	1	4.378
Mini From Mars/WAV/Funky Crunch/Mini_FunkyCrunch_F#1_0002.wav	595153	44100	24	1	4.468
Mini From Mars/WAV/Funky Crunch/Mini_FunkyCrunch_F#1_0003.wav	593773	44100	24	1	4.457
Mini From Mars/WAV/Funky Crunch/Mini_FunkyCrunch_F#2.wav	613375	44100	24	1	4.605
Mini From Mars/WAV/Funky Crunch/Mini_FunkyCrunch_F#2_0001.wav	607762	44100	24	1	4.563
Mini From Mars/WAV/Funky Crunch/Mini_FunkyCrunch_F#2_0002.wav	595507	44100	24	1	4.47
Mini From Mars/WAV/Funky Crunch/Mini_FunkyCrunch_F#2_0003.wav	610753	44100	24	1	4.585
Mini From Mars/WAV/Funky Crunch/Mini_FunkyCrunch_F#3.wav	598930	44100	24	1	4.496
Mini From Mars/WAV/Funky Crunch/Mini_FunkyCrunch_F#3_0001.wav	574570	44100	24	1	4.312
Mini From Mars/WAV/Funky Crunch/Mini_FunkyCrunch_F#3_0002.wav	622561	44100	24	1	4.675
Mini From Mars/WAV/Funky Crunch/Mini_FunkyCrunch_F#3_0003.wav	610945	44100	24	1	4.587
Mini From Mars/WAV/Funky Crunch/Mini_FunkyCrunch_F#4.wav	596644	44100	24	1	4.479
Mini From Mars/WAV/Funky Crunch/Mini_FunkyCrunch_F#4_0001.wav	562837	44100	24	1	4.223
Mini From Mars/WAV/Funky Crunch/Mini_FunkyCrunch_F#4_0002.wav	592447	44100	24	1	4.447
Mini From Mars/WAV/Funky Crunch/Mini_FunkyCrunch_F#4_0003.wav	610144	44100	24	1	4.581
Mini From Mars/WAV/Funky Crunch/Mini_FunkyCrunch_F#5.wav	558760	44100	24	1	4.192
Mini From Mars/WAV/Funky Crunch/Mini_FunkyCrunch_F#5_0001.wav	555985	44100	24	1	4.171
Mini From Mars/WAV/Funky Crunch/Mini_FunkyCrunch_F#5_0002.wav	590746	44100	24	1	4.434
Mini From Mars/WAV/Funky Crunch/Mini_FunkyCrunch_F#5_0003.wav	596836	44100	24	1	4.48
Mini From Mars/WAV/Funky Crunch/Mini_FunkyCrunch_F#6.wav	590293	44100	24	1	4.431
Mini From Mars/WAV/Funky Crunch/Mini_FunkyCrunch_F#6_0001.wav	544780	44100	24	1	4.087
Mini From Mars/WAV/Funky Crunch/Mini_FunkyCrunch_F#6_0002.wav	585844	44100	24	1	4.397
Mini From Mars/WAV/Funky Crunch/Mini_FunkyCrunch_F#6_0003.wav	613588	44100	24	1	4.607
Mini From Mars/WAV/Funky Crunch/Mini_FunkyCrunch_F0.wav	590512	44100	24	1	4.432
Mini From Mars/WAV/Funky Crunch/Mini_FunkyCrunch_F0_0001.wav	581773	44100	24	1	4.366
Mini From Mars/WAV/Funky Crunch/Mini_FunkyCrunch_F0_0002.wav	595240	44100	24	1	4.468
Mini From Mars/WAV/Funky Crunch/Mini_FunkyCrunch_F0_0003.wav	609481	44100	24	1	4.576
Mini From Mars/WAV/Funky Crunch/Mini_FunkyCrunch_F1.wav	589681	44100	24	1	4.426
Mini From Mars/WAV/Funky Crunch/Mini_FunkyCrunch_F1_0001.wav	583954	44100	24	1	4.383
Mini From Mars/WAV/Funky Crunch/Mini_FunkyCrunch_F1_0002.wav	593854	44100	24	1	4.458
Mini From Mars/WAV/Funky Crunch/Mini_FunkyCrunch_F1_0003.wav	593764	44100	24	1	4.457
Mini From Mars/WAV/Funky Crunch/Mini_FunkyCrunch_F2.wav	583558	44100	24	1	4.38
Mini From Mars/WAV/Funky Crunch/Mini_FunkyCrunch_F2_0001.wav	607366	44100	24	1	4.56
Mini From Mars/WAV/Funky Crunch/Mini_FunkyCrunch_F2_0002.wav	595309	44100	24	1	4.469
Mini From Mars/WAV/Funky Crunch/Mini_FunkyCrunch_F2_0003.wav	636802	44100	24	1	4.782
Mini From Mars/WAV/Funky Crunch/Mini_FunkyCrunch_F3.wav	597871	44100	24	1	4.488
Mini From Mars/WAV/Funky Crunch/Mini_FunkyCrunch_F3_0001.wav	576730	44100	24	1	4.328
Mini From Mars/WAV/Funky Crunch/Mini_FunkyCrunch_F3_0002.wav	595318	44100	24	1	4.469
Mini From Mars/WAV/Funky Crunch/Mini_FunkyCrunch_F3_0003.wav	637144	44100	24	1	4.785
Mini From Mars/WAV/Funky Crunch/Mini_FunkyCrunch_F4.wav	599968	44100	24	1	4.504
Mini From Mars/WAV/Funky Crunch/Mini_FunkyCrunch_F4_0001.wav	564814	44100	24	1	4.238
Mini From Mars/WAV/Funky Crunch/Mini_FunkyCrunch_F4_0002.wav	594745	44100	24	1	4.464
Mini From Mars/WAV/Funky Crunch/Mini_FunkyCrunch_F4_0003.wav	609853	44100	24	1	4.579
Mini From Mars/WAV/Funky Crunch/Mini_FunkyCrunch_F5.wav	565465	44100	24	1	4.243
Mini From Mars/WAV/Funky Crunch/Mini_FunkyCrunch_F5_0001.wav	584920	44100	24	1	4.39
Mini From Mars/WAV/Funky Crunch/Mini_FunkyCrunch_F5_0002.wav	593065	44100	24	1	4.452
Mini From Mars/WAV/Funky Crunch/Mini_FunkyCrunch_F5_0003.wav	610867	44100	24	1	4.586
Mini From Mars/WAV/Funky Crunch/Mini_FunkyCrunch_F6.wav	563410	44100	24	1	4.228
Mini From Mars/WAV/Funky Crunch/Mini_FunkyCrunch_F6_0001.wav	547267	44100	24	1	4.106
Mini From Mars/WAV/Funky Crunch/Mini_FunkyCrunch_F6_0002.wav	613546	44100	24	1	4.607
Mini From Mars/WAV/Funky Crunch/Mini_FunkyCrunch_F6_0003.wav	594568	44100	24	1	4.463
Mini From Mars/WAV/Funky Crunch/Mini_FunkyCrunch_G#0.wav	592648	44100	24	1	4.449
Mini From Mars/WAV/Funky Crunch/Mini_FunkyCrunch_G#0_0001.wav	581104	44100	24	1	4.361
Mini From Mars/WAV/Funky Crunch/Mini_FunkyCrunch_G#0_0002.wav	594454	44100	24	1	4.462
Mini From Mars/WAV/Funky Crunch/Mini_FunkyCrunch_G#0_0003.wav	654823	44100	24	1	4.919
Mini From Mars/WAV/Funky Crunch/Mini_FunkyCrunch_G#1.wav	615451	44100	24	1	4.621
Mini From Mars/WAV/Funky Crunch/Mini_FunkyCrunch_G#1_0001.wav	580045	44100	24	1	4.353
Mini From Mars/WAV/Funky Crunch/Mini_FunkyCrunch_G#1_0002.wav	593389	44100	24	1	4.454
Mini From Mars/WAV/Funky Crunch/Mini_FunkyCrunch_G#1_0003.wav	594331	44100	24	1	4.461
Mini From Mars/WAV/Funky Crunch/Mini_FunkyCrunch_G#2.wav	581893	44100	24	1	4.367
Mini From Mars/WAV/Funky Crunch/Mini_FunkyCrunch_G#2_0001.wav	577339	44100	24	1	4.333
Mini From Mars/WAV/Funky Crunch/Mini_FunkyCrunch_G#2_0002.wav	595105	44100	24	1	4.467
Mini From Mars/WAV/Funky Crunch/Mini_FunkyCrunch_G#2_0003.wav	609409	44100	24	1	4.575
Mini From Mars/WAV/Funky Crunch/Mini_FunkyCrunch_G#3.wav	597001	44100	24	1	4.482
Mini From Mars/WAV/Funky Crunch/Mini_FunkyCrunch_G#3_0001.wav	573028	44100	24	1	4.3
Mini From Mars/WAV/Funky Crunch/Mini_FunkyCrunch_G#3_0002.wav	594700	44100	24	1	4.464
Mini From Mars/WAV/Funky Crunch/Mini_FunkyCrunch_G#3_0003.wav	638134	44100	24	1	4.792
Mini From Mars/WAV/Funky Crunch/Mini_FunkyCrunch_G#4.wav	562672	44100	24	1	4.222
Mini From Mars/WAV/Funky Crunch/Mini_FunkyCrunch_G#4_0001.wav	561028	44100	24	1	4.21
Mini From Mars/WAV/Funky Crunch/Mini_FunkyCrunch_G#4_0002.wav	593362	44100	24	1	4.454
Mini From Mars/WAV/Funky Crunch/Mini_FunkyCrunch_G#4_0003.wav	596704	44100	24	1	4.479
Mini From Mars/WAV/Funky Crunch/Mini_FunkyCrunch_G#5.wav	565078	44100	24	1	4.24
Mini From Mars/WAV/Funky Crunch/Mini_FunkyCrunch_G#5_0001.wav	553081	44100	24	1	4.15
Mini From Mars/WAV/Funky Crunch/Mini_FunkyCrunch_G#5_0002.wav	590386	44100	24	1	4.432
Mini From Mars/WAV/Funky Crunch/Mini_FunkyCrunch_G#5_0003.wav	596491	44100	24	1	4.478
Mini From Mars/WAV/Funky Crunch/Mini_FunkyCrunch_G#6.wav	556816	44100	24	1	4.178
Mini From Mars/WAV/Funky Crunch/Mini_FunkyCrunch_G#6_0001.wav	572041	44100	24	1	4.293
Mini From Mars/WAV/Funky Crunch/Mini_FunkyCrunch_G#6_0002.wav	583795	44100	24	1	4.382
Mini From Mars/WAV/Funky Crunch/Mini_FunkyCrunch_G#6_0003.wav	611338	44100	24	1	4.59
Mini From Mars/WAV/Funky Crunch/Mini_FunkyCrunch_G0.wav	620479	44100	24	1	4.659
Mini From Mars/WAV/Funky Crunch/Mini_FunkyCrunch_G0_0001.wav	585640	44100	24	1	4.396
Mini From Mars/WAV/Funky Crunch/Mini_FunkyCrunch_G0_0002.wav	594613	44100	24	1	4.463
Mini From Mars/WAV/Funky Crunch/Mini_FunkyCrunch_G0_0003.wav	595375	44100	24	1	4.469
Mini From Mars/WAV/Funky Crunch/Mini_FunkyCrunch_G1.wav	590113	44100	24	1	4.429
Mini From Mars/WAV/Funky Crunch/Mini_FunkyCrunch_G1_0001.wav	583432	44100	24	1	4.379
Mini From Mars/WAV/Funky Crunch/Mini_FunkyCrunch_G1_0002.wav	595555	44100	24	1	4.471
Mini From Mars/WAV/Funky Crunch/Mini_FunkyCrunch_G1_0003.wav	593857	44100	24	1	4.458
Mini From Mars/WAV/Funky Crunch/Mini_FunkyCrunch_G2.wav	583108	44100	24	1	4.377
Mini From Mars/WAV/Funky Crunch/Mini_FunkyCrunch_G2_0001.wav	604888	44100	24	1	4.541
Mini From Mars/WAV/Funky Crunch/Mini_FunkyCrunch_G2_0002.wav	623314	44100	24	1	4.68
Mini From Mars/WAV/Funky Crunch/Mini_FunkyCrunch_G2_0003.wav	637939	44100	24	1	4.791
Mini From Mars/WAV/Funky Crunch/Mini_FunkyCrunch_G3.wav	597079	44100	24	1	4.482
Mini From Mars/WAV/Funky Crunch/Mini_FunkyCrunch_G3_0001.wav	573397	44100	24	1	4.303
Mini From Mars/WAV/Funky Crunch/Mini_FunkyCrunch_G3_0002.wav	622447	44100	24	1	4.674
Mini From Mars/WAV/Funky Crunch/Mini_FunkyCrunch_G3_0003.wav	610849	44100	24	1	4.586
Mini From Mars/WAV/Funky Crunch/Mini_FunkyCrunch_G4.wav	566155	44100	24	1	4.248
Mini From Mars/WAV/Funky Crunch/Mini_FunkyCrunch_G4_0001.wav	562177	44100	24	1	4.218
Mini From Mars/WAV/Funky Crunch/Mini_FunkyCrunch_G4_0002.wav	592531	44100	24	1	4.448
Mini From Mars/WAV/Funky Crunch/Mini_FunkyCrunch_G4_0003.wav	609337	44100	24	1	4.575
Mini From Mars/WAV/Funky Crunch/Mini_FunkyCrunch_G5.wav	564712	44100	24	1	4.237
Mini From Mars/WAV/Funky Crunch/Mini_FunkyCrunch_G5_0001.wav	554899	44100	24	1	4.163
Mini From Mars/WAV/Funky Crunch/Mini_FunkyCrunch_G5_0002.wav	591253	44100	24	1	4.438
Mini From Mars/WAV/Funky Crunch/Mini_FunkyCrunch_G5_0003.wav	596104	44100	24	1	4.475
Mini From Mars/WAV/Funky Crunch/Mini_FunkyCrunch_G6.wav	590899	44100	24	1	4.435
Mini From Mars/WAV/Funky Crunch/Mini_FunkyCrunch_G6_0001.wav	544222	44100	24	1	4.083
Mini From Mars/WAV/Funky Crunch/Mini_FunkyCrunch_G6_0002.wav	584893	44100	24	1	4.39
Mini From Mars/WAV/Funky Crunch/Mini_FunkyCrunch_G6_0003.wav	594871	44100	24	1	4.465
Mini From Mars/WAV/Grand Square/Mini_GrandSquare_A#0.wav	687703	44100	24	1	5.167
Mini From Mars/WAV/Grand Square/Mini_GrandSquare_A#1.wav	686848	44100	24	1	5.161
Mini From Mars/WAV/Grand Square/Mini_GrandSquare_A#2.wav	685996	44100	24	1	5.154
Mini From Mars/WAV/Grand Square/Mini_GrandSquare_A#3.wav	685612	44100	24	1	5.151
Mini From Mars/WAV/Grand Square/Mini_GrandSquare_A#4.wav	686959	44100	24	1	5.161
Mini From Mars/WAV/Grand Square/Mini_GrandSquare_A#5.wav	686917	44100	24	1	5.161
Mini From Mars/WAV/Grand Square/Mini_GrandSquare_A#6.wav	687256	44100	24	1	5.164
Mini From Mars/WAV/Grand Square/Mini_GrandSquare_A0.wav	686461	44100	24	1	5.158
Mini From Mars/WAV/Grand Square/Mini_GrandSquare_A1.wav	688288	44100	24	1	5.172
Mini From Mars/WAV/Grand Square/Mini_GrandSquare_A2.wav	687712	44100	24	1	5.167
Mini From Mars/WAV/Grand Square/Mini_GrandSquare_A3.wav	686548	44100	24	1	5.158
Mini From Mars/WAV/Grand Square/Mini_GrandSquare_A4.wav	686485	44100	24	1	5.158
Mini From Mars/WAV/Grand Square/Mini_GrandSquare_A5.wav	686470	44100	24	1	5.158
Mini From Mars/WAV/Grand Square/Mini_GrandSquare_A6.wav	686101	44100	24	1	5.155
Mini From Mars/WAV/Grand Square/Mini_GrandSquare_B0.wav	688963	44100	24	1	5.177
Mini From Mars/WAV/Grand Square/Mini_GrandSquare_B1.wav	691441	44100	24	1	5.195
Mini From Mars/WAV/Grand Square/Mini_GrandSquare_B2.wav	685849	44100	24	1	5.153
Mini From Mars/WAV/Grand Square/Mini_GrandSquare_B3.wav	690871	44100	24	1	5.191
Mini From Mars/WAV/Grand Square/Mini_GrandSquare_B4.wav	686611	44100	24	1	5.159
Mini From Mars/WAV/Grand Square/Mini_GrandSquare_B5.wav	687619	44100	24	1	5.166
Mini From Mars/WAV/Grand Square/Mini_GrandSquare_B6.wav	686191	44100	24	1	5.156
Mini From Mars/WAV/Grand Square/Mini_GrandSquare_C#0.wav	689326	44100	24	1	5.179
Mini From Mars/WAV/Grand Square/Mini_GrandSquare_C#1.wav	686056	44100	24	1	5.155
Mini From Mars/WAV/Grand Square/Mini_GrandSquare_C#2.wav	688417	44100	24	1	5.172
Mini From Mars/WAV/Grand Square/Mini_GrandSquare_C#3.wav	687235	44100	24	1	5.164
Mini From Mars/WAV/Grand Square/Mini_GrandSquare_C#4.wav	687313	44100	24	1	5.164
Mini From Mars/WAV/Grand Square/Mini_GrandSquare_C#5.wav	686509	44100	24	1	5.158
Mini From Mars/WAV/Grand Square/Mini_GrandSquare_C#6.wav	686749	44100	24	1	5.16
Mini From Mars/WAV/Grand Square/Mini_GrandSquare_C0.wav	694141	44100	24	1	5.216
Mini From Mars/WAV/Grand Square/Mini_GrandSquare_C1.wav	690196	44100	24	1	5.186
Mini From Mars/WAV/Grand Square/Mini_GrandSquare_C2.wav	686374	44100	24	1	5.157
Mini From Mars/WAV/Grand Square/Mini_GrandSquare_C3.wav	686266	44100	24	1	5.156
Mini From Mars/WAV/Grand Square/Mini_GrandSquare_C4.wav	686095	44100	24	1	5.155
Mini From Mars/WAV/Grand Square/Mini_GrandSquare_C5.wav	686815	44100	24	1	5.16
Mini From Mars/WAV/Grand Square/Mini_GrandSquare_C6.wav	685567	44100	24	1	5.151
Mini From Mars/WAV/Grand Square/Mini_GrandSquare_C7.wav	686368	44100	24	1	5.157
Mini From Mars/WAV/Grand Square/Mini_GrandSquare_D#0.wav	688225	44100	24	1	5.171
Mini From Mars/WAV/Grand Square/Mini_GrandSquare_D#1.wav	691324	44100	24	1	5.194
Mini From Mars/WAV/Grand Square/Mini_GrandSquare_D#2.wav	685261	44100	24	1	5.149
Mini From Mars/WAV/Grand Square/Mini_GrandSquare_D#3.wav	687472	44100	24	1	5.165
Mini From Mars/WAV/Grand Square/Mini_GrandSquare_D#4.wav	686161	44100	24	1	5.155
Mini From Mars/WAV/Grand Square/Mini_GrandSquare_D#5.wav	686347	44100	24	1	5.157
Mini From Mars/WAV/Grand Square/Mini_GrandSquare_D#6.wav	686134	44100	24	1	5.155
Mini From Mars/WAV/Grand Square/Mini_GrandSquare_D0.wav	687970	44100	24	1	5.169
Mini From Mars/WAV/Grand Square/Mini_GrandSquare_D1.wav	688546	44100	24	1	5.173
Mini From Mars/WAV/Grand Square/Mini_GrandSquare_D2.wav	685729	44100	24	1	5.152
Mini From Mars/WAV/Grand Square/Mini_GrandSquare_D3.wav	685510	44100	24	1	5.151
Mini From Mars/WAV/Grand Square/Mini_GrandSquare_D4.wav	687250	44100	24	1	5.164
Mini From Mars/WAV/Grand Square/Mini_GrandSquare_D5.wav	685801	44100	24	1	5.153
Mini From Mars/WAV/Grand Square/Mini_GrandSquare_D6.wav	685735	44100	24	1	5.152
Mini From Mars/WAV/Grand Square/Mini_GrandSquare_E0.wav	693481	44100	24	1	5.211
Mini From Mars/WAV/Grand Square/Mini_GrandSquare_E1.wav	688246	44100	24	1	5.171
Mini From Mars/WAV/Grand Square/Mini_GrandSquare_E2.wav	688048	44100	24	1	5.17
Mini From Mars/WAV/Grand Square/Mini_GrandSquare_E3.wav	686317	44100	24	1	5.157
Mini From Mars/WAV/Grand Square/Mini_GrandSquare_E4.wav	685723	44100	24	1	5.152
Mini From Mars/WAV/Grand Square/Mini_GrandSquare_E5.wav	686689	44100	24	1	5.159
Mini From Mars/WAV/Grand Square/Mini_GrandSquare_E6.wav	686491	44100	24	1	5.158
Mini From Mars/WAV/Grand Square/Mini_GrandSquare_F#0.wav	689830	44100	24	1	5.183
Mini From Mars/WAV/Grand Square/Mini_GrandSquare_F#1.wav	687250	44100	24	1	5.164
Mini From Mars/WAV/Grand Square/Mini_GrandSquare_F#2.wav	686821	44100	24	1	5.16
Mini From Mars/WAV/Grand Square/Mini_GrandSquare_F#3.wav	685675	44100	24	1	5.152
Mini From Mars/WAV/Grand Square/Mini_GrandSquare_F#4.wav	688591	44100	24	1	5.174
Mini From Mars/WAV/Grand Square/Mini_GrandSquare_F#5.wav	686491	44100	24	1	5.158
Mini From Mars/WAV/Grand Square/Mini_GrandSquare_F#6.wav	686887	44100	24	1	5.161
Mini From Mars/WAV/Grand Square/Mini_GrandSquare_F0.wav	693814	44100	24	1	5.213
Mini From Mars/WAV/Grand Square/Mini_GrandSquare_F1.wav	686788	44100	24	1	5.16
Mini From Mars/WAV/Grand Square/Mini_GrandSquare_F2.wav	685729	44100	24	1	5.152
Mini From Mars/WAV/Grand Square/Mini_GrandSquare_F3.wav	688063	44100	24	1	5.17
Mini From Mars/WAV/Grand Square/Mini_GrandSquare_F4.wav	685888	44100	24	1	5.153
Mini From Mars/WAV/Grand Square/Mini_GrandSquare_F5.wav	685702	44100	24	1	5.152
Mini From Mars/WAV/Grand Square/Mini_GrandSquare_F6.wav	686485	44100	24	1	5.158
Mini From Mars/WAV/Grand Square/Mini_GrandSquare_G#0.wav	692269	44100	24	1	5.202
Mini From Mars/WAV/Grand Square/Mini_GrandSquare_G#1.wav	687805	44100	24	1	5.168
Mini From Mars/WAV/Grand Square/Mini_GrandSquare_G#2.wav	686494	44100	24	1	5.158
Mini From Mars/WAV/Grand Square/Mini_GrandSquare_G#3.wav	687202	44100	24	1	5.163
Mini From Mars/WAV/Grand Square/Mini_GrandSquare_G#4.wav	686116	44100	24	1	5.155
Mini From Mars/WAV/Grand Square/Mini_GrandSquare_G#5.wav	686461	44100	24	1	5.158
Mini From Mars/WAV/Grand Square/Mini_GrandSquare_G#6.wav	687058	44100	24	1	5.162
Mini From Mars/WAV/Grand Square/Mini_GrandSquare_G0.wav	691843	44100	24	1	5.198
Mini From Mars/WAV/Grand Square/Mini_GrandSquare_G1.wav	686839	44100	24	1	5.161
Mini From Mars/WAV/Grand Square/Mini_GrandSquare_G2.wav	686062	44100	24	1	5.155
Mini From Mars/WAV/Grand Square/Mini_GrandSquare_G3.wav	685276	44100	24	1	5.149
Mini From Mars/WAV/Grand Square/Mini_GrandSquare_G4.wav	686770	44100	24	1	5.16
Mini From Mars/WAV/Grand Square/Mini_GrandSquare_G5.wav	685432	44100	24	1	5.15
Mini From Mars/WAV/Grand Square/Mini_GrandSquare_G6.wav	687253	44100	24	1	5.164
Mini From Mars/WAV/Hairy Dog/Mini_Hairy_A#-1.wav	698431	44100	24	1	5.248
Mini From Mars/WAV/Hairy Dog/Mini_Hairy_A#0.wav	668995	44100	24	1	5.026
Mini From Mars/WAV/Hairy Dog/Mini_Hairy_A#1.wav	673639	44100	24	1	5.061
Mini From Mars/WAV/Hairy Dog/Mini_Hairy_A#2.wav	670192	44100	24	1	5.035
Mini From Mars/WAV/Hairy Dog/Mini_Hairy_A#3.wav	672169	44100	24	1	5.05
Mini From Mars/WAV/Hairy Dog/Mini_Hairy_A#4.wav	669835	44100	24	1	5.032
Mini From Mars/WAV/Hairy Dog/Mini_Hairy_A#5.wav	669433	44100	24	1	5.029
Mini From Mars/WAV/Hairy Dog/Mini_Hairy_A#6.wav	668518	44100	24	1	5.022
Mini From Mars/WAV/Hairy Dog/Mini_Hairy_A#7.wav	664111	44100	24	1	4.989
Mini From Mars/WAV/Hairy Dog/Mini_Hairy_A-1.wav	657907	44100	24	1	4.942
Mini From Mars/WAV/Hairy Dog/Mini_Hairy_A0.wav	659455	44100	24	1	4.954
Mini From Mars/WAV/Hairy Dog/Mini_Hairy_A1.wav	661540	44100	24	1	4.969
Mini From Mars/WAV/Hairy Dog/Mini_Hairy_A2.wav	661978	44100	24	1	4.973
Mini From Mars/WAV/Hairy Dog/Mini_Hairy_A3.wav	664996	44100	24	1	4.995
Mini From Mars/WAV/Hairy Dog/Mini_Hairy_A4.wav	660967	44100	24	1	4.965
Mini From Mars/WAV/Hairy Dog/Mini_Hairy_A5.wav	660043	44100	24	1	4.958
Mini From Mars/WAV/Hairy Dog/Mini_Hairy_A6.wav	662380	44100	24	1	4.976
Mini From Mars/WAV/Hairy Dog/Mini_Hairy_A7.wav	658912	44100	24	1	4.949
Mini From Mars/WAV/Hairy Dog/Mini_Hairy_B-1.wav	658102	44100	24	1	4.943
Mini From Mars/WAV/Hairy Dog/Mini_Hairy_B0.wav	661759	44100	24	1	4.971
Mini From Mars/WAV/Hairy Dog/Mini_Hairy_B1.wav	661231	44100	24	1	4.967
Mini From Mars/WAV/Hairy Dog/Mini_Hairy_B2.wav	662509	44100	24	1	4.977
Mini From Mars/WAV/Hairy Dog/Mini_Hairy_B3.wav	661033	44100	24	1	4.966
Mini From Mars/WAV/Hairy Dog/Mini_Hairy_B4.wav	689962	44100	24	1	5.184
Mini From Mars/WAV/Hairy Dog/Mini_Hairy_B5.wav	660439	44100	24	1	4.961
Mini From Mars/WAV/Hairy Dog/Mini_Hairy_B6.wav	657454	44100	24	1	4.938
Mini From Mars/WAV/Hairy Dog/Mini_Hairy_B7.wav	655339	44100	24	1	4.922
Mini From Mars/WAV/Hairy Dog/Mini_Hairy_C#-1.wav	663520	44100	24	1	4.984
Mini From Mars/WAV/Hairy Dog/Mini_Hairy_C#0.wav	661129	44100	24	1	4.966
Mini From Mars/WAV/Hairy Dog/Mini_Hairy_C#1.wav	663958	44100	24	1	4.988
Mini From Mars/WAV/Hairy Dog/Mini_Hairy_C#2.wav	665602	44100	24	1	5.0
Mini From Mars/WAV/Hairy Dog/Mini_Hairy_C#3.wav	665929	44100	24	1	5.003
Mini From Mars/WAV/Hairy Dog/Mini_Hairy_C#4.wav	690214	44100	24	1	5.186
Mini From Mars/WAV/Hairy Dog/Mini_Hairy_C#5.wav	661237	44100	24	1	4.967
Mini From Mars/WAV/Hairy Dog/Mini_Hairy_C#6.wav	661957	44100	24	1	4.972
Mini From Mars/WAV/Hairy Dog/Mini_Hairy_C#7.wav	659476	44100	24	1	4.954
Mini From Mars/WAV/Hairy Dog/Mini_Hairy_C-1.wav	678340	44100	24	1	5.096
Mini From Mars/WAV/Hairy Dog/Mini_Hairy_C0.wav	678955	44100	24	1	5.101
Mini From Mars/WAV/Hairy Dog/Mini_Hairy_C1.wav	674632	44100	24	1	5.068
Mini From Mars/WAV/Hairy Dog/Mini_Hairy_C2.wav	676249	44100	24	1	5.081
Mini From Mars/WAV/Hairy Dog/Mini_Hairy_C3.wav	678433	44100	24	1	5.097
Mini From Mars/WAV/Hairy Dog/Mini_Hairy_C4.wav	674998	44100	24	1	5.071
Mini From Mars/WAV/Hairy Dog/Mini_Hairy_C5.wav	673837	44100	24	1	5.062
Mini From Mars/WAV/Hairy Dog/Mini_Hairy_C6.wav	670795	44100	24	1	5.039
Mini From Mars/WAV/Hairy Dog/Mini_Hairy_C7.wav	667171	44100	24	1	5.012
Mini From Mars/WAV/Hairy Dog/Mini_Hairy_C8.wav	668149	44100	24	1	5.019
Mini From Mars/WAV/Hairy Dog/Mini_Hairy_D#-1.wav	662077	44100	24	1	4.973
Mini From Mars/WAV/Hairy Dog/Mini_Hairy_D#0.wav	663118	44100	24	1	4.981
Mini From Mars/WAV/Hairy Dog/Mini_Hairy_D#1.wav	661999	44100	24	1	4.973
Mini From Mars/WAV/Hairy Dog/Mini_Hairy_D#2.wav	662377	44100	24	1	4.976
Mini From Mars/WAV/Hairy Dog/Mini_Hairy_D#3.wav	664501	44100	24	1	4.992
Mini From Mars/WAV/Hairy Dog/Mini_Hairy_D#4.wav	663169	44100	24	1	4.982
Mini From Mars/WAV/Hairy Dog/Mini_Hairy_D#5.wav	660832	44100	24	1	4.964
Mini From Mars/WAV/Hairy Dog/Mini_Hairy_D#6.wav	658909	44100	24	1	4.949
Mini From Mars/WAV/Hairy Dog/Mini_Hairy_D#7.wav	657232	44100	24	1	4.937
Mini From Mars/WAV/Hairy Dog/Mini_Hairy_D-1.wav	672853	44100	24	1	5.055
Mini From Mars/WAV/Hairy Dog/Mini_Hairy_D0.wav	671017	44100	24	1	5.041
Mini From Mars/WAV/Hairy Dog/Mini_Hairy_D1.wav	671338	44100	24	1	5.043
Mini From Mars/WAV/Hairy Dog/Mini_Hairy_D2.wav	675247	44100	24	1	5.073
Mini From Mars/WAV/Hairy Dog/Mini_Hairy_D3.wav	671407	44100	24	1	5.044
Mini From Mars/WAV/Hairy Dog/Mini_Hairy_D4.wav	668668	44100	24	1	5.023
Mini From Mars/WAV/Hairy Dog/Mini_Hairy_D5.wav	672367	44100	24	1	5.051
Mini From Mars/WAV/Hairy Dog/Mini_Hairy_D6.wav	667546	44100	24	1	5.015
Mini From Mars/WAV/Hairy Dog/Mini_Hairy_D7.wav	664315	44100	24	1	4.99
Mini From Mars/WAV/Hairy Dog/Mini_Hairy_E-1.wav	673531	44100	24	1	5.06
Mini From Mars/WAV/Hairy Dog/Mini_Hairy_E0.wav	675772	44100	24	1	5.077
Mini From Mars/WAV/Hairy Dog/Mini_Hairy_E1.wav	676360	44100	24	1	5.081
Mini From Mars/WAV/Hairy Dog/Mini_Hairy_E2.wav	676177	44100	24	1	5.08
Mini From Mars/WAV/Hairy Dog/Mini_Hairy_E3.wav	709972	44100	24	1	5.335
Mini From Mars/WAV/Hairy Dog/Mini_Hairy_E4.wav	672052	44100	24	1	5.049
Mini From Mars/WAV/Hairy Dog/Mini_Hairy_E5.wav	706327	44100	24	1	5.308
Mini From Mars/WAV/Hairy Dog/Mini_Hairy_E6.wav	670582	44100	24	1	5.038
Mini From Mars/WAV/Hairy Dog/Mini_Hairy_E7.wav	666184	44100	24	1	5.004
Mini From Mars/WAV/Hairy Dog/Mini_Hairy_F#-1.wav	672352	44100	24	1	5.051
Mini From Mars/WAV/Hairy Dog/Mini_Hairy_F#0.wav	671815	44100	24	1	5.047
Mini From Mars/WAV/Hairy Dog/Mini_Hairy_F#1.wav	674218	44100	24	1	5.065
Mini From Mars/WAV/Hairy Dog/Mini_Hairy_F#2.wav	672328	44100	24	1	5.051
Mini From Mars/WAV/Hairy Dog/Mini_Hairy_F#3.wav	672568	44100	24	1	5.053
Mini From Mars/WAV/Hairy Dog/Mini_Hairy_F#4.wav	671326	44100	24	1	5.043
Mini From Mars/WAV/Hairy Dog/Mini_Hairy_F#5.wav	669289	44100	24	1	5.028
Mini From Mars/WAV/Hairy Dog/Mini_Hairy_F#6.wav	703003	44100	24	1	5.283
Mini From Mars/WAV/Hairy Dog/Mini_Hairy_F#7.wav	665623	44100	24	1	5.0
Mini From Mars/WAV/Hairy Dog/Mini_Hairy_F-1.wav	662161	44100	24	1	4.974
Mini From Mars/WAV/Hairy Dog/Mini_Hairy_F0.wav	662368	44100	24	1	4.976
Mini From Mars/WAV/Hairy Dog/Mini_Hairy_F1.wav	697861	44100	24	1	5.244
Mini From Mars/WAV/Hairy Dog/Mini_Hairy_F2.wav	665419	44100	24	1	4.999
Mini From Mars/WAV/Hairy Dog/Mini_Hairy_F3.wav	664270	44100	24	1	4.99
Mini From Mars/WAV/Hairy Dog/Mini_Hairy_F4.wav	663937	44100	24	1	4.987
Mini From Mars/WAV/Hairy Dog/Mini_Hairy_F5.wav	661594	44100	24	1	4.97
Mini From Mars/WAV/Hairy Dog/Mini_Hairy_F6.wav	692848	44100	24	1	5.206
Mini From Mars/WAV/Hairy Dog/Mini_Hairy_F7.wav	658081	44100	24	1	4.943
Mini From Mars/WAV/Hairy Dog/Mini_Hairy_G#-1.wav	702244	44100	24	1	5.277
Mini From Mars/WAV/Hairy Dog/Mini_Hairy_G#0.wav	674263	44100	24	1	5.066
Mini From Mars/WAV/Hairy Dog/Mini_Hairy_G#1.wav	674203	44100	24	1	5.065
Mini From Mars/WAV/Hairy Dog/Mini_Hairy_G#2.wav	679984	44100	24	1	5.109
Mini From Mars/WAV/Hairy Dog/Mini_Hairy_G#3.wav	674218	44100	24	1	5.065
Mini From Mars/WAV/Hairy Dog/Mini_Hairy_G#4.wav	671764	44100	24	1	5.047
Mini From Mars/WAV/Hairy Dog/Mini_Hairy_G#5.wav	673876	44100	24	1	5.063
Mini From Mars/WAV/Hairy Dog/Mini_Hairy_G#6.wav	670024	44100	24	1	5.033
Mini From Mars/WAV/Hairy Dog/Mini_Hairy_G#7.wav	666007	44100	24	1	5.003
Mini From Mars/WAV/Hairy Dog/Mini_Hairy_G-1.wav	663484	44100	24	1	4.984
Mini From Mars/WAV/Hairy Dog/Mini_Hairy_G0.wav	661291	44100	24	1	4.967
Mini From Mars/WAV/Hairy Dog/Mini_Hairy_G1.wav	662215	44100	24	1	4.974
Mini From Mars/WAV/Hairy Dog/Mini_Hairy_G2.wav	663304	44100	24	1	4.983
Mini From Mars/WAV/Hairy Dog/Mini_Hairy_G3.wav	661825	44100	24	1	4.971
Mini From Mars/WAV/Hairy Dog/Mini_Hairy_G4.wav	661342	44100	24	1	4.968
Mini From Mars/WAV/Hairy Dog/Mini_Hairy_G5.wav	660562	44100	24	1	4.962
Mini From Mars/WAV/Hairy Dog/Mini_Hairy_G6.wav	659305	44100	24	1	4.952
Mini From Mars/WAV/Hairy Dog/Mini_Hairy_G7.wav	656980	44100	24	1	4.935
Mini From Mars/WAV/Harmonium/Mini_Harmonium_A#0.wav	410659	44100	24	1	3.073
Mini From Mars/WAV/Harmonium/Mini_Harmonium_A#1.wav	405265	44100	24	1	3.032
Mini From Mars/WAV/Harmonium/Mini_Harmonium_A#2.wav	405118	44100	24	1	3.031
Mini From Mars/WAV/Harmonium/Mini_Harmonium_A#3.wav	403867	44100	24	1	3.022
Mini From Mars/WAV/Harmonium/Mini_Harmonium_A#4.wav	402403	44100	24	1	3.011
Mini From Mars/WAV/Harmonium/Mini_Harmonium_A#5.wav	403447	44100	24	1	3.019
Mini From Mars/WAV/Harmonium/Mini_Harmonium_A#6.wav	403069	44100	24	1	3.016
Mini From Mars/WAV/Harmonium/Mini_Harmonium_A0.wav	409228	44100	24	1	3.062
Mini From Mars/WAV/Harmonium/Mini_Harmonium_A1.wav	409450	44100	24	1	3.064
Mini From Mars/WAV/Harmonium/Mini_Harmonium_A2.wav	406531	44100	24	1	3.042
Mini From Mars/WAV/Harmonium/Mini_Harmonium_A3.wav	403675	44100	24	1	3.02
Mini From Mars/WAV/Harmonium/Mini_Harmonium_A4.wav	401911	44100	24	1	3.007
Mini From Mars/WAV/Harmonium/Mini_Harmonium_A5.wav	404650	44100	24	1	3.028
Mini From Mars/WAV/Harmonium/Mini_Harmonium_A6.wav	403411	44100	24	1	3.018
Mini From Mars/WAV/Harmonium/Mini_Harmonium_B0.wav	409945	44100	24	1	3.068
Mini From Mars/WAV/Harmonium/Mini_Harmonium_B1.wav	405409	44100	24	1	3.033
Mini From Mars/WAV/Harmonium/Mini_Harmonium_B2.wav	406342	44100	24	1	3.04
Mini From Mars/WAV/Harmonium/Mini_Harmonium_B3.wav	404431	44100	24	1	3.026
Mini From Mars/WAV/Harmonium/Mini_Harmonium_B4.wav	404290	44100	24	1	3.025
Mini From Mars/WAV/Harmonium/Mini_Harmonium_B5.wav	403618	44100	24	1	3.02
Mini From Mars/WAV/Harmonium/Mini_Harmonium_B6.wav	404182	44100	24	1	3.024
Mini From Mars/WAV/Harmonium/Mini_Harmonium_C#0.wav	406246	44100	24	1	3.04
Mini From Mars/WAV/Harmonium/Mini_Harmonium_C#1.wav	406138	44100	24	1	3.039
Mini From Mars/WAV/Harmonium/Mini_Harmonium_C#2.wav	408169	44100	24	1	3.054
Mini From Mars/WAV/Harmonium/Mini_Harmonium_C#3.wav	406372	44100	24	1	3.041
Mini From Mars/WAV/Harmonium/Mini_Harmonium_C#4.wav	403885	44100	24	1	3.022
Mini From Mars/WAV/Harmonium/Mini_Harmonium_C#5.wav	402346	44100	24	1	3.01
Mini From Mars/WAV/Harmonium/Mini_Harmonium_C#6.wav	403954	44100	24	1	3.022
Mini From Mars/WAV/Harmonium/Mini_Harmonium_C0.wav	409603	44100	24	1	3.065
Mini From Mars/WAV/Harmonium/Mini_Harmonium_C1.wav	408307	44100	24	1	3.055
Mini From Mars/WAV/Harmonium/Mini_Harmonium_C2.wav	408754	44100	24	1	3.059
Mini From Mars/WAV/Harmonium/Mini_Harmonium_C3.wav	403951	44100	24	1	3.022
Mini From Mars/WAV/Harmonium/Mini_Harmonium_C4.wav	403264	44100	24	1	3.017
Mini From Mars/WAV/Harmonium/Mini_Harmonium_C5.wav	404191	44100	24	1	3.024
Mini From Mars/WAV/Harmonium/Mini_Harmonium_C6.wav	404683	44100	24	1	3.028
Mini From Mars/WAV/Harmonium/Mini_Harmonium_C7.wav	402577	44100	24	1	3.012
Mini From Mars/WAV/Harmonium/Mini_Harmonium_D#0.wav	409381	44100	24	1	3.063
Mini From Mars/WAV/Harmonium/Mini_Harmonium_D#1.wav	405226	44100	24	1	3.032
Mini From Mars/WAV/Harmonium/Mini_Harmonium_D#2.wav	407551	44100	24	1	3.05
Mini From Mars/WAV/Harmonium/Mini_Harmonium_D#3.wav	403336	44100	24	1	3.018
Mini From Mars/WAV/Harmonium/Mini_Harmonium_D#4.wav	404416	44100	24	1	3.026
Mini From Mars/WAV/Harmonium/Mini_Harmonium_D#5.wav	403162	44100	24	1	3.016
Mini From Mars/WAV/Harmonium/Mini_Harmonium_D#6.wav	404476	44100	24	1	3.026
Mini From Mars/WAV/Harmonium/Mini_Harmonium_D0.wav	406864	44100	24	1	3.044
Mini From Mars/WAV/Harmonium/Mini_Harmonium_D1.wav	406009	44100	24	1	3.038
Mini From Mars/WAV/Harmonium/Mini_Harmonium_D2.wav	405586	44100	24	1	3.035
Mini From Mars/WAV/Harmonium/Mini_Harmonium_D3.wav	403888	44100	24	1	3.022
Mini From Mars/WAV/Harmonium/Mini_Harmonium_D4.wav	403741	44100	24	1	3.021
Mini From Mars/WAV/Harmonium/Mini_Harmonium_D5.wav	403543	44100	24	1	3.019
Mini From Mars/WAV/Harmonium/Mini_Harmonium_D6.wav	403597	44100	24	1	3.02
Mini From Mars/WAV/Harmonium/Mini_Harmonium_E0.wav	412036	44100	24	1	3.083
Mini From Mars/WAV/Harmonium/Mini_Harmonium_E1.wav	405553	44100	24	1	3.034
Mini From Mars/WAV/Harmonium/Mini_Harmonium_E2.wav	406108	44100	24	1	3.039
Mini From Mars/WAV/Harmonium/Mini_Harmonium_E3.wav	404806	44100	24	1	3.029
Mini From Mars/WAV/Harmonium/Mini_Harmonium_E4.wav	403888	44100	24	1	3.022
Mini From Mars/WAV/Harmonium/Mini_Harmonium_E5.wav	402925	44100	24	1	3.015
Mini From Mars/WAV/Harmonium/Mini_Harmonium_E6.wav	404278	44100	24	1	3.025
Mini From Mars/WAV/Harmonium/Mini_Harmonium_F#0.wav	405721	44100	24	1	3.036
Mini From Mars/WAV/Harmonium/Mini_Harmonium_F#1.wav	405067	44100	24	1	3.031
Mini From Mars/WAV/Harmonium/Mini_Harmonium_F#2.wav	406333	44100	24	1	3.04
Mini From Mars/WAV/Harmonium/Mini_Harmonium_F#3.wav	402598	44100	24	1	3.012
Mini From Mars/WAV/Harmonium/Mini_Harmonium_F#4.wav	403312	44100	24	1	3.018
Mini From Mars/WAV/Harmonium/Mini_Harmonium_F#5.wav	405025	44100	24	1	3.03
Mini From Mars/WAV/Harmonium/Mini_Harmonium_F#6.wav	403807	44100	24	1	3.021
Mini From Mars/WAV/Harmonium/Mini_Harmonium_F0.wav	406294	44100	24	1	3.04
Mini From Mars/WAV/Harmonium/Mini_Harmonium_F1.wav	407692	44100	24	1	3.051
Mini From Mars/WAV/Harmonium/Mini_Harmonium_F2.wav	407566	44100	24	1	3.05
Mini From Mars/WAV/Harmonium/Mini_Harmonium_F3.wav	404713	44100	24	1	3.028
Mini From Mars/WAV/Harmonium/Mini_Harmonium_F4.wav	402550	44100	24	1	3.012
Mini From Mars/WAV/Harmonium/Mini_Harmonium_F5.wav	403330	44100	24	1	3.018
Mini From Mars/WAV/Harmonium/Mini_Harmonium_F6.wav	402919	44100	24	1	3.015
Mini From Mars/WAV/Harmonium/Mini_Harmonium_G#0.wav	405217	44100	24	1	3.032
Mini From Mars/WAV/Harmonium/Mini_Harmonium_G#1.wav	406285	44100	24	1	3.04
Mini From Mars/WAV/Harmonium/Mini_Harmonium_G#2.wav	407230	44100	24	1	3.047
Mini From Mars/WAV/Harmonium/Mini_Harmonium_G#3.wav	403057	44100	24	1	3.016
Mini From Mars/WAV/Harmonium/Mini_Harmonium_G#4.wav	405046	44100	24	1	3.031
Mini From Mars/WAV/Harmonium/Mini_Harmonium_G#5.wav	403984	44100	24	1	3.023
Mini From Mars/WAV/Harmonium/Mini_Harmonium_G#6.wav	402706	44100	24	1	3.013
Mini From Mars/WAV/Harmonium/Mini_Harmonium_G0.wav	409480	44100	24	1	3.064
Mini From Mars/WAV/Harmonium/Mini_Harmonium_G1.wav	409756	44100	24	1	3.066
Mini From Mars/WAV/Harmonium/Mini_Harmonium_G2.wav	406309	44100	24	1	3.04
Mini From Mars/WAV/Harmonium/Mini_Harmonium_G3.wav	403975	44100	24	1	3.023
Mini From Mars/WAV/Harmonium/Mini_Harmonium_G4.wav	403801	44100	24	1	3.021
Mini From Mars/WAV/Harmonium/Mini_Harmonium_G5.wav	404806	44100	24	1	3.029
Mini From Mars/WAV/Harmonium/Mini_Harmonium_G6.wav	405145	44100	24	1	3.031
Mini From Mars/WAV/Haus Baby/Mini_HausBaby_A#1.wav	1192630	44100	24	2	4.492
Mini From Mars/WAV/Haus Baby/Mini_HausBaby_A#1_0001.wav	1198558	44100	24	2	4.514
Mini From Mars/WAV/Haus Baby/Mini_HausBaby_A#1_0002.wav	1193518	44100	24	2	4.495
Mini From Mars/WAV/Haus Baby/Mini_HausBaby_A#2.wav	1250566	44100	24	2	4.711
Mini From Mars/WAV/Haus Baby/Mini_HausBaby_A#2_0001.wav	1194952	44100	24	2	4.501
Mini From Mars/WAV/Haus Baby/Mini_HausBaby_A#2_0002.wav	1196848	44100	24	2	4.508
Mini From Mars/WAV/Haus Baby/Mini_HausBaby_A#3.wav	1192222	44100	24	2	4.49
Mini From Mars/WAV/Haus Baby/Mini_HausBaby_A#3_0001.wav	1190338	44100	24	2	4.483
Mini From Mars/WAV/Haus Baby/Mini_HausBaby_A#3_0002.wav	1193074	44100	24	2	4.493
Mini From Mars/WAV/Haus Baby/Mini_HausBaby_A#4.wav	1185712	44100	24	2	4.466
Mini From Mars/WAV/Haus Baby/Mini_HausBaby_A#4_0001.wav	1194220	44100	24	2	4.498
Mini From Mars/WAV/Haus Baby/Mini_HausBaby_A#4_0002.wav	1249420	44100	24	2	4.706
Mini From Mars/WAV/Haus Baby/Mini_HausBaby_A#5.wav	1186444	44100	24	2	4.468
Mini From Mars/WAV/Haus Baby/Mini_HausBaby_A#5_0001.wav	1250146	44100	24	2	4.709
Mini From Mars/WAV/Haus Baby/Mini_HausBaby_A#5_0002.wav	1192678	44100	24	2	4.492
Mini From Mars/WAV/Haus Baby/Mini_HausBaby_A#6.wav	1179586	44100	24	2	4.443
Mini From Mars/WAV/Haus Baby/Mini_HausBaby_A#6_0001.wav	1186834	44100	24	2	4.47
Mini From Mars/WAV/Haus Baby/Mini_HausBaby_A#6_0002.wav	1194478	44100	24	2	4.499
Mini From Mars/WAV/Haus Baby/Mini_HausBaby_A#7.wav	1170034	44100	24	2	4.406
Mini From Mars/WAV/Haus Baby/Mini_HausBaby_A#7_0001.wav	1183198	44100	24	2	4.456
Mini From Mars/WAV/Haus Baby/Mini_HausBaby_A#7_0002.wav	1190698	44100	24	2	4.485
Mini From Mars/WAV/Haus Baby/Mini_HausBaby_A1.wav	1267870	44100	24	2	4.776
Mini From Mars/WAV/Haus Baby/Mini_HausBaby_A1_0001.wav	1191982	44100	24	2	4.489
Mini From Mars/WAV/Haus Baby/Mini_HausBaby_A1_0002.wav	1194190	44100	24	2	4.498
Mini From Mars/WAV/Haus Baby/Mini_HausBaby_A2.wav	1192942	44100	24	2	4.493
Mini From Mars/WAV/Haus Baby/Mini_HausBaby_A2_0001.wav	1191586	44100	24	2	4.488
Mini From Mars/WAV/Haus Baby/Mini_HausBaby_A2_0002.wav	1190992	44100	24	2	4.486
Mini From Mars/WAV/Haus Baby/Mini_HausBaby_A3.wav	1193758	44100	24	2	4.496
Mini From Mars/WAV/Haus Baby/Mini_HausBaby_A3_0001.wav	1250152	44100	24	2	4.709
Mini From Mars/WAV/Haus Baby/Mini_HausBaby_A3_0002.wav	1194910	44100	24	2	4.5
Mini From Mars/WAV/Haus Baby/Mini_HausBaby_A4.wav	1187056	44100	24	2	4.471
Mini From Mars/WAV/Haus Baby/Mini_HausBaby_A4_0001.wav	1190536	44100	24	2	4.484
Mini From Mars/WAV/Haus Baby/Mini_HausBaby_A4_0002.wav	1193536	44100	24	2	4.495
Mini From Mars/WAV/Haus Baby/Mini_HausBaby_A5.wav	1183390	44100	24	2	4.457
Mini From Mars/WAV/Haus Baby/Mini_HausBaby_A5_0001.wav	1192690	44100	24	2	4.492
Mini From Mars/WAV/Haus Baby/Mini_HausBaby_A5_0002.wav	1251358	44100	24	2	4.714
Mini From Mars/WAV/Haus Baby/Mini_HausBaby_A6.wav	1178494	44100	24	2	4.438
Mini From Mars/WAV/Haus Baby/Mini_HausBaby_A6_0001.wav	1190182	44100	24	2	4.483
Mini From Mars/WAV/Haus Baby/Mini_HausBaby_A6_0002.wav	1252072	44100	24	2	4.716
Mini From Mars/WAV/Haus Baby/Mini_HausBaby_A7.wav	1167532	44100	24	2	4.397
Mini From Mars/WAV/Haus Baby/Mini_HausBaby_A7_0001.wav	1189942	44100	24	2	4.482
Mini From Mars/WAV/Haus Baby/Mini_HausBaby_A7_0002.wav	1190686	44100	24	2	4.484
Mini From Mars/WAV/Haus Baby/Mini_HausBaby_B1.wav	1191142	44100	24	2	4.486
Mini From Mars/WAV/Haus Baby/Mini_HausBaby_B1_0001.wav	1198348	44100	24	2	4.513
Mini From Mars/WAV/Haus Baby/Mini_HausBaby_B1_0002.wav	1271656	44100	24	2	4.79
Mini From Mars/WAV/Haus Baby/Mini_HausBaby_B2.wav	1195984	44100	24	2	4.504
Mini From Mars/WAV/Haus Baby/Mini_HausBaby_B2_0001.wav	1195648	44100	24	2	4.503
Mini From Mars/WAV/Haus Baby/Mini_HausBaby_B2_0002.wav	1187818	44100	24	2	4.474
Mini From Mars/WAV/Haus Baby/Mini_HausBaby_B3.wav	1193680	44100	24	2	4.496
Mini From Mars/WAV/Haus Baby/Mini_HausBaby_B3_0001.wav	1192246	44100	24	2	4.49
Mini From Mars/WAV/Haus Baby/Mini_HausBaby_B3_0002.wav	1195228	44100	24	2	4.502
Mini From Mars/WAV/Haus Baby/Mini_HausBaby_B4.wav	1187116	44100	24	2	4.471
Mini From Mars/WAV/Haus Baby/Mini_HausBaby_B4_0001.wav	1250266	44100	24	2	4.71
Mini From Mars/WAV/Haus Baby/Mini_HausBaby_B4_0002.wav	1188724	44100	24	2	4.477
Mini From Mars/WAV/Haus Baby/Mini_HausBaby_B5.wav	1180570	44100	24	2	4.446
Mini From Mars/WAV/Haus Baby/Mini_HausBaby_B5_0001.wav	1193014	44100	24	2	4.493
Mini From Mars/WAV/Haus Baby/Mini_HausBaby_B5_0002.wav	1249048	44100	24	2	4.705
Mini From Mars/WAV/Haus Baby/Mini_HausBaby_B6.wav	1180312	44100	24	2	4.445
Mini From Mars/WAV/Haus Baby/Mini_HausBaby_B6_0001.wav	1190284	44100	24	2	4.483
Mini From Mars/WAV/Haus Baby/Mini_HausBaby_B6_0002.wav	1193212	44100	24	2	4.494
Mini From Mars/WAV/Haus Baby/Mini_HausBaby_B7.wav	1170346	44100	24	2	4.408
Mini From Mars/WAV/Haus Baby/Mini_HausBaby_B7_0001.wav	1184656	44100	24	2	4.462
Mini From Mars/WAV/Haus Baby/Mini_HausBaby_B7_0002.wav	1191880	44100	24	2	4.489
Mini From Mars/WAV/Haus Baby/Mini_HausBaby_C#1.wav	1194208	44100	24	2	4.498
Mini From Mars/WAV/Haus Baby/Mini_HausBaby_C#1_0001.wav	1193140	44100	24	2	4.494
Mini From Mars/WAV/Haus Baby/Mini_HausBaby_C#1_0002.wav	1193926	44100	24	2	4.497
Mini From Mars/WAV/Haus Baby/Mini_HausBaby_C#2.wav	1257484	44100	24	2	4.737
Mini From Mars/WAV/Haus Baby/Mini_HausBaby_C#2_0001.wav	1188718	44100	24	2	4.477
Mini From Mars/WAV/Haus Baby/Mini_HausBaby_C#2_0002.wav	1193584	44100	24	2	4.495
Mini From Mars/WAV/Haus Baby/Mini_HausBaby_C#3.wav	1194082	44100	24	2	4.497
Mini From Mars/WAV/Haus Baby/Mini_HausBaby_C#3_0001.wav	1197790	44100	24	2	4.511
Mini From Mars/WAV/Haus Baby/Mini_HausBaby_C#3_0002.wav	1252636	44100	24	2	4.719
Mini From Mars/WAV/Haus Baby/Mini_HausBaby_C#4.wav	1188034	44100	24	2	4.474
Mini From Mars/WAV/Haus Baby/Mini_HausBaby_C#4_0001.wav	1191892	44100	24	2	4.489
Mini From Mars/WAV/Haus Baby/Mini_HausBaby_C#4_0002.wav	1252402	44100	24	2	4.718
Mini From Mars/WAV/Haus Baby/Mini_HausBaby_C#5.wav	1187920	44100	24	2	4.474
Mini From Mars/WAV/Haus Baby/Mini_HausBaby_C#5_0001.wav	1250764	44100	24	2	4.712
Mini From Mars/WAV/Haus Baby/Mini_HausBaby_C#5_0002.wav	1190716	44100	24	2	4.485
Mini From Mars/WAV/Haus Baby/Mini_HausBaby_C#6.wav	1183924	44100	24	2	4.459
Mini From Mars/WAV/Haus Baby/Mini_HausBaby_C#6_0001.wav	1191442	44100	24	2	4.487
Mini From Mars/WAV/Haus Baby/Mini_HausBaby_C#6_0002.wav	1250224	44100	24	2	4.709
Mini From Mars/WAV/Haus Baby/Mini_HausBaby_C#7.wav	1175944	44100	24	2	4.429
Mini From Mars/WAV/Haus Baby/Mini_HausBaby_C#7_0001.wav	1185730	44100	24	2	4.466
Mini From Mars/WAV/Haus Baby/Mini_HausBaby_C#7_0002.wav	1191466	44100	24	2	4.487
Mini From Mars/WAV/Haus Baby/Mini_HausBaby_C1.wav	1187398	44100	24	2	4.472
Mini From Mars/WAV/Haus Baby/Mini_HausBaby_C1_0001.wav	1193614	44100	24	2	4.496
Mini From Mars/WAV/Haus Baby/Mini_HausBaby_C1_0002.wav	1189030	44100	24	2	4.478
Mini From Mars/WAV/Haus Baby/Mini_HausBaby_C2.wav	1191760	44100	24	2	4.489
Mini From Mars/WAV/Haus Baby/Mini_HausBaby_C2_0001.wav	1196272	44100	24	2	4.506
Mini From Mars/WAV/Haus Baby/Mini_HausBaby_C2_0002.wav	1197148	44100	24	2	4.509
Mini From Mars/WAV/Haus Baby/Mini_HausBaby_C3.wav	1187728	44100	24	2	4.473
Mini From Mars/WAV/Haus Baby/Mini_HausBaby_C3_0001.wav	1195444	44100	24	2	4.502
Mini From Mars/WAV/Haus Baby/Mini_HausBaby_C3_0002.wav	1195348	44100	24	2	4.502
Mini From Mars/WAV/Haus Baby/Mini_HausBaby_C4.wav	1193674	44100	24	2	4.496
Mini From Mars/WAV/Haus Baby/Mini_HausBaby_C4_0001.wav	1192744	44100	24	2	4.492
Mini From Mars/WAV/Haus Baby/Mini_HausBaby_C4_0002.wav	1195978	44100	24	2	4.504
Mini From Mars/WAV/Haus Baby/Mini_HausBaby_C5.wav	1189276	44100	24	2	4.479
Mini From Mars/WAV/Haus Baby/Mini_HausBaby_C5_0001.wav	1192684	44100	24	2	4.492
Mini From Mars/WAV/Haus Baby/Mini_HausBaby_C5_0002.wav	1192186	44100	24	2	4.49
Mini From Mars/WAV/Haus Baby/Mini_HausBaby_C6.wav	1244464	44100	24	2	4.688
Mini From Mars/WAV/Haus Baby/Mini_HausBaby_C6_0001.wav	1250146	44100	24	2	4.709
Mini From Mars/WAV/Haus Baby/Mini_HausBaby_C6_0002.wav	1193446	44100	24	2	4.495
Mini From Mars/WAV/Haus Baby/Mini_HausBaby_C7.wav	1172602	44100	24	2	4.416
Mini From Mars/WAV/Haus Baby/Mini_HausBaby_C7_0001.wav	1188580	44100	24	2	4.477
Mini From Mars/WAV/Haus Baby/Mini_HausBaby_C7_0002.wav	1246780	44100	24	2	4.696
Mini From Mars/WAV/Haus Baby/Mini_HausBaby_C8.wav	1168978	44100	24	2	4.402
Mini From Mars/WAV/Haus Baby/Mini_HausBaby_C8_0001.wav	1183000	44100	24	2	4.455
Mini From Mars/WAV/Haus Baby/Mini_HausBaby_C8_0002.wav	1192666	44100	24	2	4.492
Mini From Mars/WAV/Haus Baby/Mini_HausBaby_D#1.wav	1189642	44100	24	2	4.481
Mini From Mars/WAV/Haus Baby/Mini_HausBaby_D#1_0001.wav	1198852	44100	24	2	4.515
Mini From Mars/WAV/Haus Baby/Mini_HausBaby_D#1_0002.wav	1214902	44100	24	2	4.576
Mini From Mars/WAV/Haus Baby/Mini_HausBaby_D#2.wav	1191934	44100	24	2	4.489
Mini From Mars/WAV/Haus Baby/Mini_HausBaby_D#2_0001.wav	1195726	44100	24	2	4.504
Mini From Mars/WAV/Haus Baby/Mini_HausBaby_D#2_0002.wav	1194952	44100	24	2	4.501
Mini From Mars/WAV/Haus Baby/Mini_HausBaby_D#3.wav	1191940	44100	24	2	4.489
Mini From Mars/WAV/Haus Baby/Mini_HausBaby_D#3_0001.wav	1191142	44100	24	2	4.486
Mini From Mars/WAV/Haus Baby/Mini_HausBaby_D#3_0002.wav	1190818	44100	24	2	4.485
Mini From Mars/WAV/Haus Baby/Mini_HausBaby_D#4.wav	1188538	44100	24	2	4.476
Mini From Mars/WAV/Haus Baby/Mini_HausBaby_D#4_0001.wav	1194592	44100	24	2	4.499
Mini From Mars/WAV/Haus Baby/Mini_HausBaby_D#4_0002.wav	1194154	44100	24	2	4.498
Mini From Mars/WAV/Haus Baby/Mini_HausBaby_D#5.wav	1185406	44100	24	2	4.465
Mini From Mars/WAV/Haus Baby/Mini_HausBaby_D#5_0001.wav	1254316	44100	24	2	4.725
Mini From Mars/WAV/Haus Baby/Mini_HausBaby_D#5_0002.wav	1193440	44100	24	2	4.495
Mini From Mars/WAV/Haus Baby/Mini_HausBaby_D#6.wav	1181122	44100	24	2	4.448
Mini From Mars/WAV/Haus Baby/Mini_HausBaby_D#6_0001.wav	1254364	44100	24	2	4.725
Mini From Mars/WAV/Haus Baby/Mini_HausBaby_D#6_0002.wav	1192402	44100	24	2	4.491
Mini From Mars/WAV/Haus Baby/Mini_HausBaby_D#7.wav	1173388	44100	24	2	4.419
Mini From Mars/WAV/Haus Baby/Mini_HausBaby_D#7_0001.wav	1190458	44100	24	2	4.484
Mini From Mars/WAV/Haus Baby/Mini_HausBaby_D#7_0002.wav	1191904	44100	24	2	4.489
Mini From Mars/WAV/Haus Baby/Mini_HausBaby_D1.wav	1187038	44100	24	2	4.471
Mini From Mars/WAV/Haus Baby/Mini_HausBaby_D1_0001.wav	1195270	44100	24	2	4.502
Mini From Mars/WAV/Haus Baby/Mini_HausBaby_D1_0002.wav	1189528	44100	24	2	4.48
Mini From Mars/WAV/Haus Baby/Mini_HausBaby_D2.wav	1193326	44100	24	2	4.494
Mini From Mars/WAV/Haus Baby/Mini_HausBaby_D2_0001.wav	1251778	44100	24	2	4.715
Mini From Mars/WAV/Haus Baby/Mini_HausBaby_D2_0002.wav	1195348	44100	24	2	4.502
Mini From Mars/WAV/Haus Baby/Mini_HausBaby_D3.wav	1188460	44100	24	2	4.476
Mini From Mars/WAV/Haus Baby/Mini_HausBaby_D3_0001.wav	1192996	44100	24	2	4.493
Mini From Mars/WAV/Haus Baby/Mini_HausBaby_D3_0002.wav	1196548	44100	24	2	4.507
Mini From Mars/WAV/Haus Baby/Mini_HausBaby_D4.wav	1194490	44100	24	2	4.499
Mini From Mars/WAV/Haus Baby/Mini_HausBaby_D4_0001.wav	1190764	44100	24	2	4.485
Mini From Mars/WAV/Haus Baby/Mini_HausBaby_D4_0002.wav	1189930	44100	24	2	4.482
Mini From Mars/WAV/Haus Baby/Mini_HausBaby_D5.wav	1246714	44100	24	2	4.696
Mini From Mars/WAV/Haus Baby/Mini_HausBaby_D5_0001.wav	1194580	44100	24	2	4.499
Mini From Mars/WAV/Haus Baby/Mini_HausBaby_D5_0002.wav	1251310	44100	24	2	4.714
Mini From Mars/WAV/Haus Baby/Mini_HausBaby_D6.wav	1180192	44100	24	2	4.445
Mini From Mars/WAV/Haus Baby/Mini_HausBaby_D6_0001.wav	1190692	44100	24	2	4.484
Mini From Mars/WAV/Haus Baby/Mini_HausBaby_D6_0002.wav	1193050	44100	24	2	4.493
Mini From Mars/WAV/Haus Baby/Mini_HausBaby_D7.wav	1175554	44100	24	2	4.427
Mini From Mars/WAV/Haus Baby/Mini_HausBaby_D7_0001.wav	1186114	44100	24	2	4.467
Mini From Mars/WAV/Haus Baby/Mini_HausBaby_D7_0002.wav	1192162	44100	24	2	4.49
Mini From Mars/WAV/Haus Baby/Mini_HausBaby_E1.wav	1188118	44100	24	2	4.475
Mini From Mars/WAV/Haus Baby/Mini_HausBaby_E1_0001.wav	1194652	44100	24	2	4.499
Mini From Mars/WAV/Haus Baby/Mini_HausBaby_E1_0002.wav	1199422	44100	24	2	4.517
Mini From Mars/WAV/Haus Baby/Mini_HausBaby_E2.wav	1190602	44100	24	2	4.484
Mini From Mars/WAV/Haus Baby/Mini_HausBaby_E2_0001.wav	1192768	44100	24	2	4.492
Mini From Mars/WAV/Haus Baby/Mini_HausBaby_E2_0002.wav	1192900	44100	24	2	4.493
Mini From Mars/WAV/Haus Baby/Mini_HausBaby_E3.wav	1189600	44100	24	2	4.48
Mini From Mars/WAV/Haus Baby/Mini_HausBaby_E3_0001.wav	1192594	44100	24	2	4.492
Mini From Mars/WAV/Haus Baby/Mini_HausBaby_E3_0002.wav	1251466	44100	24	2	4.714
Mini From Mars/WAV/Haus Baby/Mini_HausBaby_E4.wav	1189078	44100	24	2	4.478
Mini From Mars/WAV/Haus Baby/Mini_HausBaby_E4_0001.wav	1192252	44100	24	2	4.49
Mini From Mars/WAV/Haus Baby/Mini_HausBaby_E4_0002.wav	1194964	44100	24	2	4.501
Mini From Mars/WAV/Haus Baby/Mini_HausBaby_E5.wav	1244050	44100	24	2	4.686
Mini From Mars/WAV/Haus Baby/Mini_HausBaby_E5_0001.wav	1191130	44100	24	2	4.486
Mini From Mars/WAV/Haus Baby/Mini_HausBaby_E5_0002.wav	1194442	44100	24	2	4.499
Mini From Mars/WAV/Haus Baby/Mini_HausBaby_E6.wav	1238578	44100	24	2	4.665
Mini From Mars/WAV/Haus Baby/Mini_HausBaby_E6_0001.wav	1192672	44100	24	2	4.492
Mini From Mars/WAV/Haus Baby/Mini_HausBaby_E6_0002.wav	1194892	44100	24	2	4.5
Mini From Mars/WAV/Haus Baby/Mini_HausBaby_E7.wav	1171108	44100	24	2	4.41
Mini From Mars/WAV/Haus Baby/Mini_HausBaby_E7_0001.wav	1188394	44100	24	2	4.476
Mini From Mars/WAV/Haus Baby/Mini_HausBaby_E7_0002.wav	1190368	44100	24	2	4.483
Mini From Mars/WAV/Haus Baby/Mini_HausBaby_F#1.wav	1193032	44100	24	2	4.493
Mini From Mars/WAV/Haus Baby/Mini_HausBaby_F#1_0001.wav	1192516	44100	24	2	4.491
Mini From Mars/WAV/Haus Baby/Mini_HausBaby_F#1_0002.wav	1195126	44100	24	2	4.501
Mini From Mars/WAV/Haus Baby/Mini_HausBaby_F#2.wav	1263562	44100	24	2	4.76
Mini From Mars/WAV/Haus Baby/Mini_HausBaby_F#2_0001.wav	1195360	44100	24	2	4.502
Mini From Mars/WAV/Haus Baby/Mini_HausBaby_F#2_0002.wav	1196830	44100	24	2	4.508
Mini From Mars/WAV/Haus Baby/Mini_HausBaby_F#3.wav	1247068	44100	24	2	4.698
Mini From Mars/WAV/Haus Baby/Mini_HausBaby_F#3_0001.wav	1192078	44100	24	2	4.49
Mini From Mars/WAV/Haus Baby/Mini_HausBaby_F#3_0002.wav	1191094	44100	24	2	4.486
Mini From Mars/WAV/Haus Baby/Mini_HausBaby_F#4.wav	1192078	44100	24	2	4.49
Mini From Mars/WAV/Haus Baby/Mini_HausBaby_F#4_0001.wav	1191040	44100	24	2	4.486
Mini From Mars/WAV/Haus Baby/Mini_HausBaby_F#4_0002.wav	1191406	44100	24	2	4.487
Mini From Mars/WAV/Haus Baby/Mini_HausBaby_F#5.wav	1186900	44100	24	2	4.47
Mini From Mars/WAV/Haus Baby/Mini_HausBaby_F#5_0001.wav	1192264	44100	24	2	4.49
Mini From Mars/WAV/Haus Baby/Mini_HausBaby_F#5_0002.wav	1189906	44100	24	2	4.482
Mini From Mars/WAV/Haus Baby/Mini_HausBaby_F#6.wav	1179490	44100	24	2	4.442
Mini From Mars/WAV/Haus Baby/Mini_HausBaby_F#6_0001.wav	1192978	44100	24	2	4.493
Mini From Mars/WAV/Haus Baby/Mini_HausBaby_F#6_0002.wav	1192966	44100	24	2	4.493
Mini From Mars/WAV/Haus Baby/Mini_HausBaby_F#7.wav	1170424	44100	24	2	4.408
Mini From Mars/WAV/Haus Baby/Mini_HausBaby_F#7_0001.wav	1188010	44100	24	2	4.474
Mini From Mars/WAV/Haus Baby/Mini_HausBaby_F#7_0002.wav	1189330	44100	24	2	4.479
Mini From Mars/WAV/Haus Baby/Mini_HausBaby_F1.wav	1189984	44100	24	2	4.482
Mini From Mars/WAV/Haus Baby/Mini_HausBaby_F1_0001.wav	1198882	44100	24	2	4.515
Mini From Mars/WAV/Haus Baby/Mini_HausBaby_F1_0002.wav	1193326	44100	24	2	4.494
Mini From Mars/WAV/Haus Baby/Mini_HausBaby_F2.wav	1249612	44100	24	2	4.707
Mini From Mars/WAV/Haus Baby/Mini_HausBaby_F2_0001.wav	1192708	44100	24	2	4.492
Mini From Mars/WAV/Haus Baby/Mini_HausBaby_F2_0002.wav	1195078	44100	24	2	4.501
Mini From Mars/WAV/Haus Baby/Mini_HausBaby_F3.wav	1190656	44100	24	2	4.484
Mini From Mars/WAV/Haus Baby/Mini_HausBaby_F3_0001.wav	1192192	44100	24	2	4.49
Mini From Mars/WAV/Haus Baby/Mini_HausBaby_F3_0002.wav	1199110	44100	24	2	4.516
Mini From Mars/WAV/Haus Baby/Mini_HausBaby_F4.wav	1189582	44100	24	2	4.48
Mini From Mars/WAV/Haus Baby/Mini_HausBaby_F4_0001.wav	1250770	44100	24	2	4.712
Mini From Mars/WAV/Haus Baby/Mini_HausBaby_F4_0002.wav	1188796	44100	24	2	4.477
Mini From Mars/WAV/Haus Baby/Mini_HausBaby_F5.wav	1189942	44100	24	2	4.482
Mini From Mars/WAV/Haus Baby/Mini_HausBaby_F5_0001.wav	1195684	44100	24	2	4.503
Mini From Mars/WAV/Haus Baby/Mini_HausBaby_F5_0002.wav	1191478	44100	24	2	4.487
Mini From Mars/WAV/Haus Baby/Mini_HausBaby_F6.wav	1182160	44100	24	2	4.452
Mini From Mars/WAV/Haus Baby/Mini_HausBaby_F6_0001.wav	1191088	44100	24	2	4.486
Mini From Mars/WAV/Haus Baby/Mini_HausBaby_F6_0002.wav	1191808	44100	24	2	4.489
Mini From Mars/WAV/Haus Baby/Mini_HausBaby_F7.wav	1172236	44100	24	2	4.415
Mini From Mars/WAV/Haus Baby/Mini_HausBaby_F7_0001.wav	1187638	44100	24	2	4.473
Mini From Mars/WAV/Haus Baby/Mini_HausBaby_F7_0002.wav	1190344	44100	24	2	4.483
Mini From Mars/WAV/Haus Baby/Mini_HausBaby_G#1.wav	1192270	44100	24	2	4.49
Mini From Mars/WAV/Haus Baby/Mini_HausBaby_G#1_0001.wav	1188790	44100	24	2	4.477
Mini From Mars/WAV/Haus Baby/Mini_HausBaby_G#1_0002.wav	1254856	44100	24	2	4.727
Mini From Mars/WAV/Haus Baby/Mini_HausBaby_G#2.wav	1194262	44100	24	2	4.498
Mini From Mars/WAV/Haus Baby/Mini_HausBaby_G#2_0001.wav	1193158	44100	24	2	4.494
Mini From Mars/WAV/Haus Baby/Mini_HausBaby_G#2_0002.wav	1189966	44100	24	2	4.482
Mini From Mars/WAV/Haus Baby/Mini_HausBaby_G#3.wav	1187878	44100	24	2	4.474
Mini From Mars/WAV/Haus Baby/Mini_HausBaby_G#3_0001.wav	1197616	44100	24	2	4.511
Mini From Mars/WAV/Haus Baby/Mini_HausBaby_G#3_0002.wav	1194430	44100	24	2	4.499
Mini From Mars/WAV/Haus Baby/Mini_HausBaby_G#4.wav	1184962	44100	24	2	4.463
Mini From Mars/WAV/Haus Baby/Mini_HausBaby_G#4_0001.wav	1189894	44100	24	2	4.481
Mini From Mars/WAV/Haus Baby/Mini_HausBaby_G#4_0002.wav	1196488	44100	24	2	4.506
Mini From Mars/WAV/Haus Baby/Mini_HausBaby_G#5.wav	1185202	44100	24	2	4.464
Mini From Mars/WAV/Haus Baby/Mini_HausBaby_G#5_0001.wav	1191082	44100	24	2	4.486
Mini From Mars/WAV/Haus Baby/Mini_HausBaby_G#5_0002.wav	1189924	44100	24	2	4.482
Mini From Mars/WAV/Haus Baby/Mini_HausBaby_G#6.wav	1176838	44100	24	2	4.432
Mini From Mars/WAV/Haus Baby/Mini_HausBaby_G#6_0001.wav	1190284	44100	24	2	4.483
Mini From Mars/WAV/Haus Baby/Mini_HausBaby_G#6_0002.wav	1197634	44100	24	2	4.511
Mini From Mars/WAV/Haus Baby/Mini_HausBaby_G#7.wav	1228792	44100	24	2	4.628
Mini From Mars/WAV/Haus Baby/Mini_HausBaby_G#7_0001.wav	1189498	44100	24	2	4.48
Mini From Mars/WAV/Haus Baby/Mini_HausBaby_G#7_0002.wav	1192324	44100	24	2	4.491
Mini From Mars/WAV/Haus Baby/Mini_HausBaby_G1.wav	1193362	44100	24	2	4.495
Mini From Mars/WAV/Haus Baby/Mini_HausBaby_G1_0001.wav	1195024	44100	24	2	4.501
Mini From Mars/WAV/Haus Baby/Mini_HausBaby_G1_0002.wav	1244032	44100	24	2	4.686
Mini From Mars/WAV/Haus Baby/Mini_HausBaby_G2.wav	1191136	44100	24	2	4.486
Mini From Mars/WAV/Haus Baby/Mini_HausBaby_G2_0001.wav	1252834	44100	24	2	4.719
Mini From Mars/WAV/Haus Baby/Mini_HausBaby_G2_0002.wav	1247950	44100	24	2	4.701
Mini From Mars/WAV/Haus Baby/Mini_HausBaby_G3.wav	1191874	44100	24	2	4.489
Mini From Mars/WAV/Haus Baby/Mini_HausBaby_G3_0001.wav	1190896	44100	24	2	4.485
Mini From Mars/WAV/Haus Baby/Mini_HausBaby_G3_0002.wav	1191406	44100	24	2	4.487
Mini From Mars/WAV/Haus Baby/Mini_HausBaby_G4.wav	1189366	44100	24	2	4.479
Mini From Mars/WAV/Haus Baby/Mini_HausBaby_G4_0001.wav	1189546	44100	24	2	4.48
Mini From Mars/WAV/Haus Baby/Mini_HausBaby_G4_0002.wav	1191856	44100	24	2	4.489
Mini From Mars/WAV/Haus Baby/Mini_HausBaby_G5.wav	1185034	44100	24	2	4.463
Mini From Mars/WAV/Haus Baby/Mini_HausBaby_G5_0001.wav	1195234	44100	24	2	4.502
Mini From Mars/WAV/Haus Baby/Mini_HausBaby_G5_0002.wav	1253266	44100	24	2	4.721
Mini From Mars/WAV/Haus Baby/Mini_HausBaby_G6.wav	1179622	44100	24	2	4.443
Mini From Mars/WAV/Haus Baby/Mini_HausBaby_G6_0001.wav	1250146	44100	24	2	4.709
Mini From Mars/WAV/Haus Baby/Mini_HausBaby_G6_0002.wav	1189864	44100	24	2	4.481
Mini From Mars/WAV/Haus Baby/Mini_HausBaby_G7.wav	1170772	44100	24	2	4.409
Mini From Mars/WAV/Haus Baby/Mini_HausBaby_G7_0001.wav	1244092	44100	24	2	4.686
Mini From Mars/WAV/Haus Baby/Mini_HausBaby_G7_0002.wav	1253278	44100	24	2	4.721
Mini From Mars/WAV/High Speed FX/Mini_HighSpeedFX_A#0.wav	636355	44100	24	1	4.779
Mini From Mars/WAV/High Speed FX/Mini_HighSpeedFX_A#1.wav	625072	44100	24	1	4.694
Mini From Mars/WAV/High Speed FX/Mini_HighSpeedFX_A#2.wav	632071	44100	24	1	4.747
Mini From Mars/WAV/High Speed FX/Mini_HighSpeedFX_A#3.wav	628402	44100	24	1	4.719
Mini From Mars/WAV/High Speed FX/Mini_HighSpeedFX_A#4.wav	627001	44100	24	1	4.708
Mini From Mars/WAV/High Speed FX/Mini_HighSpeedFX_A#5.wav	627973	44100	24	1	4.716
Mini From Mars/WAV/High Speed FX/Mini_HighSpeedFX_A#6.wav	628228	44100	24	1	4.718
Mini From Mars/WAV/High Speed FX/Mini_HighSpeedFX_A#7.wav	627772	44100	24	1	4.714
Mini From Mars/WAV/High Speed FX/Mini_HighSpeedFX_A0.wav	626626	44100	24	1	4.705
Mini From Mars/WAV/High Speed FX/Mini_HighSpeedFX_A1.wav	628915	44100	24	1	4.723
Mini From Mars/WAV/High Speed FX/Mini_HighSpeedFX_A2.wav	548710	44100	24	1	4.117
Mini From Mars/WAV/High Speed FX/Mini_HighSpeedFX_A3.wav	631585	44100	24	1	4.743
Mini From Mars/WAV/High Speed FX/Mini_HighSpeedFX_A4.wav	631789	44100	24	1	4.744
Mini From Mars/WAV/High Speed FX/Mini_HighSpeedFX_A5.wav	632164	44100	24	1	4.747
Mini From Mars/WAV/High Speed FX/Mini_HighSpeedFX_A6.wav	633229	44100	24	1	4.755
Mini From Mars/WAV/High Speed FX/Mini_HighSpeedFX_A7.wav	631630	44100	24	1	4.743
Mini From Mars/WAV/High Speed FX/Mini_HighSpeedFX_B0.wav	649348	44100	24	1	4.799
Mini From Mars/WAV/High Speed FX/Mini_HighSpeedFX_B1.wav	630655	44100	24	1	4.736
Mini From Mars/WAV/High Speed FX/Mini_HighSpeedFX_B2.wav	634024	44100	24	1	4.761
Mini From Mars/WAV/High Speed FX/Mini_HighSpeedFX_B3.wav	631105	44100	24	1	4.739
Mini From Mars/WAV/High Speed FX/Mini_HighSpeedFX_B4.wav	630982	44100	24	1	4.738
Mini From Mars/WAV/High Speed FX/Mini_HighSpeedFX_B5.wav	632158	44100	24	1	4.747
Mini From Mars/WAV/High Speed FX/Mini_HighSpeedFX_B6.wav	634546	44100	24	1	4.765
Mini From Mars/WAV/High Speed FX/Mini_HighSpeedFX_B7.wav	633196	44100	24	1	4.755
Mini From Mars/WAV/High Speed FX/Mini_HighSpeedFX_C#0.wav	651451	44100	24	1	4.88
Mini From Mars/WAV/High Speed FX/Mini_HighSpeedFX_C#1.wav	629638	44100	24	1	4.728
Mini From Mars/WAV/High Speed FX/Mini_HighSpeedFX_C#2.wav	630901	44100	24	1	4.738
Mini From Mars/WAV/High Speed FX/Mini_HighSpeedFX_C#3.wav	630652	44100	24	1	4.736
Mini From Mars/WAV/High Speed FX/Mini_HighSpeedFX_C#4.wav	630757	44100	24	1	4.737
Mini From Mars/WAV/High Speed FX/Mini_HighSpeedFX_C#5.wav	631966	44100	24	1	4.746
Mini From Mars/WAV/High Speed FX/Mini_HighSpeedFX_C#6.wav	632119	44100	24	1	4.747
Mini From Mars/WAV/High Speed FX/Mini_HighSpeedFX_C#7.wav	632689	44100	24	1	4.751
Mini From Mars/WAV/High Speed FX/Mini_HighSpeedFX_C0.wav	645581	44100	24	1	4.836
Mini From Mars/WAV/High Speed FX/Mini_HighSpeedFX_C1.wav	629038	44100	24	1	4.724
Mini From Mars/WAV/High Speed FX/Mini_HighSpeedFX_C2.wav	627316	44100	24	1	4.711
Mini From Mars/WAV/High Speed FX/Mini_HighSpeedFX_C3.wav	627637	44100	24	1	4.713
Mini From Mars/WAV/High Speed FX/Mini_HighSpeedFX_C4.wav	628204	44100	24	1	4.717
Mini From Mars/WAV/High Speed FX/Mini_HighSpeedFX_C5.wav	629323	44100	24	1	4.726
Mini From Mars/WAV/High Speed FX/Mini_HighSpeedFX_C6.wav	628408	44100	24	1	4.719
Mini From Mars/WAV/High Speed FX/Mini_HighSpeedFX_C7.wav	632089	44100	24	1	4.747
Mini From Mars/WAV/High Speed FX/Mini_HighSpeedFX_C8.wav	628618	44100	24	1	4.72
Mini From Mars/WAV/High Speed FX/Mini_HighSpeedFX_D#1.wav	631260	44100	24	1	4.728
Mini From Mars/WAV/High Speed FX/Mini_HighSpeedFX_D#2.wav	629485	44100	24	1	4.727
Mini From Mars/WAV/High Speed FX/Mini_HighSpeedFX_D#3.wav	630370	44100	24	1	4.734
Mini From Mars/WAV/High Speed FX/Mini_HighSpeedFX_D#4.wav	630832	44100	24	1	4.737
Mini From Mars/WAV/High Speed FX/Mini_HighSpeedFX_D#5.wav	630898	44100	24	1	4.738
Mini From Mars/WAV/High Speed FX/Mini_HighSpeedFX_D#6.wav	635239	44100	24	1	4.771
Mini From Mars/WAV/High Speed FX/Mini_HighSpeedFX_D#7.wav	633949	44100	24	1	4.761
Mini From Mars/WAV/High Speed FX/Mini_HighSpeedFX_D0.wav	639311	44100	24	1	4.789
Mini From Mars/WAV/High Speed FX/Mini_HighSpeedFX_D0_0001.wav	639311	44100	24	1	4.789
Mini From Mars/WAV/High Speed FX/Mini_HighSpeedFX_D1.wav	624420	44100	24	1	4.676
Mini From Mars/WAV/High Speed FX/Mini_HighSpeedFX_D2.wav	625945	44100	24	1	4.7
Mini From Mars/WAV/High Speed FX/Mini_HighSpeedFX_D3.wav	626911	44100	24	1	4.708
Mini From Mars/WAV/High Speed FX/Mini_HighSpeedFX_D4.wav	626362	44100	24	1	4.703
Mini From Mars/WAV/High Speed FX/Mini_HighSpeedFX_D5.wav	627172	44100	24	1	4.71
Mini From Mars/WAV/High Speed FX/Mini_HighSpeedFX_D6.wav	628576	44100	24	1	4.72
Mini From Mars/WAV/High Speed FX/Mini_HighSpeedFX_D7.wav	628408	44100	24	1	4.719
Mini From Mars/WAV/High Speed FX/Mini_HighSpeedFX_E0.wav	626383	44100	24	1	4.704
Mini From Mars/WAV/High Speed FX/Mini_HighSpeedFX_E1.wav	627343	44100	24	1	4.711
Mini From Mars/WAV/High Speed FX/Mini_HighSpeedFX_E2.wav	627058	44100	24	1	4.709
Mini From Mars/WAV/High Speed FX/Mini_HighSpeedFX_E3.wav	627730	44100	24	1	4.714
Mini From Mars/WAV/High Speed FX/Mini_HighSpeedFX_E4.wav	627148	44100	24	1	4.709
Mini From Mars/WAV/High Speed FX/Mini_HighSpeedFX_E5.wav	628219	44100	24	1	4.717
Mini From Mars/WAV/High Speed FX/Mini_HighSpeedFX_E6.wav	628294	44100	24	1	4.718
Mini From Mars/WAV/High Speed FX/Mini_HighSpeedFX_E7.wav	629767	44100	24	1	4.729
Mini From Mars/WAV/High Speed FX/Mini_HighSpeedFX_F#0.wav	535882	44100	24	1	4.02
Mini From Mars/WAV/High Speed FX/Mini_HighSpeedFX_F#1.wav	629242	44100	24	1	4.725
Mini From Mars/WAV/High Speed FX/Mini_HighSpeedFX_F#2.wav	625888	44100	24	1	4.7
Mini From Mars/WAV/High Speed FX/Mini_HighSpeedFX_F#3.wav	625537	44100	24	1	4.697
Mini From Mars/WAV/High Speed FX/Mini_HighSpeedFX_F#4.wav	629642	44100	24	1	4.716
Mini From Mars/WAV/High Speed FX/Mini_HighSpeedFX_F#5.wav	627823	44100	24	1	4.714
Mini From Mars/WAV/High Speed FX/Mini_HighSpeedFX_F#6.wav	628234	44100	24	1	4.718
Mini From Mars/WAV/High Speed FX/Mini_HighSpeedFX_F#7.wav	628651	44100	24	1	4.721
Mini From Mars/WAV/High Speed FX/Mini_HighSpeedFX_F0.wav	629095	44100	24	1	4.724
Mini From Mars/WAV/High Speed FX/Mini_HighSpeedFX_F1.wav	629710	44100	24	1	4.729
Mini From Mars/WAV/High Speed FX/Mini_HighSpeedFX_F2.wav	632314	44100	24	1	4.748
Mini From Mars/WAV/High Speed FX/Mini_HighSpeedFX_F3.wav	630442	44100	24	1	4.734
Mini From Mars/WAV/High Speed FX/Mini_HighSpeedFX_F4.wav	631609	44100	24	1	4.743
Mini From Mars/WAV/High Speed FX/Mini_HighSpeedFX_F5.wav	631444	44100	24	1	4.742
Mini From Mars/WAV/High Speed FX/Mini_HighSpeedFX_F6.wav	632962	44100	24	1	4.753
Mini From Mars/WAV/High Speed FX/Mini_HighSpeedFX_F7.wav	632188	44100	24	1	4.747
Mini From Mars/WAV/High Speed FX/Mini_HighSpeedFX_G#0.wav	626992	44100	24	1	4.708
Mini From Mars/WAV/High Speed FX/Mini_HighSpeedFX_G#1.wav	624625	44100	24	1	4.69
Mini From Mars/WAV/High Speed FX/Mini_HighSpeedFX_G#2.wav	533779	44100	24	1	4.004
Mini From Mars/WAV/High Speed FX/Mini_HighSpeedFX_G#3.wav	627922	44100	24	1	4.715
Mini From Mars/WAV/High Speed FX/Mini_HighSpeedFX_G#4.wav	627982	44100	24	1	4.716
Mini From Mars/WAV/High Speed FX/Mini_HighSpeedFX_G#5.wav	628663	44100	24	1	4.721
Mini From Mars/WAV/High Speed FX/Mini_HighSpeedFX_G#6.wav	627478	44100	24	1	4.712
Mini From Mars/WAV/High Speed FX/Mini_HighSpeedFX_G#7.wav	629377	44100	24	1	4.726
Mini From Mars/WAV/High Speed FX/Mini_HighSpeedFX_G0.wav	629801	44100	24	1	4.717
Mini From Mars/WAV/High Speed FX/Mini_HighSpeedFX_G1.wav	645355	44100	24	1	4.847
Mini From Mars/WAV/High Speed FX/Mini_HighSpeedFX_G2.wav	629164	44100	24	1	4.725
Mini From Mars/WAV/High Speed FX/Mini_HighSpeedFX_G3.wav	631633	44100	24	1	4.743
Mini From Mars/WAV/High Speed FX/Mini_HighSpeedFX_G4.wav	631870	44100	24	1	4.745
Mini From Mars/WAV/High Speed FX/Mini_HighSpeedFX_G5.wav	631069	44100	24	1	4.739
Mini From Mars/WAV/High Speed FX/Mini_HighSpeedFX_G6.wav	630934	44100	24	1	4.738
Mini From Mars/WAV/High Speed FX/Mini_HighSpeedFX_G7.wav	633541	44100	24	1	4.758
Mini From Mars/WAV/Hyper Future/Mini_HyperFuture_A#0.wav	1522054	44100	24	2	5.737
Mini From Mars/WAV/Hyper Future/Mini_HyperFuture_A#1.wav	1483312	44100	24	2	5.59
Mini From Mars/WAV/Hyper Future/Mini_HyperFuture_A#2.wav	1491052	44100	24	2	5.62
Mini From Mars/WAV/Hyper Future/Mini_HyperFuture_A#3.wav	1575904	44100	24	2	5.94
Mini From Mars/WAV/Hyper Future/Mini_HyperFuture_A#4.wav	1489414	44100	24	2	5.613
Mini From Mars/WAV/Hyper Future/Mini_HyperFuture_A#5.wav	1550518	44100	24	2	5.844
Mini From Mars/WAV/Hyper Future/Mini_HyperFuture_A#6.wav	1488016	44100	24	2	5.608
Mini From Mars/WAV/Hyper Future/Mini_HyperFuture_A#7.wav	1492948	44100	24	2	5.627
Mini From Mars/WAV/Hyper Future/Mini_HyperFuture_A0.wav	1577428	44100	24	2	5.946
Mini From Mars/WAV/Hyper Future/Mini_HyperFuture_A1.wav	1483540	44100	24	2	5.591
Mini From Mars/WAV/Hyper Future/Mini_HyperFuture_A2.wav	1486270	44100	24	2	5.602
Mini From Mars/WAV/Hyper Future/Mini_HyperFuture_A3.wav	1485460	44100	24	2	5.599
Mini From Mars/WAV/Hyper Future/Mini_HyperFuture_A4.wav	1487896	44100	24	2	5.608
Mini From Mars/WAV/Hyper Future/Mini_HyperFuture_A5.wav	1484260	44100	24	2	5.594
Mini From Mars/WAV/Hyper Future/Mini_HyperFuture_A6.wav	1485724	44100	24	2	5.6
Mini From Mars/WAV/Hyper Future/Mini_HyperFuture_A7.wav	1492108	44100	24	2	5.624
Mini From Mars/WAV/Hyper Future/Mini_HyperFuture_B0.wav	1482022	44100	24	2	5.586
Mini From Mars/WAV/Hyper Future/Mini_HyperFuture_B1.wav	1486408	44100	24	2	5.602
Mini From Mars/WAV/Hyper Future/Mini_HyperFuture_B2.wav	1486756	44100	24	2	5.603
Mini From Mars/WAV/Hyper Future/Mini_HyperFuture_B3.wav	1578658	44100	24	2	5.951
Mini From Mars/WAV/Hyper Future/Mini_HyperFuture_B4.wav	1487896	44100	24	2	5.608
Mini From Mars/WAV/Hyper Future/Mini_HyperFuture_B5.wav	1547818	44100	24	2	5.834
Mini From Mars/WAV/Hyper Future/Mini_HyperFuture_B6.wav	1487578	44100	24	2	5.607
Mini From Mars/WAV/Hyper Future/Mini_HyperFuture_B7.wav	1488442	44100	24	2	5.61
Mini From Mars/WAV/Hyper Future/Mini_HyperFuture_C#0.wav	1477258	44100	24	2	5.568
Mini From Mars/WAV/Hyper Future/Mini_HyperFuture_C#1.wav	1495810	44100	24	2	5.638
Mini From Mars/WAV/Hyper Future/Mini_HyperFuture_C#2.wav	1484878	44100	24	2	5.596
Mini From Mars/WAV/Hyper Future/Mini_HyperFuture_C#3.wav	1489888	44100	24	2	5.615
Mini From Mars/WAV/Hyper Future/Mini_HyperFuture_C#4.wav	1487758	44100	24	2	5.607
Mini From Mars/WAV/Hyper Future/Mini_HyperFuture_C#5.wav	1484080	44100	24	2	5.593
Mini From Mars/WAV/Hyper Future/Mini_HyperFuture_C#6.wav	1489450	44100	24	2	5.614
Mini From Mars/WAV/Hyper Future/Mini_HyperFuture_C#7.wav	1577008	44100	24	2	5.944
Mini From Mars/WAV/Hyper Future/Mini_HyperFuture_C0.wav	1541644	44100	24	2	5.811
Mini From Mars/WAV/Hyper Future/Mini_HyperFuture_C1.wav	1477504	44100	24	2	5.568
Mini From Mars/WAV/Hyper Future/Mini_HyperFuture_C2.wav	1478170	44100	24	2	5.571
Mini From Mars/WAV/Hyper Future/Mini_HyperFuture_C3.wav	1484188	44100	24	2	5.594
Mini From Mars/WAV/Hyper Future/Mini_HyperFuture_C4.wav	1492084	44100	24	2	5.624
Mini From Mars/WAV/Hyper Future/Mini_HyperFuture_C5.wav	1547134	44100	24	2	5.832
Mini From Mars/WAV/Hyper Future/Mini_HyperFuture_C6.wav	1547764	44100	24	2	5.834
Mini From Mars/WAV/Hyper Future/Mini_HyperFuture_C7.wav	1489114	44100	24	2	5.612
Mini From Mars/WAV/Hyper Future/Mini_HyperFuture_C8.wav	1492252	44100	24	2	5.624
Mini From Mars/WAV/Hyper Future/Mini_HyperFuture_D#0.wav	1535212	44100	24	2	5.787
Mini From Mars/WAV/Hyper Future/Mini_HyperFuture_D#1.wav	1490680	44100	24	2	5.618
Mini From Mars/WAV/Hyper Future/Mini_HyperFuture_D#2.wav	1485634	44100	24	2	5.599
Mini From Mars/WAV/Hyper Future/Mini_HyperFuture_D#3.wav	1490608	44100	24	2	5.618
Mini From Mars/WAV/Hyper Future/Mini_HyperFuture_D#4.wav	1486522	44100	24	2	5.603
Mini From Mars/WAV/Hyper Future/Mini_HyperFuture_D#5.wav	1578232	44100	24	2	5.949
Mini From Mars/WAV/Hyper Future/Mini_HyperFuture_D#6.wav	1484830	44100	24	2	5.596
Mini From Mars/WAV/Hyper Future/Mini_HyperFuture_D#7.wav	1576726	44100	24	2	5.943
Mini From Mars/WAV/Hyper Future/Mini_HyperFuture_D0.wav	1477276	44100	24	2	5.568
Mini From Mars/WAV/Hyper Future/Mini_HyperFuture_D1.wav	1540510	44100	24	2	5.807
Mini From Mars/WAV/Hyper Future/Mini_HyperFuture_D2.wav	1488952	44100	24	2	5.612
Mini From Mars/WAV/Hyper Future/Mini_HyperFuture_D3.wav	1541188	44100	24	2	5.809
Mini From Mars/WAV/Hyper Future/Mini_HyperFuture_D4.wav	1487068	44100	24	2	5.605
Mini From Mars/WAV/Hyper Future/Mini_HyperFuture_D5.wav	1486858	44100	24	2	5.604
Mini From Mars/WAV/Hyper Future/Mini_HyperFuture_D6.wav	1545886	44100	24	2	5.827
Mini From Mars/WAV/Hyper Future/Mini_HyperFuture_D7.wav	1488676	44100	24	2	5.611
Mini From Mars/WAV/Hyper Future/Mini_HyperFuture_E0.wav	1546690	44100	24	2	5.83
Mini From Mars/WAV/Hyper Future/Mini_HyperFuture_E1.wav	1485634	44100	24	2	5.599
Mini From Mars/WAV/Hyper Future/Mini_HyperFuture_E2.wav	1496500	44100	24	2	5.64
Mini From Mars/WAV/Hyper Future/Mini_HyperFuture_E3.wav	1483624	44100	24	2	5.592
Mini From Mars/WAV/Hyper Future/Mini_HyperFuture_E4.wav	1545826	44100	24	2	5.827
Mini From Mars/WAV/Hyper Future/Mini_HyperFuture_E5.wav	1485676	44100	24	2	5.599
Mini From Mars/WAV/Hyper Future/Mini_HyperFuture_E6.wav	1544380	44100	24	2	5.821
Mini From Mars/WAV/Hyper Future/Mini_HyperFuture_E7.wav	1576024	44100	24	2	5.941
Mini From Mars/WAV/Hyper Future/Mini_HyperFuture_F#0.wav	1549480	44100	24	2	5.84
Mini From Mars/WAV/Hyper Future/Mini_HyperFuture_F#1.wav	1489372	44100	24	2	5.613
Mini From Mars/WAV/Hyper Future/Mini_HyperFuture_F#2.wav	1488868	44100	24	2	5.611
Mini From Mars/WAV/Hyper Future/Mini_HyperFuture_F#3.wav	1483426	44100	24	2	5.591
Mini From Mars/WAV/Hyper Future/Mini_HyperFuture_F#4.wav	1554706	44100	24	2	5.86
Mini From Mars/WAV/Hyper Future/Mini_HyperFuture_F#5.wav	1486378	44100	24	2	5.602
Mini From Mars/WAV/Hyper Future/Mini_HyperFuture_F#6.wav	1487542	44100	24	2	5.606
Mini From Mars/WAV/Hyper Future/Mini_HyperFuture_F#7.wav	1488634	44100	24	2	5.61
Mini From Mars/WAV/Hyper Future/Mini_HyperFuture_F0.wav	1484734	44100	24	2	5.596
Mini From Mars/WAV/Hyper Future/Mini_HyperFuture_F1.wav	1488376	44100	24	2	5.61
Mini From Mars/WAV/Hyper Future/Mini_HyperFuture_F2.wav	1484818	44100	24	2	5.596
Mini From Mars/WAV/Hyper Future/Mini_HyperFuture_F3.wav	1488994	44100	24	2	5.612
Mini From Mars/WAV/Hyper Future/Mini_HyperFuture_F4.wav	1482370	44100	24	2	5.587
Mini From Mars/WAV/Hyper Future/Mini_HyperFuture_F5.wav	1540180	44100	24	2	5.805
Mini From Mars/WAV/Hyper Future/Mini_HyperFuture_F6.wav	1487218	44100	24	2	5.605
Mini From Mars/WAV/Hyper Future/Mini_HyperFuture_F7.wav	1492822	44100	24	2	5.626
Mini From Mars/WAV/Hyper Future/Mini_HyperFuture_G#0.wav	1575262	44100	24	2	5.938
Mini From Mars/WAV/Hyper Future/Mini_HyperFuture_G#1.wav	1485586	44100	24	2	5.599
Mini From Mars/WAV/Hyper Future/Mini_HyperFuture_G#2.wav	1482496	44100	24	2	5.587
Mini From Mars/WAV/Hyper Future/Mini_HyperFuture_G#3.wav	1576384	44100	24	2	5.942
Mini From Mars/WAV/Hyper Future/Mini_HyperFuture_G#4.wav	1489252	44100	24	2	5.613
Mini From Mars/WAV/Hyper Future/Mini_HyperFuture_G#5.wav	1549312	44100	24	2	5.84
Mini From Mars/WAV/Hyper Future/Mini_HyperFuture_G#6.wav	1487632	44100	24	2	5.607
Mini From Mars/WAV/Hyper Future/Mini_HyperFuture_G#7.wav	1550068	44100	24	2	5.843
Mini From Mars/WAV/Hyper Future/Mini_HyperFuture_G0.wav	1483690	44100	24	2	5.592
Mini From Mars/WAV/Hyper Future/Mini_HyperFuture_G1.wav	1483600	44100	24	2	5.591
Mini From Mars/WAV/Hyper Future/Mini_HyperFuture_G2.wav	1487722	44100	24	2	5.607
Mini From Mars/WAV/Hyper Future/Mini_HyperFuture_G3.wav	1540456	44100	24	2	5.806
Mini From Mars/WAV/Hyper Future/Mini_HyperFuture_G4.wav	1488148	44100	24	2	5.609
Mini From Mars/WAV/Hyper Future/Mini_HyperFuture_G5.wav	1485562	44100	24	2	5.599
Mini From Mars/WAV/Hyper Future/Mini_HyperFuture_G6.wav	1491358	44100	24	2	5.621
Mini From Mars/WAV/Hyper Future/Mini_HyperFuture_G7.wav	1494202	44100	24	2	5.632
Mini From Mars/WAV/Loose Unit/Mini_LooseUnit_A#0.wav	432001	44100	24	1	3.234
Mini From Mars/WAV/Loose Unit/Mini_LooseUnit_A#1.wav	432523	44100	24	1	3.238
Mini From Mars/WAV/Loose Unit/Mini_LooseUnit_A#2.wav	431806	44100	24	1	3.233
Mini From Mars/WAV/Loose Unit/Mini_LooseUnit_A#3.wav	431437	44100	24	1	3.23
Mini From Mars/WAV/Loose Unit/Mini_LooseUnit_A#4.wav	431974	44100	24	1	3.234
Mini From Mars/WAV/Loose Unit/Mini_LooseUnit_A#5.wav	430687	44100	24	1	3.224
Mini From Mars/WAV/Loose Unit/Mini_LooseUnit_A0.wav	433615	44100	24	1	3.247
Mini From Mars/WAV/Loose Unit/Mini_LooseUnit_A1.wav	430144	44100	24	1	3.22
Mini From Mars/WAV/Loose Unit/Mini_LooseUnit_A2.wav	430147	44100	24	1	3.22
Mini From Mars/WAV/Loose Unit/Mini_LooseUnit_A3.wav	431944	44100	24	1	3.234
Mini From Mars/WAV/Loose Unit/Mini_LooseUnit_A4.wav	431383	44100	24	1	3.23
Mini From Mars/WAV/Loose Unit/Mini_LooseUnit_A5.wav	429991	44100	24	1	3.219
Mini From Mars/WAV/Loose Unit/Mini_LooseUnit_B0.wav	430531	44100	24	1	3.223
Mini From Mars/WAV/Loose Unit/Mini_LooseUnit_B1.wav	430975	44100	24	1	3.227
Mini From Mars/WAV/Loose Unit/Mini_LooseUnit_B2.wav	430813	44100	24	1	3.225
Mini From Mars/WAV/Loose Unit/Mini_LooseUnit_B3.wav	431347	44100	24	1	3.229
Mini From Mars/WAV/Loose Unit/Mini_LooseUnit_B4.wav	430579	44100	24	1	3.224
Mini From Mars/WAV/Loose Unit/Mini_LooseUnit_B5.wav	430927	44100	24	1	3.226
Mini From Mars/WAV/Loose Unit/Mini_LooseUnit_C#0.wav	435553	44100	24	1	3.261
Mini From Mars/WAV/Loose Unit/Mini_LooseUnit_C#1.wav	430573	44100	24	1	3.224
Mini From Mars/WAV/Loose Unit/Mini_LooseUnit_C#2.wav	431011	44100	24	1	3.227
Mini From Mars/WAV/Loose Unit/Mini_LooseUnit_C#3.wav	432286	44100	24	1	3.237
Mini From Mars/WAV/Loose Unit/Mini_LooseUnit_C#4.wav	431647	44100	24	1	3.232
Mini From Mars/WAV/Loose Unit/Mini_LooseUnit_C#5.wav	432028	44100	24	1	3.235
Mini From Mars/WAV/Loose Unit/Mini_LooseUnit_C0.wav	435961	44100	24	1	3.264
Mini From Mars/WAV/Loose Unit/Mini_LooseUnit_C1.wav	430996	44100	24	1	3.227
Mini From Mars/WAV/Loose Unit/Mini_LooseUnit_C2.wav	431827	44100	24	1	3.233
Mini From Mars/WAV/Loose Unit/Mini_LooseUnit_C3.wav	431248	44100	24	1	3.229
Mini From Mars/WAV/Loose Unit/Mini_LooseUnit_C4.wav	431827	44100	24	1	3.233
Mini From Mars/WAV/Loose Unit/Mini_LooseUnit_C5.wav	431575	44100	24	1	3.231
Mini From Mars/WAV/Loose Unit/Mini_LooseUnit_C6.wav	432796	44100	24	1	3.24
Mini From Mars/WAV/Loose Unit/Mini_LooseUnit_D#0.wav	434398	44100	24	1	3.252
Mini From Mars/WAV/Loose Unit/Mini_LooseUnit_D#1.wav	431434	44100	24	1	3.23
Mini From Mars/WAV/Loose Unit/Mini_LooseUnit_D#2.wav	431104	44100	24	1	3.228
Mini From Mars/WAV/Loose Unit/Mini_LooseUnit_D#3.wav	432019	44100	24	1	3.234
Mini From Mars/WAV/Loose Unit/Mini_LooseUnit_D#4.wav	431956	44100	24	1	3.234
Mini From Mars/WAV/Loose Unit/Mini_LooseUnit_D#5.wav	431146	44100	24	1	3.228
Mini From Mars/WAV/Loose Unit/Mini_LooseUnit_D0.wav	430420	44100	24	1	3.222
Mini From Mars/WAV/Loose Unit/Mini_LooseUnit_D1.wav	435286	44100	24	1	3.259
Mini From Mars/WAV/Loose Unit/Mini_LooseUnit_D2.wav	430711	44100	24	1	3.225
Mini From Mars/WAV/Loose Unit/Mini_LooseUnit_D3.wav	432373	44100	24	1	3.237
Mini From Mars/WAV/Loose Unit/Mini_LooseUnit_D4.wav	430894	44100	24	1	3.226
Mini From Mars/WAV/Loose Unit/Mini_LooseUnit_D5.wav	431521	44100	24	1	3.231
Mini From Mars/WAV/Loose Unit/Mini_LooseUnit_E0.wav	431242	44100	24	1	3.229
Mini From Mars/WAV/Loose Unit/Mini_LooseUnit_E1.wav	429991	44100	24	1	3.219
Mini From Mars/WAV/Loose Unit/Mini_LooseUnit_E2.wav	432328	44100	24	1	3.237
Mini From Mars/WAV/Loose Unit/Mini_LooseUnit_E3.wav	430669	44100	24	1	3.224
Mini From Mars/WAV/Loose Unit/Mini_LooseUnit_E4.wav	430363	44100	24	1	3.222
Mini From Mars/WAV/Loose Unit/Mini_LooseUnit_E5.wav	429772	44100	24	1	3.218
Mini From Mars/WAV/Loose Unit/Mini_LooseUnit_F#0.wav	430117	44100	24	1	3.22
Mini From Mars/WAV/Loose Unit/Mini_LooseUnit_F#1.wav	431935	44100	24	1	3.234
Mini From Mars/WAV/Loose Unit/Mini_LooseUnit_F#2.wav	429889	44100	24	1	3.218
Mini From Mars/WAV/Loose Unit/Mini_LooseUnit_F#3.wav	432202	44100	24	1	3.236
Mini From Mars/WAV/Loose Unit/Mini_LooseUnit_F#4.wav	431287	44100	24	1	3.229
Mini From Mars/WAV/Loose Unit/Mini_LooseUnit_F#5.wav	431590	44100	24	1	3.231
Mini From Mars/WAV/Loose Unit/Mini_LooseUnit_F0.wav	432412	44100	24	1	3.237
Mini From Mars/WAV/Loose Unit/Mini_LooseUnit_F1.wav	430105	44100	24	1	3.22
Mini From Mars/WAV/Loose Unit/Mini_LooseUnit_F2.wav	431290	44100	24	1	3.229
Mini From Mars/WAV/Loose Unit/Mini_LooseUnit_F3.wav	435160	44100	24	1	3.258
Mini From Mars/WAV/Loose Unit/Mini_LooseUnit_F4.wav	431626	44100	24	1	3.232
Mini From Mars/WAV/Loose Unit/Mini_LooseUnit_F5.wav	430507	44100	24	1	3.223
Mini From Mars/WAV/Loose Unit/Mini_LooseUnit_G#0.wav	432625	44100	24	1	3.239
Mini From Mars/WAV/Loose Unit/Mini_LooseUnit_G#1.wav	429850	44100	24	1	3.218
Mini From Mars/WAV/Loose Unit/Mini_LooseUnit_G#2.wav	429772	44100	24	1	3.218
Mini From Mars/WAV/Loose Unit/Mini_LooseUnit_G#3.wav	430702	44100	24	1	3.225
Mini From Mars/WAV/Loose Unit/Mini_LooseUnit_G#4.wav	433573	44100	24	1	3.246
Mini From Mars/WAV/Loose Unit/Mini_LooseUnit_G#5.wav	430774	44100	24	1	3.225
Mini From Mars/WAV/Loose Unit/Mini_LooseUnit_G0.wav	432355	44100	24	1	3.237
Mini From Mars/WAV/Loose Unit/Mini_LooseUnit_G1.wav	429790	44100	24	1	3.218
Mini From Mars/WAV/Loose Unit/Mini_LooseUnit_G2.wav	429946	44100	24	1	3.219
Mini From Mars/WAV/Loose Unit/Mini_LooseUnit_G3.wav	431467	44100	24	1	3.23
Mini From Mars/WAV/Loose Unit/Mini_LooseUnit_G4.wav	431242	44100	24	1	3.229
Mini From Mars/WAV/Loose Unit/Mini_LooseUnit_G5.wav	431212	44100	24	1	3.228
Mini From Mars/WAV/Mad Bass/Mini_MadBass_A#0.wav	694033	44100	24	1	5.215
Mini From Mars/WAV/Mad Bass/Mini_MadBass_A#1.wav	694381	44100	24	1	5.218
Mini From Mars/WAV/Mad Bass/Mini_MadBass_A#2.wav	692467	44100	24	1	5.203
Mini From Mars/WAV/Mad Bass/Mini_MadBass_A#3.wav	692689	44100	24	1	5.205
Mini From Mars/WAV/Mad Bass/Mini_MadBass_A#4.wav	724351	44100	24	1	5.444
Mini From Mars/WAV/Mad Bass/Mini_MadBass_A#5.wav	693283	44100	24	1	5.209
Mini From Mars/WAV/Mad Bass/Mini_MadBass_A#6.wav	692572	44100	24	1	5.204
Mini From Mars/WAV/Mad Bass/Mini_MadBass_A#7.wav	693853	44100	24	1	5.214
Mini From Mars/WAV/Mad Bass/Mini_MadBass_A0.wav	694237	44100	24	1	5.216
Mini From Mars/WAV/Mad Bass/Mini_MadBass_A1.wav	693574	44100	24	1	5.211
Mini From Mars/WAV/Mad Bass/Mini_MadBass_A2.wav	696358	44100	24	1	5.233
Mini From Mars/WAV/Mad Bass/Mini_MadBass_A3.wav	694000	44100	24	1	5.215
Mini From Mars/WAV/Mad Bass/Mini_MadBass_A4.wav	720850	44100	24	1	5.418
Mini From Mars/WAV/Mad Bass/Mini_MadBass_A5.wav	697630	44100	24	1	5.242
Mini From Mars/WAV/Mad Bass/Mini_MadBass_A6.wav	691816	44100	24	1	5.198
Mini From Mars/WAV/Mad Bass/Mini_MadBass_A7.wav	693595	44100	24	1	5.212
Mini From Mars/WAV/Mad Bass/Mini_MadBass_B0.wav	693571	44100	24	1	5.211
Mini From Mars/WAV/Mad Bass/Mini_MadBass_B1.wav	724882	44100	24	1	5.448
Mini From Mars/WAV/Mad Bass/Mini_MadBass_B2.wav	693973	44100	24	1	5.214
Mini From Mars/WAV/Mad Bass/Mini_MadBass_B3.wav	691774	44100	24	1	5.198
Mini From Mars/WAV/Mad Bass/Mini_MadBass_B4.wav	722044	44100	24	1	5.427
Mini From Mars/WAV/Mad Bass/Mini_MadBass_B5.wav	693043	44100	24	1	5.207
Mini From Mars/WAV/Mad Bass/Mini_MadBass_B6.wav	694009	44100	24	1	5.215
Mini From Mars/WAV/Mad Bass/Mini_MadBass_B7.wav	719698	44100	24	1	5.409
Mini From Mars/WAV/Mad Bass/Mini_MadBass_C#0.wav	700000	44100	24	1	5.26
Mini From Mars/WAV/Mad Bass/Mini_MadBass_C#1.wav	695962	44100	24	1	5.23
Mini From Mars/WAV/Mad Bass/Mini_MadBass_C#2.wav	693988	44100	24	1	5.215
Mini From Mars/WAV/Mad Bass/Mini_MadBass_C#3.wav	695710	44100	24	1	5.228
Mini From Mars/WAV/Mad Bass/Mini_MadBass_C#4.wav	693733	44100	24	1	5.213
Mini From Mars/WAV/Mad Bass/Mini_MadBass_C#5.wav	693070	44100	24	1	5.208
Mini From Mars/WAV/Mad Bass/Mini_MadBass_C#6.wav	693853	44100	24	1	5.214
Mini From Mars/WAV/Mad Bass/Mini_MadBass_C#7.wav	693466	44100	24	1	5.211
Mini From Mars/WAV/Mad Bass/Mini_MadBass_C0.wav	700414	44100	24	1	5.263
Mini From Mars/WAV/Mad Bass/Mini_MadBass_C1.wav	696010	44100	24	1	5.23
Mini From Mars/WAV/Mad Bass/Mini_MadBass_C2.wav	734545	44100	24	1	5.521
Mini From Mars/WAV/Mad Bass/Mini_MadBass_C3.wav	695323	44100	24	1	5.225
Mini From Mars/WAV/Mad Bass/Mini_MadBass_C4.wav	694537	44100	24	1	5.219
Mini From Mars/WAV/Mad Bass/Mini_MadBass_C5.wav	693535	44100	24	1	5.211
Mini From Mars/WAV/Mad Bass/Mini_MadBass_C6.wav	693070	44100	24	1	5.208
Mini From Mars/WAV/Mad Bass/Mini_MadBass_C7.wav	719899	44100	24	1	5.41
Mini From Mars/WAV/Mad Bass/Mini_MadBass_C8.wav	694915	44100	24	1	5.222
Mini From Mars/WAV/Mad Bass/Mini_MadBass_D#0.wav	697849	44100	24	1	5.244
Mini From Mars/WAV/Mad Bass/Mini_MadBass_D#1.wav	693043	44100	24	1	5.207
Mini From Mars/WAV/Mad Bass/Mini_MadBass_D#2.wav	693799	44100	24	1	5.213
Mini From Mars/WAV/Mad Bass/Mini_MadBass_D#3.wav	724342	44100	24	1	5.444
Mini From Mars/WAV/Mad Bass/Mini_MadBass_D#4.wav	691942	44100	24	1	5.199
Mini From Mars/WAV/Mad Bass/Mini_MadBass_D#5.wav	692701	44100	24	1	5.205
Mini From Mars/WAV/Mad Bass/Mini_MadBass_D#6.wav	691789	44100	24	1	5.198
Mini From Mars/WAV/Mad Bass/Mini_MadBass_D#7.wav	694024	44100	24	1	5.215
Mini From Mars/WAV/Mad Bass/Mini_MadBass_D0.wav	700585	44100	24	1	5.264
Mini From Mars/WAV/Mad Bass/Mini_MadBass_D1.wav	692182	44100	24	1	5.201
Mini From Mars/WAV/Mad Bass/Mini_MadBass_D2.wav	692800	44100	24	1	5.206
Mini From Mars/WAV/Mad Bass/Mini_MadBass_D3.wav	692746	44100	24	1	5.205
Mini From Mars/WAV/Mad Bass/Mini_MadBass_D4.wav	693802	44100	24	1	5.213
Mini From Mars/WAV/Mad Bass/Mini_MadBass_D5.wav	691915	44100	24	1	5.199
Mini From Mars/WAV/Mad Bass/Mini_MadBass_D6.wav	694417	44100	24	1	5.218
Mini From Mars/WAV/Mad Bass/Mini_MadBass_D7.wav	721468	44100	24	1	5.422
Mini From Mars/WAV/Mad Bass/Mini_MadBass_E0.wav	697288	44100	24	1	5.24
Mini From Mars/WAV/Mad Bass/Mini_MadBass_E1.wav	692878	44100	24	1	5.206
Mini From Mars/WAV/Mad Bass/Mini_MadBass_E2.wav	690943	44100	24	1	5.192
Mini From Mars/WAV/Mad Bass/Mini_MadBass_E3.wav	693253	44100	24	1	5.209
Mini From Mars/WAV/Mad Bass/Mini_MadBass_E4.wav	691969	44100	24	1	5.199
Mini From Mars/WAV/Mad Bass/Mini_MadBass_E5.wav	694420	44100	24	1	5.218
Mini From Mars/WAV/Mad Bass/Mini_MadBass_E6.wav	723388	44100	24	1	5.437
Mini From Mars/WAV/Mad Bass/Mini_MadBass_E7.wav	693628	44100	24	1	5.212
Mini From Mars/WAV/Mad Bass/Mini_MadBass_F#0.wav	695263	44100	24	1	5.224
Mini From Mars/WAV/Mad Bass/Mini_MadBass_F#1.wav	694138	44100	24	1	5.216
Mini From Mars/WAV/Mad Bass/Mini_MadBass_F#2.wav	693826	44100	24	1	5.213
Mini From Mars/WAV/Mad Bass/Mini_MadBass_F#3.wav	694366	44100	24	1	5.217
Mini From Mars/WAV/Mad Bass/Mini_MadBass_F#4.wav	723160	44100	24	1	5.435
Mini From Mars/WAV/Mad Bass/Mini_MadBass_F#5.wav	692947	44100	24	1	5.207
Mini From Mars/WAV/Mad Bass/Mini_MadBass_F#6.wav	694210	44100	24	1	5.216
Mini From Mars/WAV/Mad Bass/Mini_MadBass_F#7.wav	693844	44100	24	1	5.214
Mini From Mars/WAV/Mad Bass/Mini_MadBass_F0.wav	695089	44100	24	1	5.223
Mini From Mars/WAV/Mad Bass/Mini_MadBass_F1.wav	721432	44100	24	1	5.422
Mini From Mars/WAV/Mad Bass/Mini_MadBass_F2.wav	694036	44100	24	1	5.215
Mini From Mars/WAV/Mad Bass/Mini_MadBass_F3.wav	691333	44100	24	1	5.195
Mini From Mars/WAV/Mad Bass/Mini_MadBass_F4.wav	692656	44100	24	1	5.205
Mini From Mars/WAV/Mad Bass/Mini_MadBass_F5.wav	693994	44100	24	1	5.215
Mini From Mars/WAV/Mad Bass/Mini_MadBass_F6.wav	693919	44100	24	1	5.214
Mini From Mars/WAV/Mad Bass/Mini_MadBass_F7.wav	691918	44100	24	1	5.199
Mini From Mars/WAV/Mad Bass/Mini_MadBass_G#0.wav	690946	44100	24	1	5.192
Mini From Mars/WAV/Mad Bass/Mini_MadBass_G#1.wav	696826	44100	24	1	5.236
Mini From Mars/WAV/Mad Bass/Mini_MadBass_G#2.wav	693691	44100	24	1	5.212
Mini From Mars/WAV/Mad Bass/Mini_MadBass_G#3.wav	695071	44100	24	1	5.223
Mini From Mars/WAV/Mad Bass/Mini_MadBass_G#4.wav	692104	44100	24	1	5.2
Mini From Mars/WAV/Mad Bass/Mini_MadBass_G#5.wav	695398	44100	24	1	5.225
Mini From Mars/WAV/Mad Bass/Mini_MadBass_G#6.wav	691765	44100	24	1	5.198
Mini From Mars/WAV/Mad Bass/Mini_MadBass_G#7.wav	691936	44100	24	1	5.199
Mini From Mars/WAV/Mad Bass/Mini_MadBass_G0.wav	696496	44100	24	1	5.234
Mini From Mars/WAV/Mad Bass/Mini_MadBass_G1.wav	693214	44100	24	1	5.209
Mini From Mars/WAV/Mad Bass/Mini_MadBass_G2.wav	693541	44100	24	1	5.211
Mini From Mars/WAV/Mad Bass/Mini_MadBass_G3.wav	694261	44100	24	1	5.217
Mini From Mars/WAV/Mad Bass/Mini_MadBass_G4.wav	694495	44100	24	1	5.218
Mini From Mars/WAV/Mad Bass/Mini_MadBass_G5.wav	692107	44100	24	1	5.2
Mini From Mars/WAV/Mad Bass/Mini_MadBass_G6.wav	724519	44100	24	1	5.445
Mini From Mars/WAV/Mad Bass/Mini_MadBass_G7.wav	692140	44100	24	1	5.201
Mini From Mars/WAV/Magic Spell/Mini_MagicSpell_A#-1.wav	1401088	44100	24	2	5.28
Mini From Mars/WAV/Magic Spell/Mini_MagicSpell_A#0.wav	1411252	44100	24	2	5.318
Mini From Mars/WAV/Magic Spell/Mini_MagicSpell_A#1.wav	1467334	44100	24	2	5.53
Mini From Mars/WAV/Magic Spell/Mini_MagicSpell_A#2.wav	1410742	44100	24	2	5.316
Mini From Mars/WAV/Magic Spell/Mini_MagicSpell_A#3.wav	1407904	44100	24	2	5.305
Mini From Mars/WAV/Magic Spell/Mini_MagicSpell_A#4.wav	1407670	44100	24	2	5.305
Mini From Mars/WAV/Magic Spell/Mini_MagicSpell_A#5.wav	1462426	44100	24	2	5.511
Mini From Mars/WAV/Magic Spell/Mini_MagicSpell_A#6.wav	1399054	44100	24	2	5.272
Mini From Mars/WAV/Magic Spell/Mini_MagicSpell_A#7.wav	1396174	44100	24	2	5.261
Mini From Mars/WAV/Magic Spell/Mini_MagicSpell_A-1.wav	1434340	44100	24	2	5.405
Mini From Mars/WAV/Magic Spell/Mini_MagicSpell_A0.wav	1444120	44100	24	2	5.442
Mini From Mars/WAV/Magic Spell/Mini_MagicSpell_A1.wav	1444738	44100	24	2	5.445
Mini From Mars/WAV/Magic Spell/Mini_MagicSpell_A2.wav	1502680	44100	24	2	5.664
Mini From Mars/WAV/Magic Spell/Mini_MagicSpell_A3.wav	1445506	44100	24	2	5.448
Mini From Mars/WAV/Magic Spell/Mini_MagicSpell_A4.wav	1434760	44100	24	2	5.407
Mini From Mars/WAV/Magic Spell/Mini_MagicSpell_A5.wav	1434628	44100	24	2	5.406
Mini From Mars/WAV/Magic Spell/Mini_MagicSpell_A6.wav	1436056	44100	24	2	5.412
Mini From Mars/WAV/Magic Spell/Mini_MagicSpell_A7.wav	1425322	44100	24	2	5.371
Mini From Mars/WAV/Magic Spell/Mini_MagicSpell_B-1.wav	1478710	44100	24	2	5.573
Mini From Mars/WAV/Magic Spell/Mini_MagicSpell_B0.wav	1441798	44100	24	2	5.433
Mini From Mars/WAV/Magic Spell/Mini_MagicSpell_B1.wav	1432216	44100	24	2	5.397
Mini From Mars/WAV/Magic Spell/Mini_MagicSpell_B2.wav	1426510	44100	24	2	5.376
Mini From Mars/WAV/Magic Spell/Mini_MagicSpell_B3.wav	1434520	44100	24	2	5.406
Mini From Mars/WAV/Magic Spell/Mini_MagicSpell_B4.wav	1427236	44100	24	2	5.378
Mini From Mars/WAV/Magic Spell/Mini_MagicSpell_B5.wav	1477576	44100	24	2	5.569
Mini From Mars/WAV/Magic Spell/Mini_MagicSpell_B6.wav	1421614	44100	24	2	5.357
Mini From Mars/WAV/Magic Spell/Mini_MagicSpell_B7.wav	1471834	44100	24	2	5.547
Mini From Mars/WAV/Magic Spell/Mini_MagicSpell_C#-1.wav	1477768	44100	24	2	5.569
Mini From Mars/WAV/Magic Spell/Mini_MagicSpell_C#0.wav	1425856	44100	24	2	5.373
Mini From Mars/WAV/Magic Spell/Mini_MagicSpell_C#1.wav	1442008	44100	24	2	5.434
Mini From Mars/WAV/Magic Spell/Mini_MagicSpell_C#2.wav	1444942	44100	24	2	5.445
Mini From Mars/WAV/Magic Spell/Mini_MagicSpell_C#3.wav	1442422	44100	24	2	5.436
Mini From Mars/WAV/Magic Spell/Mini_MagicSpell_C#4.wav	1496380	44100	24	2	5.64
Mini From Mars/WAV/Magic Spell/Mini_MagicSpell_C#5.wav	1432066	44100	24	2	5.397
Mini From Mars/WAV/Magic Spell/Mini_MagicSpell_C#6.wav	1492618	44100	24	2	5.626
Mini From Mars/WAV/Magic Spell/Mini_MagicSpell_C#7.wav	1424620	44100	24	2	5.369
Mini From Mars/WAV/Magic Spell/Mini_MagicSpell_C-1.wav	1396246	44100	24	2	5.261
Mini From Mars/WAV/Magic Spell/Mini_MagicSpell_C0.wav	1396144	44100	24	2	5.261
Mini From Mars/WAV/Magic Spell/Mini_MagicSpell_C1.wav	1468306	44100	24	2	5.534
Mini From Mars/WAV/Magic Spell/Mini_MagicSpell_C2.wav	1409356	44100	24	2	5.311
Mini From Mars/WAV/Magic Spell/Mini_MagicSpell_C3.wav	1403980	44100	24	2	5.291
Mini From Mars/WAV/Magic Spell/Mini_MagicSpell_C4.wav	1464904	44100	24	2	5.521
Mini From Mars/WAV/Magic Spell/Mini_MagicSpell_C5.wav	1398064	44100	24	2	5.268
Mini From Mars/WAV/Magic Spell/Mini_MagicSpell_C6.wav	1399960	44100	24	2	5.275
Mini From Mars/WAV/Magic Spell/Mini_MagicSpell_C7.wav	1394212	44100	24	2	5.254
Mini From Mars/WAV/Magic Spell/Mini_MagicSpell_C8.wav	1391926	44100	24	2	5.245
Mini From Mars/WAV/Magic Spell/Mini_MagicSpell_D#-1.wav	1419202	44100	24	2	5.348
Mini From Mars/WAV/Magic Spell/Mini_MagicSpell_D#0.wav	1482922	44100	24	2	5.589
Mini From Mars/WAV/Magic Spell/Mini_MagicSpell_D#1.wav	1433806	44100	24	2	5.403
Mini From Mars/WAV/Magic Spell/Mini_MagicSpell_D#2.wav	1438972	44100	24	2	5.423
Mini From Mars/WAV/Magic Spell/Mini_MagicSpell_D#3.wav	1434070	44100	24	2	5.404
Mini From Mars/WAV/Magic Spell/Mini_MagicSpell_D#4.wav	1489456	44100	24	2	5.614
Mini From Mars/WAV/Magic Spell/Mini_MagicSpell_D#5.wav	1426198	44100	24	2	5.375
Mini From Mars/WAV/Magic Spell/Mini_MagicSpell_D#6.wav	1424914	44100	24	2	5.37
Mini From Mars/WAV/Magic Spell/Mini_MagicSpell_D#7.wav	1415164	44100	24	2	5.333
Mini From Mars/WAV/Magic Spell/Mini_MagicSpell_D-1.wav	1395304	44100	24	2	5.258
Mini From Mars/WAV/Magic Spell/Mini_MagicSpell_D0.wav	1410346	44100	24	2	5.315
Mini From Mars/WAV/Magic Spell/Mini_MagicSpell_D1.wav	1413856	44100	24	2	5.328
Mini From Mars/WAV/Magic Spell/Mini_MagicSpell_D2.wav	1412020	44100	24	2	5.321
Mini From Mars/WAV/Magic Spell/Mini_MagicSpell_D3.wav	1408648	44100	24	2	5.308
Mini From Mars/WAV/Magic Spell/Mini_MagicSpell_D4.wav	1405678	44100	24	2	5.297
Mini From Mars/WAV/Magic Spell/Mini_MagicSpell_D5.wav	1402984	44100	24	2	5.287
Mini From Mars/WAV/Magic Spell/Mini_MagicSpell_D6.wav	1398748	44100	24	2	5.271
Mini From Mars/WAV/Magic Spell/Mini_MagicSpell_D7.wav	1400032	44100	24	2	5.276
Mini From Mars/WAV/Magic Spell/Mini_MagicSpell_E-1.wav	1396654	44100	24	2	5.263
Mini From Mars/WAV/Magic Spell/Mini_MagicSpell_E0.wav	1404568	44100	24	2	5.293
Mini From Mars/WAV/Magic Spell/Mini_MagicSpell_E1.wav	1405564	44100	24	2	5.297
Mini From Mars/WAV/Magic Spell/Mini_MagicSpell_E2.wav	1408156	44100	24	2	5.306
Mini From Mars/WAV/Magic Spell/Mini_MagicSpell_E3.wav	1402024	44100	24	2	5.283
Mini From Mars/WAV/Magic Spell/Mini_MagicSpell_E4.wav	1404646	44100	24	2	5.293
Mini From Mars/WAV/Magic Spell/Mini_MagicSpell_E5.wav	1399606	44100	24	2	5.274
Mini From Mars/WAV/Magic Spell/Mini_MagicSpell_E6.wav	1395388	44100	24	2	5.258
Mini From Mars/WAV/Magic Spell/Mini_MagicSpell_E7.wav	1392328	44100	24	2	5.247
Mini From Mars/WAV/Magic Spell/Mini_MagicSpell_F#-1.wav	1404388	44100	24	2	5.292
Mini From Mars/WAV/Magic Spell/Mini_MagicSpell_F#0.wav	1405948	44100	24	2	5.298
Mini From Mars/WAV/Magic Spell/Mini_MagicSpell_F#1.wav	1415926	44100	24	2	5.336
Mini From Mars/WAV/Magic Spell/Mini_MagicSpell_F#2.wav	1416124	44100	24	2	5.336
Mini From Mars/WAV/Magic Spell/Mini_MagicSpell_F#3.wav	1406914	44100	24	2	5.302
Mini From Mars/WAV/Magic Spell/Mini_MagicSpell_F#4.wav	1407712	44100	24	2	5.305
Mini From Mars/WAV/Magic Spell/Mini_MagicSpell_F#5.wav	1463380	44100	24	2	5.515
Mini From Mars/WAV/Magic Spell/Mini_MagicSpell_F#6.wav	1400788	44100	24	2	5.279
Mini From Mars/WAV/Magic Spell/Mini_MagicSpell_F#7.wav	1456804	44100	24	2	5.49
Mini From Mars/WAV/Magic Spell/Mini_MagicSpell_F-1.wav	1480198	44100	24	2	5.579
Mini From Mars/WAV/Magic Spell/Mini_MagicSpell_F0.wav	1435960	44100	24	2	5.411
Mini From Mars/WAV/Magic Spell/Mini_MagicSpell_F1.wav	1440652	44100	24	2	5.429
Mini From Mars/WAV/Magic Spell/Mini_MagicSpell_F2.wav	1439914	44100	24	2	5.426
Mini From Mars/WAV/Magic Spell/Mini_MagicSpell_F3.wav	1435420	44100	24	2	5.409
Mini From Mars/WAV/Magic Spell/Mini_MagicSpell_F4.wav	1438096	44100	24	2	5.42
Mini From Mars/WAV/Magic Spell/Mini_MagicSpell_F5.wav	1436608	44100	24	2	5.414
Mini From Mars/WAV/Magic Spell/Mini_MagicSpell_F6.wav	1426840	44100	24	2	5.377
Mini From Mars/WAV/Magic Spell/Mini_MagicSpell_F7.wav	1430368	44100	24	2	5.39
Mini From Mars/WAV/Magic Spell/Mini_MagicSpell_G#-1.wav	1396984	44100	24	2	5.264
Mini From Mars/WAV/Magic Spell/Mini_MagicSpell_G#0.wav	1408246	44100	24	2	5.307
Mini From Mars/WAV/Magic Spell/Mini_MagicSpell_G#1.wav	1411870	44100	24	2	5.32
Mini From Mars/WAV/Magic Spell/Mini_MagicSpell_G#2.wav	1467148	44100	24	2	5.529
Mini From Mars/WAV/Magic Spell/Mini_MagicSpell_G#3.wav	1408858	44100	24	2	5.309
Mini From Mars/WAV/Magic Spell/Mini_MagicSpell_G#4.wav	1398856	44100	24	2	5.271
Mini From Mars/WAV/Magic Spell/Mini_MagicSpell_G#5.wav	1400860	44100	24	2	5.279
Mini From Mars/WAV/Magic Spell/Mini_MagicSpell_G#6.wav	1396954	44100	24	2	5.264
Mini From Mars/WAV/Magic Spell/Mini_MagicSpell_G#7.wav	1394968	44100	24	2	5.257
Mini From Mars/WAV/Magic Spell/Mini_MagicSpell_G-1.wav	1423066	44100	24	2	5.363
Mini From Mars/WAV/Magic Spell/Mini_MagicSpell_G0.wav	1439602	44100	24	2	5.425
Mini From Mars/WAV/Magic Spell/Mini_MagicSpell_G1.wav	1439536	44100	24	2	5.425
Mini From Mars/WAV/Magic Spell/Mini_MagicSpell_G2.wav	1437262	44100	24	2	5.416
Mini From Mars/WAV/Magic Spell/Mini_MagicSpell_G3.wav	1486258	44100	24	2	5.602
Mini From Mars/WAV/Magic Spell/Mini_MagicSpell_G4.wav	1486762	44100	24	2	5.603
Mini From Mars/WAV/Magic Spell/Mini_MagicSpell_G5.wav	1421530	44100	24	2	5.357
Mini From Mars/WAV/Magic Spell/Mini_MagicSpell_G6.wav	1421548	44100	24	2	5.357
Mini From Mars/WAV/Magic Spell/Mini_MagicSpell_G7.wav	1471756	44100	24	2	5.547
Mini From Mars/WAV/Mama Bass/Mini_MamaBass_A#0.wav	552022	44100	24	1	4.142
Mini From Mars/WAV/Mama Bass/Mini_MamaBass_A#1.wav	548359	44100	24	1	4.114
Mini From Mars/WAV/Mama Bass/Mini_MamaBass_A#2.wav	549241	44100	24	1	4.121
Mini From Mars/WAV/Mama Bass/Mini_MamaBass_A#3.wav	547588	44100	24	1	4.108
Mini From Mars/WAV/Mama Bass/Mini_MamaBass_A#4.wav	547411	44100	24	1	4.107
Mini From Mars/WAV/Mama Bass/Mini_MamaBass_A#5.wav	548965	44100	24	1	4.118
Mini From Mars/WAV/Mama Bass/Mini_MamaBass_A#6.wav	547105	44100	24	1	4.104
Mini From Mars/WAV/Mama Bass/Mini_MamaBass_A#7.wav	547717	44100	24	1	4.109
Mini From Mars/WAV/Mama Bass/Mini_MamaBass_A0.wav	552991	44100	24	1	4.149
Mini From Mars/WAV/Mama Bass/Mini_MamaBass_A1.wav	551158	44100	24	1	4.135
Mini From Mars/WAV/Mama Bass/Mini_MamaBass_A2.wav	547006	44100	24	1	4.104
Mini From Mars/WAV/Mama Bass/Mini_MamaBass_A3.wav	552403	44100	24	1	4.144
Mini From Mars/WAV/Mama Bass/Mini_MamaBass_A4.wav	548089	44100	24	1	4.112
Mini From Mars/WAV/Mama Bass/Mini_MamaBass_A5.wav	547552	44100	24	1	4.108
Mini From Mars/WAV/Mama Bass/Mini_MamaBass_A6.wav	547378	44100	24	1	4.106
Mini From Mars/WAV/Mama Bass/Mini_MamaBass_A7.wav	547813	44100	24	1	4.11
Mini From Mars/WAV/Mama Bass/Mini_MamaBass_B0.wav	551212	44100	24	1	4.135
Mini From Mars/WAV/Mama Bass/Mini_MamaBass_B1.wav	550705	44100	24	1	4.132
Mini From Mars/WAV/Mama Bass/Mini_MamaBass_B2.wav	548683	44100	24	1	4.116
Mini From Mars/WAV/Mama Bass/Mini_MamaBass_B3.wav	547171	44100	24	1	4.105
Mini From Mars/WAV/Mama Bass/Mini_MamaBass_B4.wav	547345	44100	24	1	4.106
Mini From Mars/WAV/Mama Bass/Mini_MamaBass_B5.wav	546490	44100	24	1	4.1
Mini From Mars/WAV/Mama Bass/Mini_MamaBass_B6.wav	546841	44100	24	1	4.102
Mini From Mars/WAV/Mama Bass/Mini_MamaBass_B7.wav	547141	44100	24	1	4.105
Mini From Mars/WAV/Mama Bass/Mini_MamaBass_C#0.wav	554458	44100	24	1	4.16
Mini From Mars/WAV/Mama Bass/Mini_MamaBass_C#1.wav	555679	44100	24	1	4.169
Mini From Mars/WAV/Mama Bass/Mini_MamaBass_C#2.wav	552700	44100	24	1	4.147
Mini From Mars/WAV/Mama Bass/Mini_MamaBass_C#3.wav	554968	44100	24	1	4.164
Mini From Mars/WAV/Mama Bass/Mini_MamaBass_C#4.wav	547126	44100	24	1	4.105
Mini From Mars/WAV/Mama Bass/Mini_MamaBass_C#5.wav	547228	44100	24	1	4.105
Mini From Mars/WAV/Mama Bass/Mini_MamaBass_C#6.wav	546790	44100	24	1	4.102
Mini From Mars/WAV/Mama Bass/Mini_MamaBass_C#7.wav	549169	44100	24	1	4.12
Mini From Mars/WAV/Mama Bass/Mini_MamaBass_C0.wav	555784	44100	24	1	4.17
Mini From Mars/WAV/Mama Bass/Mini_MamaBass_C1.wav	552022	44100	24	1	4.142
Mini From Mars/WAV/Mama Bass/Mini_MamaBass_C2.wav	549343	44100	24	1	4.121
Mini From Mars/WAV/Mama Bass/Mini_MamaBass_C3.wav	549490	44100	24	1	4.122
Mini From Mars/WAV/Mama Bass/Mini_MamaBass_C4.wav	547474	44100	24	1	4.107
Mini From Mars/WAV/Mama Bass/Mini_MamaBass_C5.wav	546649	44100	24	1	4.101
Mini From Mars/WAV/Mama Bass/Mini_MamaBass_C6.wav	546970	44100	24	1	4.103
Mini From Mars/WAV/Mama Bass/Mini_MamaBass_C7.wav	545959	44100	24	1	4.096
Mini From Mars/WAV/Mama Bass/Mini_MamaBass_C8.wav	546301	44100	24	1	4.098
Mini From Mars/WAV/Mama Bass/Mini_MamaBass_D#0.wav	557497	44100	24	1	4.183
Mini From Mars/WAV/Mama Bass/Mini_MamaBass_D#1.wav	550054	44100	24	1	4.127
Mini From Mars/WAV/Mama Bass/Mini_MamaBass_D#2.wav	552706	44100	24	1	4.147
Mini From Mars/WAV/Mama Bass/Mini_MamaBass_D#3.wav	549268	44100	24	1	4.121
Mini From Mars/WAV/Mama Bass/Mini_MamaBass_D#4.wav	545077	44100	24	1	4.089
Mini From Mars/WAV/Mama Bass/Mini_MamaBass_D#5.wav	546535	44100	24	1	4.1
Mini From Mars/WAV/Mama Bass/Mini_MamaBass_D#6.wav	547648	44100	24	1	4.108
Mini From Mars/WAV/Mama Bass/Mini_MamaBass_D#7.wav	546472	44100	24	1	4.1
Mini From Mars/WAV/Mama Bass/Mini_MamaBass_D0.wav	557266	44100	24	1	4.181
Mini From Mars/WAV/Mama Bass/Mini_MamaBass_D1.wav	550366	44100	24	1	4.129
Mini From Mars/WAV/Mama Bass/Mini_MamaBass_D2.wav	550699	44100	24	1	4.132
Mini From Mars/WAV/Mama Bass/Mini_MamaBass_D3.wav	548566	44100	24	1	4.115
Mini From Mars/WAV/Mama Bass/Mini_MamaBass_D4.wav	550258	44100	24	1	4.128
Mini From Mars/WAV/Mama Bass/Mini_MamaBass_D5.wav	547456	44100	24	1	4.107
Mini From Mars/WAV/Mama Bass/Mini_MamaBass_D6.wav	547630	44100	24	1	4.108
Mini From Mars/WAV/Mama Bass/Mini_MamaBass_D7.wav	547624	44100	24	1	4.108
Mini From Mars/WAV/Mama Bass/Mini_MamaBass_E0.wav	554227	44100	24	1	4.158
Mini From Mars/WAV/Mama Bass/Mini_MamaBass_E1.wav	551227	44100	24	1	4.136
Mini From Mars/WAV/Mama Bass/Mini_MamaBass_E2.wav	550957	44100	24	1	4.133
Mini From Mars/WAV/Mama Bass/Mini_MamaBass_E3.wav	547912	44100	24	1	4.11
Mini From Mars/WAV/Mama Bass/Mini_MamaBass_E4.wav	546253	44100	24	1	4.098
Mini From Mars/WAV/Mama Bass/Mini_MamaBass_E5.wav	546064	44100	24	1	4.097
Mini From Mars/WAV/Mama Bass/Mini_MamaBass_E6.wav	546484	44100	24	1	4.1
Mini From Mars/WAV/Mama Bass/Mini_MamaBass_E7.wav	546469	44100	24	1	4.1
Mini From Mars/WAV/Mama Bass/Mini_MamaBass_F#0.wav	553252	44100	24	1	4.151
Mini From Mars/WAV/Mama Bass/Mini_MamaBass_F#1.wav	550951	44100	24	1	4.133
Mini From Mars/WAV/Mama Bass/Mini_MamaBass_F#2.wav	547993	44100	24	1	4.111
Mini From Mars/WAV/Mama Bass/Mini_MamaBass_F#3.wav	551095	44100	24	1	4.135
Mini From Mars/WAV/Mama Bass/Mini_MamaBass_F#4.wav	546820	44100	24	1	4.102
Mini From Mars/WAV/Mama Bass/Mini_MamaBass_F#5.wav	547750	44100	24	1	4.109
Mini From Mars/WAV/Mama Bass/Mini_MamaBass_F#6.wav	547810	44100	24	1	4.11
Mini From Mars/WAV/Mama Bass/Mini_MamaBass_F#7.wav	545782	44100	24	1	4.094
Mini From Mars/WAV/Mama Bass/Mini_MamaBass_F0.wav	554566	44100	24	1	4.161
Mini From Mars/WAV/Mama Bass/Mini_MamaBass_F1.wav	550207	44100	24	1	4.128
Mini From Mars/WAV/Mama Bass/Mini_MamaBass_F2.wav	551572	44100	24	1	4.138
Mini From Mars/WAV/Mama Bass/Mini_MamaBass_F3.wav	548056	44100	24	1	4.112
Mini From Mars/WAV/Mama Bass/Mini_MamaBass_F4.wav	548428	44100	24	1	4.114
Mini From Mars/WAV/Mama Bass/Mini_MamaBass_F5.wav	546436	44100	24	1	4.099
Mini From Mars/WAV/Mama Bass/Mini_MamaBass_F6.wav	547351	44100	24	1	4.106
Mini From Mars/WAV/Mama Bass/Mini_MamaBass_F7.wav	546400	44100	24	1	4.099
Mini From Mars/WAV/Mama Bass/Mini_MamaBass_G#0.wav	551398	44100	24	1	4.137
Mini From Mars/WAV/Mama Bass/Mini_MamaBass_G#1.wav	547225	44100	24	1	4.105
Mini From Mars/WAV/Mama Bass/Mini_MamaBass_G#2.wav	547375	44100	24	1	4.106
Mini From Mars/WAV/Mama Bass/Mini_MamaBass_G#3.wav	549457	44100	24	1	4.122
Mini From Mars/WAV/Mama Bass/Mini_MamaBass_G#4.wav	547669	44100	24	1	4.109
Mini From Mars/WAV/Mama Bass/Mini_MamaBass_G#5.wav	549682	44100	24	1	4.124
Mini From Mars/WAV/Mama Bass/Mini_MamaBass_G#6.wav	548680	44100	24	1	4.116
Mini From Mars/WAV/Mama Bass/Mini_MamaBass_G#7.wav	545848	44100	24	1	4.095
Mini From Mars/WAV/Mama Bass/Mini_MamaBass_G0.wav	550501	44100	24	1	4.13
Mini From Mars/WAV/Mama Bass/Mini_MamaBass_G1.wav	548824	44100	24	1	4.117
Mini From Mars/WAV/Mama Bass/Mini_MamaBass_G2.wav	547318	44100	24	1	4.106
Mini From Mars/WAV/Mama Bass/Mini_MamaBass_G3.wav	548488	44100	24	1	4.115
Mini From Mars/WAV/Mama Bass/Mini_MamaBass_G4.wav	548509	44100	24	1	4.115
Mini From Mars/WAV/Mama Bass/Mini_MamaBass_G5.wav	548593	44100	24	1	4.116
Mini From Mars/WAV/Mama Bass/Mini_MamaBass_G6.wav	547597	44100	24	1	4.108
Mini From Mars/WAV/Mama Bass/Mini_MamaBass_G7.wav	549994	44100	24	1	4.126
Mini From Mars/WAV/Octave Jumper/Mini_OctaveJumper_A#-1.wav	1730500	44100	24	2	6.525
Mini From Mars/WAV/Octave Jumper/Mini_OctaveJumper_A#0.wav	1726282	44100	24	2	6.509
Mini From Mars/WAV/Octave Jumper/Mini_OctaveJumper_A#1.wav	1724500	44100	24	2	6.502
Mini From Mars/WAV/Octave Jumper/Mini_OctaveJumper_A#2.wav	1726330	44100	24	2	6.509
Mini From Mars/WAV/Octave Jumper/Mini_OctaveJumper_A#3.wav	1722520	44100	24	2	6.494
Mini From Mars/WAV/Octave Jumper/Mini_OctaveJumper_A#4.wav	1724710	44100	24	2	6.503
Mini From Mars/WAV/Octave Jumper/Mini_OctaveJumper_A#5.wav	1774108	44100	24	2	6.689
Mini From Mars/WAV/Octave Jumper/Mini_OctaveJumper_A#6.wav	1710772	44100	24	2	6.45
Mini From Mars/WAV/Octave Jumper/Mini_OctaveJumper_A#7.wav	1704982	44100	24	2	6.428
Mini From Mars/WAV/Octave Jumper/Mini_OctaveJumper_A-1.wav	1770832	44100	24	2	6.677
Mini From Mars/WAV/Octave Jumper/Mini_OctaveJumper_A0.wav	1777162	44100	24	2	6.701
Mini From Mars/WAV/Octave Jumper/Mini_OctaveJumper_A1.wav	1765540	44100	24	2	6.657
Mini From Mars/WAV/Octave Jumper/Mini_OctaveJumper_A2.wav	1765702	44100	24	2	6.658
Mini From Mars/WAV/Octave Jumper/Mini_OctaveJumper_A3.wav	1757434	44100	24	2	6.626
Mini From Mars/WAV/Octave Jumper/Mini_OctaveJumper_A4.wav	1752982	44100	24	2	6.61
Mini From Mars/WAV/Octave Jumper/Mini_OctaveJumper_A5.wav	1802830	44100	24	2	6.798
Mini From Mars/WAV/Octave Jumper/Mini_OctaveJumper_A6.wav	1740232	44100	24	2	6.561
Mini From Mars/WAV/Octave Jumper/Mini_OctaveJumper_A7.wav	1720972	44100	24	2	6.489
Mini From Mars/WAV/Octave Jumper/Mini_OctaveJumper_B-1.wav	1739848	44100	24	2	6.56
Mini From Mars/WAV/Octave Jumper/Mini_OctaveJumper_B0.wav	1755184	44100	24	2	6.618
Mini From Mars/WAV/Octave Jumper/Mini_OctaveJumper_B1.wav	1752550	44100	24	2	6.608
Mini From Mars/WAV/Octave Jumper/Mini_OctaveJumper_B2.wav	1816042	44100	24	2	6.848
Mini From Mars/WAV/Octave Jumper/Mini_OctaveJumper_B3.wav	1748740	44100	24	2	6.594
Mini From Mars/WAV/Octave Jumper/Mini_OctaveJumper_B4.wav	1746346	44100	24	2	6.584
Mini From Mars/WAV/Octave Jumper/Mini_OctaveJumper_B5.wav	1740778	44100	24	2	6.563
Mini From Mars/WAV/Octave Jumper/Mini_OctaveJumper_B6.wav	1733380	44100	24	2	6.535
Mini From Mars/WAV/Octave Jumper/Mini_OctaveJumper_B7.wav	1777186	44100	24	2	6.701
Mini From Mars/WAV/Octave Jumper/Mini_OctaveJumper_C#-1.wav	1760998	44100	24	2	6.64
Mini From Mars/WAV/Octave Jumper/Mini_OctaveJumper_C#0.wav	1801324	44100	24	2	6.792
Mini From Mars/WAV/Octave Jumper/Mini_OctaveJumper_C#1.wav	1761910	44100	24	2	6.643
Mini From Mars/WAV/Octave Jumper/Mini_OctaveJumper_C#2.wav	1755202	44100	24	2	6.618
Mini From Mars/WAV/Octave Jumper/Mini_OctaveJumper_C#3.wav	1821220	44100	24	2	6.867
Mini From Mars/WAV/Octave Jumper/Mini_OctaveJumper_C#4.wav	1767058	44100	24	2	6.663
Mini From Mars/WAV/Octave Jumper/Mini_OctaveJumper_C#5.wav	1818550	44100	24	2	6.857
Mini From Mars/WAV/Octave Jumper/Mini_OctaveJumper_C#6.wav	1746460	44100	24	2	6.585
Mini From Mars/WAV/Octave Jumper/Mini_OctaveJumper_C#7.wav	1747924	44100	24	2	6.59
Mini From Mars/WAV/Octave Jumper/Mini_OctaveJumper_C-1.wav	1711312	44100	24	2	6.452
Mini From Mars/WAV/Octave Jumper/Mini_OctaveJumper_C0.wav	1722934	44100	24	2	6.496
Mini From Mars/WAV/Octave Jumper/Mini_OctaveJumper_C1.wav	1772428	44100	24	2	6.683
Mini From Mars/WAV/Octave Jumper/Mini_OctaveJumper_C2.wav	1719454	44100	24	2	6.483
Mini From Mars/WAV/Octave Jumper/Mini_OctaveJumper_C3.wav	1780252	44100	24	2	6.713
Mini From Mars/WAV/Octave Jumper/Mini_OctaveJumper_C4.wav	1719472	44100	24	2	6.483
Mini From Mars/WAV/Octave Jumper/Mini_OctaveJumper_C5.wav	1722562	44100	24	2	6.495
Mini From Mars/WAV/Octave Jumper/Mini_OctaveJumper_C6.wav	1710598	44100	24	2	6.449
Mini From Mars/WAV/Octave Jumper/Mini_OctaveJumper_C7.wav	1702624	44100	24	2	6.419
Mini From Mars/WAV/Octave Jumper/Mini_OctaveJumper_C8.wav	1692880	44100	24	2	6.382
Mini From Mars/WAV/Octave Jumper/Mini_OctaveJumper_D#-1.wav	1796116	44100	24	2	6.773
Mini From Mars/WAV/Octave Jumper/Mini_OctaveJumper_D#0.wav	1755148	44100	24	2	6.618
Mini From Mars/WAV/Octave Jumper/Mini_OctaveJumper_D#1.wav	1756960	44100	24	2	6.625
Mini From Mars/WAV/Octave Jumper/Mini_OctaveJumper_D#2.wav	1749772	44100	24	2	6.597
Mini From Mars/WAV/Octave Jumper/Mini_OctaveJumper_D#3.wav	1756390	44100	24	2	6.622
Mini From Mars/WAV/Octave Jumper/Mini_OctaveJumper_D#4.wav	1809910	44100	24	2	6.825
Mini From Mars/WAV/Octave Jumper/Mini_OctaveJumper_D#5.wav	1742194	44100	24	2	6.569
Mini From Mars/WAV/Octave Jumper/Mini_OctaveJumper_D#6.wav	1740148	44100	24	2	6.561
Mini From Mars/WAV/Octave Jumper/Mini_OctaveJumper_D#7.wav	1731058	44100	24	2	6.527
Mini From Mars/WAV/Octave Jumper/Mini_OctaveJumper_D-1.wav	1785220	44100	24	2	6.731
Mini From Mars/WAV/Octave Jumper/Mini_OctaveJumper_D0.wav	1724440	44100	24	2	6.502
Mini From Mars/WAV/Octave Jumper/Mini_OctaveJumper_D1.wav	1731802	44100	24	2	6.53
Mini From Mars/WAV/Octave Jumper/Mini_OctaveJumper_D2.wav	1724884	44100	24	2	6.503
Mini From Mars/WAV/Octave Jumper/Mini_OctaveJumper_D3.wav	1777426	44100	24	2	6.702
Mini From Mars/WAV/Octave Jumper/Mini_OctaveJumper_D4.wav	1726402	44100	24	2	6.509
Mini From Mars/WAV/Octave Jumper/Mini_OctaveJumper_D5.wav	1774792	44100	24	2	6.692
Mini From Mars/WAV/Octave Jumper/Mini_OctaveJumper_D6.wav	1773664	44100	24	2	6.688
Mini From Mars/WAV/Octave Jumper/Mini_OctaveJumper_D7.wav	1772518	44100	24	2	6.683
Mini From Mars/WAV/Octave Jumper/Mini_OctaveJumper_E-1.wav	1730212	44100	24	2	6.523
Mini From Mars/WAV/Octave Jumper/Mini_OctaveJumper_E0.wav	1723066	44100	24	2	6.496
Mini From Mars/WAV/Octave Jumper/Mini_OctaveJumper_E1.wav	1775248	44100	24	2	6.694
Mini From Mars/WAV/Octave Jumper/Mini_OctaveJumper_E2.wav	1773106	44100	24	2	6.686
Mini From Mars/WAV/Octave Jumper/Mini_OctaveJumper_E3.wav	1715362	44100	24	2	6.467
Mini From Mars/WAV/Octave Jumper/Mini_OctaveJumper_E4.wav	1723954	44100	24	2	6.5
Mini From Mars/WAV/Octave Jumper/Mini_OctaveJumper_E5.wav	1769938	44100	24	2	6.674
Mini From Mars/WAV/Octave Jumper/Mini_OctaveJumper_E6.wav	1710220	44100	24	2	6.448
Mini From Mars/WAV/Octave Jumper/Mini_OctaveJumper_E7.wav	1700482	44100	24	2	6.411
Mini From Mars/WAV/Octave Jumper/Mini_OctaveJumper_F#-1.wav	1731766	44100	24	2	6.529
Mini From Mars/WAV/Octave Jumper/Mini_OctaveJumper_F#0.wav	1723930	44100	24	2	6.5
Mini From Mars/WAV/Octave Jumper/Mini_OctaveJumper_F#1.wav	1721080	44100	24	2	6.489
Mini From Mars/WAV/Octave Jumper/Mini_OctaveJumper_F#2.wav	1786804	44100	24	2	6.737
Mini From Mars/WAV/Octave Jumper/Mini_OctaveJumper_F#3.wav	1716892	44100	24	2	6.473
Mini From Mars/WAV/Octave Jumper/Mini_OctaveJumper_F#4.wav	1724896	44100	24	2	6.503
Mini From Mars/WAV/Octave Jumper/Mini_OctaveJumper_F#5.wav	1719598	44100	24	2	6.483
Mini From Mars/WAV/Octave Jumper/Mini_OctaveJumper_F#6.wav	1716898	44100	24	2	6.473
Mini From Mars/WAV/Octave Jumper/Mini_OctaveJumper_F#7.wav	1766392	44100	24	2	6.66
Mini From Mars/WAV/Octave Jumper/Mini_OctaveJumper_F-1.wav	1758334	44100	24	2	6.63
Mini From Mars/WAV/Octave Jumper/Mini_OctaveJumper_F0.wav	1757866	44100	24	2	6.628
Mini From Mars/WAV/Octave Jumper/Mini_OctaveJumper_F1.wav	1759756	44100	24	2	6.635
Mini From Mars/WAV/Octave Jumper/Mini_OctaveJumper_F2.wav	1771510	44100	24	2	6.68
Mini From Mars/WAV/Octave Jumper/Mini_OctaveJumper_F3.wav	1834726	44100	24	2	6.918
Mini From Mars/WAV/Octave Jumper/Mini_OctaveJumper_F4.wav	1751314	44100	24	2	6.603
Mini From Mars/WAV/Octave Jumper/Mini_OctaveJumper_F5.wav	1752364	44100	24	2	6.607
Mini From Mars/WAV/Octave Jumper/Mini_OctaveJumper_F6.wav	1808932	44100	24	2	6.821
Mini From Mars/WAV/Octave Jumper/Mini_OctaveJumper_F7.wav	1731382	44100	24	2	6.528
Mini From Mars/WAV/Octave Jumper/Mini_OctaveJumper_G#-1.wav	1734112	44100	24	2	6.538
Mini From Mars/WAV/Octave Jumper/Mini_OctaveJumper_G#0.wav	1723408	44100	24	2	6.498
Mini From Mars/WAV/Octave Jumper/Mini_OctaveJumper_G#1.wav	1723756	44100	24	2	6.499
Mini From Mars/WAV/Octave Jumper/Mini_OctaveJumper_G#2.wav	1717738	44100	24	2	6.476
Mini From Mars/WAV/Octave Jumper/Mini_OctaveJumper_G#3.wav	1718500	44100	24	2	6.479
Mini From Mars/WAV/Octave Jumper/Mini_OctaveJumper_G#4.wav	1716412	44100	24	2	6.471
Mini From Mars/WAV/Octave Jumper/Mini_OctaveJumper_G#5.wav	1715746	44100	24	2	6.469
Mini From Mars/WAV/Octave Jumper/Mini_OctaveJumper_G#6.wav	1765624	44100	24	2	6.657
Mini From Mars/WAV/Octave Jumper/Mini_OctaveJumper_G#7.wav	1754806	44100	24	2	6.616
Mini From Mars/WAV/Octave Jumper/Mini_OctaveJumper_G-1.wav	1758580	44100	24	2	6.631
Mini From Mars/WAV/Octave Jumper/Mini_OctaveJumper_G0.wav	1758688	44100	24	2	6.631
Mini From Mars/WAV/Octave Jumper/Mini_OctaveJumper_G1.wav	1753360	44100	24	2	6.611
Mini From Mars/WAV/Octave Jumper/Mini_OctaveJumper_G2.wav	1809358	44100	24	2	6.823
Mini From Mars/WAV/Octave Jumper/Mini_OctaveJumper_G3.wav	1749856	44100	24	2	6.598
Mini From Mars/WAV/Octave Jumper/Mini_OctaveJumper_G4.wav	1800214	44100	24	2	6.788
Mini From Mars/WAV/Octave Jumper/Mini_OctaveJumper_G5.wav	1797568	44100	24	2	6.778
Mini From Mars/WAV/Octave Jumper/Mini_OctaveJumper_G6.wav	1737922	44100	24	2	6.553
Mini From Mars/WAV/Octave Jumper/Mini_OctaveJumper_G7.wav	1721062	44100	24	2	6.489
Mini From Mars/WAV/Perky Noise Saw/Mini_PerkyNoiseSaw_A#0.wav	706072	44100	24	1	5.306
Mini From Mars/WAV/Perky Noise Saw/Mini_PerkyNoiseSaw_A#1.wav	707086	44100	24	1	5.314
Mini From Mars/WAV/Perky Noise Saw/Mini_PerkyNoiseSaw_A#2.wav	702628	44100	24	1	5.28
Mini From Mars/WAV/Perky Noise Saw/Mini_PerkyNoiseSaw_A#3.wav	705373	44100	24	1	5.301
Mini From Mars/WAV/Perky Noise Saw/Mini_PerkyNoiseSaw_A#4.wav	703906	44100	24	1	5.29
Mini From Mars/WAV/Perky Noise Saw/Mini_PerkyNoiseSaw_A#5.wav	705088	44100	24	1	5.299
Mini From Mars/WAV/Perky Noise Saw/Mini_PerkyNoiseSaw_A#6.wav	705991	44100	24	1	5.305
Mini From Mars/WAV/Perky Noise Saw/Mini_PerkyNoiseSaw_A0.wav	704632	44100	24	1	5.295
Mini From Mars/WAV/Perky Noise Saw/Mini_PerkyNoiseSaw_A1.wav	705007	44100	24	1	5.298
Mini From Mars/WAV/Perky Noise Saw/Mini_PerkyNoiseSaw_A2.wav	706084	44100	24	1	5.306
Mini From Mars/WAV/Perky Noise Saw/Mini_PerkyNoiseSaw_A3.wav	705823	44100	24	1	5.304
Mini From Mars/WAV/Perky Noise Saw/Mini_PerkyNoiseSaw_A4.wav	703687	44100	24	1	5.288
Mini From Mars/WAV/Perky Noise Saw/Mini_PerkyNoiseSaw_A5.wav	703852	44100	24	1	5.289
Mini From Mars/WAV/Perky Noise Saw/Mini_PerkyNoiseSaw_A6.wav	702088	44100	24	1	5.276
Mini From Mars/WAV/Perky Noise Saw/Mini_PerkyNoiseSaw_B0.wav	705373	44100	24	1	5.301
Mini From Mars/WAV/Perky Noise Saw/Mini_PerkyNoiseSaw_B1.wav	705520	44100	24	1	5.302
Mini From Mars/WAV/Perky Noise Saw/Mini_PerkyNoiseSaw_B2.wav	704395	44100	24	1	5.293
Mini From Mars/WAV/Perky Noise Saw/Mini_PerkyNoiseSaw_B3.wav	703948	44100	24	1	5.29
Mini From Mars/WAV/Perky Noise Saw/Mini_PerkyNoiseSaw_B4.wav	703777	44100	24	1	5.289
Mini From Mars/WAV/Perky Noise Saw/Mini_PerkyNoiseSaw_B5.wav	704368	44100	24	1	5.293
Mini From Mars/WAV/Perky Noise Saw/Mini_PerkyNoiseSaw_B6.wav	703048	44100	24	1	5.283
Mini From Mars/WAV/Perky Noise Saw/Mini_PerkyNoiseSaw_C#0.wav	703549	44100	24	1	5.287
Mini From Mars/WAV/Perky Noise Saw/Mini_PerkyNoiseSaw_C#1.wav	704392	44100	24	1	5.293
Mini From Mars/WAV/Perky Noise Saw/Mini_PerkyNoiseSaw_C#2.wav	705868	44100	24	1	5.304
Mini From Mars/WAV/Perky Noise Saw/Mini_PerkyNoiseSaw_C#3.wav	705616	44100	24	1	5.302
Mini From Mars/WAV/Perky Noise Saw/Mini_PerkyNoiseSaw_C#4.wav	703651	44100	24	1	5.288
Mini From Mars/WAV/Perky Noise Saw/Mini_PerkyNoiseSaw_C#5.wav	705235	44100	24	1	5.3
Mini From Mars/WAV/Perky Noise Saw/Mini_PerkyNoiseSaw_C#6.wav	705340	44100	24	1	5.3
Mini From Mars/WAV/Perky Noise Saw/Mini_PerkyNoiseSaw_C0.wav	707827	44100	24	1	5.319
Mini From Mars/WAV/Perky Noise Saw/Mini_PerkyNoiseSaw_C1.wav	706183	44100	24	1	5.307
Mini From Mars/WAV/Perky Noise Saw/Mini_PerkyNoiseSaw_C2.wav	706066	44100	24	1	5.306
Mini From Mars/WAV/Perky Noise Saw/Mini_PerkyNoiseSaw_C3.wav	707356	44100	24	1	5.316
Mini From Mars/WAV/Perky Noise Saw/Mini_PerkyNoiseSaw_C4.wav	706780	44100	24	1	5.311
Mini From Mars/WAV/Perky Noise Saw/Mini_PerkyNoiseSaw_C5.wav	705895	44100	24	1	5.305
Mini From Mars/WAV/Perky Noise Saw/Mini_PerkyNoiseSaw_C6.wav	707875	44100	24	1	5.32
Mini From Mars/WAV/Perky Noise Saw/Mini_PerkyNoiseSaw_C7.wav	702742	44100	24	1	5.281
Mini From Mars/WAV/Perky Noise Saw/Mini_PerkyNoiseSaw_D#0.wav	705145	44100	24	1	5.299
Mini From Mars/WAV/Perky Noise Saw/Mini_PerkyNoiseSaw_D#1.wav	702040	44100	24	1	5.275
Mini From Mars/WAV/Perky Noise Saw/Mini_PerkyNoiseSaw_D#2.wav	704188	44100	24	1	5.292
Mini From Mars/WAV/Perky Noise Saw/Mini_PerkyNoiseSaw_D#3.wav	703957	44100	24	1	5.29
Mini From Mars/WAV/Perky Noise Saw/Mini_PerkyNoiseSaw_D#4.wav	705181	44100	24	1	5.299
Mini From Mars/WAV/Perky Noise Saw/Mini_PerkyNoiseSaw_D#5.wav	704932	44100	24	1	5.297
Mini From Mars/WAV/Perky Noise Saw/Mini_PerkyNoiseSaw_D#6.wav	703972	44100	24	1	5.29
Mini From Mars/WAV/Perky Noise Saw/Mini_PerkyNoiseSaw_D0.wav	707311	44100	24	1	5.315
Mini From Mars/WAV/Perky Noise Saw/Mini_PerkyNoiseSaw_D1.wav	707359	44100	24	1	5.316
Mini From Mars/WAV/Perky Noise Saw/Mini_PerkyNoiseSaw_D2.wav	708658	44100	24	1	5.325
Mini From Mars/WAV/Perky Noise Saw/Mini_PerkyNoiseSaw_D3.wav	705634	44100	24	1	5.303
Mini From Mars/WAV/Perky Noise Saw/Mini_PerkyNoiseSaw_D4.wav	707263	44100	24	1	5.315
Mini From Mars/WAV/Perky Noise Saw/Mini_PerkyNoiseSaw_D5.wav	704530	44100	24	1	5.294
Mini From Mars/WAV/Perky Noise Saw/Mini_PerkyNoiseSaw_D6.wav	705583	44100	24	1	5.302
Mini From Mars/WAV/Perky Noise Saw/Mini_PerkyNoiseSaw_E0.wav	707554	44100	24	1	5.317
Mini From Mars/WAV/Perky Noise Saw/Mini_PerkyNoiseSaw_E1.wav	707620	44100	24	1	5.318
Mini From Mars/WAV/Perky Noise Saw/Mini_PerkyNoiseSaw_E2.wav	705766	44100	24	1	5.304
Mini From Mars/WAV/Perky Noise Saw/Mini_PerkyNoiseSaw_E3.wav	704992	44100	24	1	5.298
Mini From Mars/WAV/Perky Noise Saw/Mini_PerkyNoiseSaw_E4.wav	704845	44100	24	1	5.297
Mini From Mars/WAV/Perky Noise Saw/Mini_PerkyNoiseSaw_E5.wav	707995	44100	24	1	5.32
Mini From Mars/WAV/Perky Noise Saw/Mini_PerkyNoiseSaw_E6.wav	703300	44100	24	1	5.285
Mini From Mars/WAV/Perky Noise Saw/Mini_PerkyNoiseSaw_F#0.wav	708415	44100	24	1	5.324
Mini From Mars/WAV/Perky Noise Saw/Mini_PerkyNoiseSaw_F#1.wav	707356	44100	24	1	5.316
Mini From Mars/WAV/Perky Noise Saw/Mini_PerkyNoiseSaw_F#2.wav	705553	44100	24	1	5.302
Mini From Mars/WAV/Perky Noise Saw/Mini_PerkyNoiseSaw_F#3.wav	706528	44100	24	1	5.309
Mini From Mars/WAV/Perky Noise Saw/Mini_PerkyNoiseSaw_F#4.wav	704602	44100	24	1	5.295
Mini From Mars/WAV/Perky Noise Saw/Mini_PerkyNoiseSaw_F#5.wav	706696	44100	24	1	5.311
Mini From Mars/WAV/Perky Noise Saw/Mini_PerkyNoiseSaw_F#6.wav	705544	44100	24	1	5.302
Mini From Mars/WAV/Perky Noise Saw/Mini_PerkyNoiseSaw_F0.wav	703753	44100	24	1	5.288
Mini From Mars/WAV/Perky Noise Saw/Mini_PerkyNoiseSaw_F1.wav	704251	44100	24	1	5.292
Mini From Mars/WAV/Perky Noise Saw/Mini_PerkyNoiseSaw_F2.wav	705730	44100	24	1	5.303
Mini From Mars/WAV/Perky Noise Saw/Mini_PerkyNoiseSaw_F3.wav	704968	44100	24	1	5.298
Mini From Mars/WAV/Perky Noise Saw/Mini_PerkyNoiseSaw_F4.wav	705334	44100	24	1	5.3
Mini From Mars/WAV/Perky Noise Saw/Mini_PerkyNoiseSaw_F5.wav	704680	44100	24	1	5.295
Mini From Mars/WAV/Perky Noise Saw/Mini_PerkyNoiseSaw_F6.wav	700513	44100	24	1	5.264
Mini From Mars/WAV/Perky Noise Saw/Mini_PerkyNoiseSaw_G#0.wav	708340	44100	24	1	5.323
Mini From Mars/WAV/Perky Noise Saw/Mini_PerkyNoiseSaw_G#1.wav	709147	44100	24	1	5.329
Mini From Mars/WAV/Perky Noise Saw/Mini_PerkyNoiseSaw_G#2.wav	705358	44100	24	1	5.301
Mini From Mars/WAV/Perky Noise Saw/Mini_PerkyNoiseSaw_G#3.wav	704152	44100	24	1	5.291
Mini From Mars/WAV/Perky Noise Saw/Mini_PerkyNoiseSaw_G#4.wav	703495	44100	24	1	5.286
Mini From Mars/WAV/Perky Noise Saw/Mini_PerkyNoiseSaw_G#5.wav	705607	44100	24	1	5.302
Mini From Mars/WAV/Perky Noise Saw/Mini_PerkyNoiseSaw_G#6.wav	705709	44100	24	1	5.303
Mini From Mars/WAV/Perky Noise Saw/Mini_PerkyNoiseSaw_G0.wav	704278	44100	24	1	5.292
Mini From Mars/WAV/Perky Noise Saw/Mini_PerkyNoiseSaw_G1.wav	702865	44100	24	1	5.282
Mini From Mars/WAV/Perky Noise Saw/Mini_PerkyNoiseSaw_G2.wav	705700	44100	24	1	5.303
Mini From Mars/WAV/Perky Noise Saw/Mini_PerkyNoiseSaw_G3.wav	703231	44100	24	1	5.284
Mini From Mars/WAV/Perky Noise Saw/Mini_PerkyNoiseSaw_G4.wav	704572	44100	24	1	5.295
Mini From Mars/WAV/Perky Noise Saw/Mini_PerkyNoiseSaw_G5.wav	704962	44100	24	1	5.298
Mini From Mars/WAV/Perky Noise Saw/Mini_PerkyNoiseSaw_G6.wav	704542	44100	24	1	5.294
Mini From Mars/WAV/Ring Mod Bells/Mini_RingModBells_A#0.wav	439879	44100	24	1	3.294
Mini From Mars/WAV/Ring Mod Bells/Mini_RingModBells_A#1.wav	440020	44100	24	1	3.295
Mini From Mars/WAV/Ring Mod Bells/Mini_RingModBells_A#2.wav	440599	44100	24	1	3.299
Mini From Mars/WAV/Ring Mod Bells/Mini_RingModBells_A#3.wav	440665	44100	24	1	3.3
Mini From Mars/WAV/Ring Mod Bells/Mini_RingModBells_A#4.wav	442123	44100	24	1	3.311
Mini From Mars/WAV/Ring Mod Bells/Mini_RingModBells_A#5.wav	442300	44100	24	1	3.312
Mini From Mars/WAV/Ring Mod Bells/Mini_RingModBells_A#6.wav	443530	44100	24	1	3.321
Mini From Mars/WAV/Ring Mod Bells/Mini_RingModBells_A0.wav	446935	44100	24	1	3.347
Mini From Mars/WAV/Ring Mod Bells/Mini_RingModBells_A1.wav	441970	44100	24	1	3.31
Mini From Mars/WAV/Ring Mod Bells/Mini_RingModBells_A2.wav	441682	44100	24	1	3.308
Mini From Mars/WAV/Ring Mod Bells/Mini_RingModBells_A3.wav	441751	44100	24	1	3.308
Mini From Mars/WAV/Ring Mod Bells/Mini_RingModBells_A4.wav	446206	44100	24	1	3.342
Mini From Mars/WAV/Ring Mod Bells/Mini_RingModBells_A5.wav	441301	44100	24	1	3.305
Mini From Mars/WAV/Ring Mod Bells/Mini_RingModBells_A6.wav	441694	44100	24	1	3.308
Mini From Mars/WAV/Ring Mod Bells/Mini_RingModBells_B0.wav	444277	44100	24	1	3.327
Mini From Mars/WAV/Ring Mod Bells/Mini_RingModBells_B1.wav	440326	44100	24	1	3.297
Mini From Mars/WAV/Ring Mod Bells/Mini_RingModBells_B2.wav	440713	44100	24	1	3.3
Mini From Mars/WAV/Ring Mod Bells/Mini_RingModBells_B3.wav	440635	44100	24	1	3.3
Mini From Mars/WAV/Ring Mod Bells/Mini_RingModBells_B4.wav	441217	44100	24	1	3.304
Mini From Mars/WAV/Ring Mod Bells/Mini_RingModBells_B5.wav	441829	44100	24	1	3.309
Mini From Mars/WAV/Ring Mod Bells/Mini_RingModBells_B6.wav	444988	44100	24	1	3.333
Mini From Mars/WAV/Ring Mod Bells/Mini_RingModBells_C#0.wav	444802	44100	24	1	3.331
Mini From Mars/WAV/Ring Mod Bells/Mini_RingModBells_C#1.wav	444250	44100	24	1	3.327
Mini From Mars/WAV/Ring Mod Bells/Mini_RingModBells_C#2.wav	441190	44100	24	1	3.304
Mini From Mars/WAV/Ring Mod Bells/Mini_RingModBells_C#3.wav	440869	44100	24	1	3.301
Mini From Mars/WAV/Ring Mod Bells/Mini_RingModBells_C#4.wav	441328	44100	24	1	3.305
Mini From Mars/WAV/Ring Mod Bells/Mini_RingModBells_C#5.wav	441400	44100	24	1	3.305
Mini From Mars/WAV/Ring Mod Bells/Mini_RingModBells_C#6.wav	442921	44100	24	1	3.317
Mini From Mars/WAV/Ring Mod Bells/Mini_RingModBells_C0.wav	437272	44100	24	1	3.274
Mini From Mars/WAV/Ring Mod Bells/Mini_RingModBells_C1.wav	440014	44100	24	1	3.295
Mini From Mars/WAV/Ring Mod Bells/Mini_RingModBells_C2.wav	439777	44100	24	1	3.293
Mini From Mars/WAV/Ring Mod Bells/Mini_RingModBells_C3.wav	439678	44100	24	1	3.292
Mini From Mars/WAV/Ring Mod Bells/Mini_RingModBells_C4.wav	438292	44100	24	1	3.282
Mini From Mars/WAV/Ring Mod Bells/Mini_RingModBells_C5.wav	438775	44100	24	1	3.286
Mini From Mars/WAV/Ring Mod Bells/Mini_RingModBells_C6.wav	439600	44100	24	1	3.292
Mini From Mars/WAV/Ring Mod Bells/Mini_RingModBells_C7.wav	439993	44100	24	1	3.295
Mini From Mars/WAV/Ring Mod Bells/Mini_RingModBells_D#0.wav	446542	44100	24	1	3.344
Mini From Mars/WAV/Ring Mod Bells/Mini_RingModBells_D#1.wav	445531	44100	24	1	3.337
Mini From Mars/WAV/Ring Mod Bells/Mini_RingModBells_D#2.wav	442573	44100	24	1	3.314
Mini From Mars/WAV/Ring Mod Bells/Mini_RingModBells_D#3.wav	441223	44100	24	1	3.304
Mini From Mars/WAV/Ring Mod Bells/Mini_RingModBells_D#4.wav	439909	44100	24	1	3.294
Mini From Mars/WAV/Ring Mod Bells/Mini_RingModBells_D#5.wav	441838	44100	24	1	3.309
Mini From Mars/WAV/Ring Mod Bells/Mini_RingModBells_D#6.wav	447238	44100	24	1	3.35
Mini From Mars/WAV/Ring Mod Bells/Mini_RingModBells_D0.wav	443611	44100	24	1	3.322
Mini From Mars/WAV/Ring Mod Bells/Mini_RingModBells_D1.wav	445093	44100	24	1	3.333
Mini From Mars/WAV/Ring Mod Bells/Mini_RingModBells_D2.wav	439156	44100	24	1	3.288
Mini From Mars/WAV/Ring Mod Bells/Mini_RingModBells_D3.wav	438463	44100	24	1	3.283
Mini From Mars/WAV/Ring Mod Bells/Mini_RingModBells_D4.wav	438652	44100	24	1	3.285
Mini From Mars/WAV/Ring Mod Bells/Mini_RingModBells_D5.wav	439705	44100	24	1	3.293
Mini From Mars/WAV/Ring Mod Bells/Mini_RingModBells_D6.wav	441661	44100	24	1	3.307
Mini From Mars/WAV/Ring Mod Bells/Mini_RingModBells_E0.wav	440308	44100	24	1	3.297
Mini From Mars/WAV/Ring Mod Bells/Mini_RingModBells_E1.wav	441217	44100	24	1	3.304
Mini From Mars/WAV/Ring Mod Bells/Mini_RingModBells_E2.wav	439774	44100	24	1	3.293
Mini From Mars/WAV/Ring Mod Bells/Mini_RingModBells_E3.wav	442927	44100	24	1	3.317
Mini From Mars/WAV/Ring Mod Bells/Mini_RingModBells_E4.wav	439615	44100	24	1	3.292
Mini From Mars/WAV/Ring Mod Bells/Mini_RingModBells_E5.wav	437878	44100	24	1	3.279
Mini From Mars/WAV/Ring Mod Bells/Mini_RingModBells_E6.wav	440590	44100	24	1	3.299
Mini From Mars/WAV/Ring Mod Bells/Mini_RingModBells_F#0.wav	441286	44100	24	1	3.305
Mini From Mars/WAV/Ring Mod Bells/Mini_RingModBells_F#1.wav	442171	44100	24	1	3.311
Mini From Mars/WAV/Ring Mod Bells/Mini_RingModBells_F#2.wav	438307	44100	24	1	3.282
Mini From Mars/WAV/Ring Mod Bells/Mini_RingModBells_F#3.wav	438994	44100	24	1	3.287
Mini From Mars/WAV/Ring Mod Bells/Mini_RingModBells_F#4.wav	439720	44100	24	1	3.293
Mini From Mars/WAV/Ring Mod Bells/Mini_RingModBells_F#5.wav	439357	44100	24	1	3.29
Mini From Mars/WAV/Ring Mod Bells/Mini_RingModBells_F#6.wav	442555	44100	24	1	3.314
Mini From Mars/WAV/Ring Mod Bells/Mini_RingModBells_F0.wav	443503	44100	24	1	3.321
Mini From Mars/WAV/Ring Mod Bells/Mini_RingModBells_F1.wav	444667	44100	24	1	3.33
Mini From Mars/WAV/Ring Mod Bells/Mini_RingModBells_F2.wav	441151	44100	24	1	3.304
Mini From Mars/WAV/Ring Mod Bells/Mini_RingModBells_F3.wav	440434	44100	24	1	3.298
Mini From Mars/WAV/Ring Mod Bells/Mini_RingModBells_F4.wav	442399	44100	24	1	3.313
Mini From Mars/WAV/Ring Mod Bells/Mini_RingModBells_F5.wav	442252	44100	24	1	3.312
Mini From Mars/WAV/Ring Mod Bells/Mini_RingModBells_F6.wav	442255	44100	24	1	3.312
Mini From Mars/WAV/Ring Mod Bells/Mini_RingModBells_G#0.wav	442378	44100	24	1	3.313
Mini From Mars/WAV/Ring Mod Bells/Mini_RingModBells_G#1.wav	442222	44100	24	1	3.312
Mini From Mars/WAV/Ring Mod Bells/Mini_RingModBells_G#2.wav	439150	44100	24	1	3.288
Mini From Mars/WAV/Ring Mod Bells/Mini_RingModBells_G#3.wav	438115	44100	24	1	3.281
Mini From Mars/WAV/Ring Mod Bells/Mini_RingModBells_G#4.wav	442330	44100	24	1	3.312
Mini From Mars/WAV/Ring Mod Bells/Mini_RingModBells_G#5.wav	440473	44100	24	1	3.298
Mini From Mars/WAV/Ring Mod Bells/Mini_RingModBells_G#6.wav	439144	44100	24	1	3.288
Mini From Mars/WAV/Ring Mod Bells/Mini_RingModBells_G0.wav	442387	44100	24	1	3.313
Mini From Mars/WAV/Ring Mod Bells/Mini_RingModBells_G1.wav	442846	44100	24	1	3.316
Mini From Mars/WAV/Ring Mod Bells/Mini_RingModBells_G2.wav	440290	44100	24	1	3.297
Mini From Mars/WAV/Ring Mod Bells/Mini_RingModBells_G3.wav	444961	44100	24	1	3.332
Mini From Mars/WAV/Ring Mod Bells/Mini_RingModBells_G4.wav	442735	44100	24	1	3.315
Mini From Mars/WAV/Ring Mod Bells/Mini_RingModBells_G5.wav	443197	44100	24	1	3.319
Mini From Mars/WAV/Ring Mod Bells/Mini_RingModBells_G6.wav	440878	44100	24	1	3.301
Mini From Mars/WAV/Saw It Down Bass/Mini_VibeyLead_A#0.wav	554674	44100	24	1	4.162
Mini From Mars/WAV/Saw It Down Bass/Mini_VibeyLead_A#1.wav	551254	44100	24	1	4.136
Mini From Mars/WAV/Saw It Down Bass/Mini_VibeyLead_A#2.wav	549691	44100	24	1	4.124
Mini From Mars/WAV/Saw It Down Bass/Mini_VibeyLead_A#3.wav	547888	44100	24	1	4.11
Mini From Mars/WAV/Saw It Down Bass/Mini_VibeyLead_A#4.wav	547600	44100	24	1	4.108
Mini From Mars/WAV/Saw It Down Bass/Mini_VibeyLead_A#5.wav	549001	44100	24	1	4.119
Mini From Mars/WAV/Saw It Down Bass/Mini_VibeyLead_A#6.wav	547342	44100	24	1	4.106
Mini From Mars/WAV/Saw It Down Bass/Mini_VibeyLead_A#7.wav	547717	44100	24	1	4.109
Mini From Mars/WAV/Saw It Down Bass/Mini_VibeyLead_A0.wav	555217	44100	24	1	4.166
Mini From Mars/WAV/Saw It Down Bass/Mini_VibeyLead_A1.wav	555595	44100	24	1	4.169
Mini From Mars/WAV/Saw It Down Bass/Mini_VibeyLead_A2.wav	547594	44100	24	1	4.108
Mini From Mars/WAV/Saw It Down Bass/Mini_VibeyLead_A3.wav	552403	44100	24	1	4.144
Mini From Mars/WAV/Saw It Down Bass/Mini_VibeyLead_A4.wav	548122	44100	24	1	4.112
Mini From Mars/WAV/Saw It Down Bass/Mini_VibeyLead_A5.wav	547855	44100	24	1	4.11
Mini From Mars/WAV/Saw It Down Bass/Mini_VibeyLead_A6.wav	547654	44100	24	1	4.109
Mini From Mars/WAV/Saw It Down Bass/Mini_VibeyLead_A7.wav	547996	44100	24	1	4.111
Mini From Mars/WAV/Saw It Down Bass/Mini_VibeyLead_B0.wav	554710	44100	24	1	4.162
Mini From Mars/WAV/Saw It Down Bass/Mini_VibeyLead_B1.wav	555037	44100	24	1	4.164
Mini From Mars/WAV/Saw It Down Bass/Mini_VibeyLead_B2.wav	548779	44100	24	1	4.117
Mini From Mars/WAV/Saw It Down Bass/Mini_VibeyLead_B3.wav	547570	44100	24	1	4.108
Mini From Mars/WAV/Saw It Down Bass/Mini_VibeyLead_B4.wav	547618	44100	24	1	4.108
Mini From Mars/WAV/Saw It Down Bass/Mini_VibeyLead_B5.wav	546817	44100	24	1	4.102
Mini From Mars/WAV/Saw It Down Bass/Mini_VibeyLead_B6.wav	547057	44100	24	1	4.104
Mini From Mars/WAV/Saw It Down Bass/Mini_VibeyLead_B7.wav	547150	44100	24	1	4.105
Mini From Mars/WAV/Saw It Down Bass/Mini_VibeyLead_C#0.wav	560530	44100	24	1	4.206
Mini From Mars/WAV/Saw It Down Bass/Mini_VibeyLead_C#1.wav	558082	44100	24	1	4.187
Mini From Mars/WAV/Saw It Down Bass/Mini_VibeyLead_C#2.wav	553573	44100	24	1	4.153
Mini From Mars/WAV/Saw It Down Bass/Mini_VibeyLead_C#3.wav	555757	44100	24	1	4.17
Mini From Mars/WAV/Saw It Down Bass/Mini_VibeyLead_C#4.wav	547228	44100	24	1	4.105
Mini From Mars/WAV/Saw It Down Bass/Mini_VibeyLead_C#5.wav	547333	44100	24	1	4.106
Mini From Mars/WAV/Saw It Down Bass/Mini_VibeyLead_C#6.wav	546925	44100	24	1	4.103
Mini From Mars/WAV/Saw It Down Bass/Mini_VibeyLead_C#7.wav	549454	44100	24	1	4.122
Mini From Mars/WAV/Saw It Down Bass/Mini_VibeyLead_C0.wav	555991	44100	24	1	4.172
Mini From Mars/WAV/Saw It Down Bass/Mini_VibeyLead_C1.wav	555826	44100	24	1	4.17
Mini From Mars/WAV/Saw It Down Bass/Mini_VibeyLead_C2.wav	549433	44100	24	1	4.122
Mini From Mars/WAV/Saw It Down Bass/Mini_VibeyLead_C3.wav	549556	44100	24	1	4.123
Mini From Mars/WAV/Saw It Down Bass/Mini_VibeyLead_C4.wav	547810	44100	24	1	4.11
Mini From Mars/WAV/Saw It Down Bass/Mini_VibeyLead_C5.wav	547264	44100	24	1	4.106
Mini From Mars/WAV/Saw It Down Bass/Mini_VibeyLead_C6.wav	547069	44100	24	1	4.104
Mini From Mars/WAV/Saw It Down Bass/Mini_VibeyLead_C7.wav	546298	44100	24	1	4.098
Mini From Mars/WAV/Saw It Down Bass/Mini_VibeyLead_C8.wav	546307	44100	24	1	4.098
Mini From Mars/WAV/Saw It Down Bass/Mini_VibeyLead_D#0.wav	557536	44100	24	1	4.183
Mini From Mars/WAV/Saw It Down Bass/Mini_VibeyLead_D#1.wav	553417	44100	24	1	4.152
Mini From Mars/WAV/Saw It Down Bass/Mini_VibeyLead_D#2.wav	552901	44100	24	1	4.148
Mini From Mars/WAV/Saw It Down Bass/Mini_VibeyLead_D#3.wav	549934	44100	24	1	4.126
Mini From Mars/WAV/Saw It Down Bass/Mini_VibeyLead_D#4.wav	545197	44100	24	1	4.09
Mini From Mars/WAV/Saw It Down Bass/Mini_VibeyLead_D#5.wav	546901	44100	24	1	4.103
Mini From Mars/WAV/Saw It Down Bass/Mini_VibeyLead_D#6.wav	547909	44100	24	1	4.11
Mini From Mars/WAV/Saw It Down Bass/Mini_VibeyLead_D#7.wav	547156	44100	24	1	4.105
Mini From Mars/WAV/Saw It Down Bass/Mini_VibeyLead_D0.wav	558019	44100	24	1	4.187
Mini From Mars/WAV/Saw It Down Bass/Mini_VibeyLead_D1.wav	552658	44100	24	1	4.146
Mini From Mars/WAV/Saw It Down Bass/Mini_VibeyLead_D2.wav	551284	44100	24	1	4.136
Mini From Mars/WAV/Saw It Down Bass/Mini_VibeyLead_D3.wav	548830	44100	24	1	4.117
Mini From Mars/WAV/Saw It Down Bass/Mini_VibeyLead_D4.wav	550855	44100	24	1	4.133
Mini From Mars/WAV/Saw It Down Bass/Mini_VibeyLead_D5.wav	547630	44100	24	1	4.108
Mini From Mars/WAV/Saw It Down Bass/Mini_VibeyLead_D6.wav	547669	44100	24	1	4.109
Mini From Mars/WAV/Saw It Down Bass/Mini_VibeyLead_D7.wav	547900	44100	24	1	4.11
Mini From Mars/WAV/Saw It Down Bass/Mini_VibeyLead_E0.wav	559030	44100	24	1	4.195
Mini From Mars/WAV/Saw It Down Bass/Mini_VibeyLead_E1.wav	555031	44100	24	1	4.164
Mini From Mars/WAV/Saw It Down Bass/Mini_VibeyLead_E2.wav	551365	44100	24	1	4.137
Mini From Mars/WAV/Saw It Down Bass/Mini_VibeyLead_E3.wav	548392	44100	24	1	4.114
Mini From Mars/WAV/Saw It Down Bass/Mini_VibeyLead_E4.wav	546613	44100	24	1	4.101
Mini From Mars/WAV/Saw It Down Bass/Mini_VibeyLead_E5.wav	546148	44100	24	1	4.097
Mini From Mars/WAV/Saw It Down Bass/Mini_VibeyLead_E6.wav	546616	44100	24	1	4.101
Mini From Mars/WAV/Saw It Down Bass/Mini_VibeyLead_E7.wav	546691	44100	24	1	4.101
Mini From Mars/WAV/Saw It Down Bass/Mini_VibeyLead_F#0.wav	557119	44100	24	1	4.18
Mini From Mars/WAV/Saw It Down Bass/Mini_VibeyLead_F#1.wav	554422	44100	24	1	4.16
Mini From Mars/WAV/Saw It Down Bass/Mini_VibeyLead_F#2.wav	548428	44100	24	1	4.114
Mini From Mars/WAV/Saw It Down Bass/Mini_VibeyLead_F#3.wav	551224	44100	24	1	4.136
Mini From Mars/WAV/Saw It Down Bass/Mini_VibeyLead_F#4.wav	547243	44100	24	1	4.105
Mini From Mars/WAV/Saw It Down Bass/Mini_VibeyLead_F#5.wav	547768	44100	24	1	4.109
Mini From Mars/WAV/Saw It Down Bass/Mini_VibeyLead_F#6.wav	547861	44100	24	1	4.11
Mini From Mars/WAV/Saw It Down Bass/Mini_VibeyLead_F#7.wav	546316	44100	24	1	4.098
Mini From Mars/WAV/Saw It Down Bass/Mini_VibeyLead_F0.wav	556789	44100	24	1	4.178
Mini From Mars/WAV/Saw It Down Bass/Mini_VibeyLead_F1.wav	553594	44100	24	1	4.153
Mini From Mars/WAV/Saw It Down Bass/Mini_VibeyLead_F2.wav	552034	44100	24	1	4.142
Mini From Mars/WAV/Saw It Down Bass/Mini_VibeyLead_F3.wav	548242	44100	24	1	4.113
Mini From Mars/WAV/Saw It Down Bass/Mini_VibeyLead_F4.wav	548788	44100	24	1	4.117
Mini From Mars/WAV/Saw It Down Bass/Mini_VibeyLead_F5.wav	546763	44100	24	1	4.102
Mini From Mars/WAV/Saw It Down Bass/Mini_VibeyLead_F6.wav	547558	44100	24	1	4.108
Mini From Mars/WAV/Saw It Down Bass/Mini_VibeyLead_F7.wav	546751	44100	24	1	4.102
Mini From Mars/WAV/Saw It Down Bass/Mini_VibeyLead_G#0.wav	554689	44100	24	1	4.162
Mini From Mars/WAV/Saw It Down Bass/Mini_VibeyLead_G#1.wav	550363	44100	24	1	4.129
Mini From Mars/WAV/Saw It Down Bass/Mini_VibeyLead_G#2.wav	547801	44100	24	1	4.11
Mini From Mars/WAV/Saw It Down Bass/Mini_VibeyLead_G#3.wav	549457	44100	24	1	4.122
Mini From Mars/WAV/Saw It Down Bass/Mini_VibeyLead_G#4.wav	547792	44100	24	1	4.11
Mini From Mars/WAV/Saw It Down Bass/Mini_VibeyLead_G#5.wav	549934	44100	24	1	4.126
Mini From Mars/WAV/Saw It Down Bass/Mini_VibeyLead_G#6.wav	548896	44100	24	1	4.118
Mini From Mars/WAV/Saw It Down Bass/Mini_VibeyLead_G#7.wav	546475	44100	24	1	4.1
Mini From Mars/WAV/Saw It Down Bass/Mini_VibeyLead_G0.wav	552025	44100	24	1	4.142
Mini From Mars/WAV/Saw It Down Bass/Mini_VibeyLead_G1.wav	552499	44100	24	1	4.145
Mini From Mars/WAV/Saw It Down Bass/Mini_VibeyLead_G2.wav	547357	44100	24	1	4.106
Mini From Mars/WAV/Saw It Down Bass/Mini_VibeyLead_G3.wav	548779	44100	24	1	4.117
Mini From Mars/WAV/Saw It Down Bass/Mini_VibeyLead_G4.wav	548749	44100	24	1	4.117
Mini From Mars/WAV/Saw It Down Bass/Mini_VibeyLead_G5.wav	548896	44100	24	1	4.118
Mini From Mars/WAV/Saw It Down Bass/Mini_VibeyLead_G6.wav	548035	44100	24	1	4.111
Mini From Mars/WAV/Saw It Down Bass/Mini_VibeyLead_G7.wav	550555	44100	24	1	4.13
Mini From Mars/WAV/Sea Sick/Mini_SeaSick_A#0.wav	1533736	44100	24	2	5.781
Mini From Mars/WAV/Sea Sick/Mini_SeaSick_A#1.wav	1601560	44100	24	2	6.037
Mini From Mars/WAV/Sea Sick/Mini_SeaSick_A#2.wav	1544962	44100	24	2	5.823
Mini From Mars/WAV/Sea Sick/Mini_SeaSick_A#3.wav	1620370	44100	24	2	6.108
Mini From Mars/WAV/Sea Sick/Mini_SeaSick_A#4.wav	1608466	44100	24	2	6.063
Mini From Mars/WAV/Sea Sick/Mini_SeaSick_A#5.wav	1532500	44100	24	2	5.776
Mini From Mars/WAV/Sea Sick/Mini_SeaSick_A#6.wav	1533094	44100	24	2	5.779
Mini From Mars/WAV/Sea Sick/Mini_SeaSick_A#7.wav	1510180	44100	24	2	5.692
Mini From Mars/WAV/Sea Sick/Mini_SeaSick_A0.wav	1531084	44100	24	2	5.771
Mini From Mars/WAV/Sea Sick/Mini_SeaSick_A1.wav	1532248	44100	24	2	5.775
Mini From Mars/WAV/Sea Sick/Mini_SeaSick_A2.wav	1534390	44100	24	2	5.783
Mini From Mars/WAV/Sea Sick/Mini_SeaSick_A3.wav	1583440	44100	24	2	5.969
Mini From Mars/WAV/Sea Sick/Mini_SeaSick_A4.wav	1597942	44100	24	2	6.024
Mini From Mars/WAV/Sea Sick/Mini_SeaSick_A5.wav	1580446	44100	24	2	5.957
Mini From Mars/WAV/Sea Sick/Mini_SeaSick_A6.wav	1537114	44100	24	2	5.794
Mini From Mars/WAV/Sea Sick/Mini_SeaSick_A7.wav	1513600	44100	24	2	5.705
Mini From Mars/WAV/Sea Sick/Mini_SeaSick_B0.wav	1626922	44100	24	2	6.133
Mini From Mars/WAV/Sea Sick/Mini_SeaSick_B1.wav	1534276	44100	24	2	5.783
Mini From Mars/WAV/Sea Sick/Mini_SeaSick_B2.wav	1545514	44100	24	2	5.825
Mini From Mars/WAV/Sea Sick/Mini_SeaSick_B3.wav	1538740	44100	24	2	5.8
Mini From Mars/WAV/Sea Sick/Mini_SeaSick_B4.wav	1590340	44100	24	2	5.995
Mini From Mars/WAV/Sea Sick/Mini_SeaSick_B5.wav	1523326	44100	24	2	5.742
Mini From Mars/WAV/Sea Sick/Mini_SeaSick_B6.wav	1534690	44100	24	2	5.785
Mini From Mars/WAV/Sea Sick/Mini_SeaSick_B7.wav	1574260	44100	24	2	5.934
Mini From Mars/WAV/Sea Sick/Mini_SeaSick_C#0.wav	1531504	44100	24	2	5.773
Mini From Mars/WAV/Sea Sick/Mini_SeaSick_C#1.wav	1527130	44100	24	2	5.756
Mini From Mars/WAV/Sea Sick/Mini_SeaSick_C#2.wav	1542022	44100	24	2	5.812
Mini From Mars/WAV/Sea Sick/Mini_SeaSick_C#3.wav	1553602	44100	24	2	5.856
Mini From Mars/WAV/Sea Sick/Mini_SeaSick_C#4.wav	1541824	44100	24	2	5.812
Mini From Mars/WAV/Sea Sick/Mini_SeaSick_C#5.wav	1586656	44100	24	2	5.981
Mini From Mars/WAV/Sea Sick/Mini_SeaSick_C#6.wav	1541908	44100	24	2	5.812
Mini From Mars/WAV/Sea Sick/Mini_SeaSick_C#7.wav	1519330	44100	24	2	5.727
Mini From Mars/WAV/Sea Sick/Mini_SeaSick_C0.wav	1543006	44100	24	2	5.816
Mini From Mars/WAV/Sea Sick/Mini_SeaSick_C1.wav	1539016	44100	24	2	5.801
Mini From Mars/WAV/Sea Sick/Mini_SeaSick_C2.wav	1604614	44100	24	2	6.049
Mini From Mars/WAV/Sea Sick/Mini_SeaSick_C3.wav	1546318	44100	24	2	5.829
Mini From Mars/WAV/Sea Sick/Mini_SeaSick_C4.wav	1541350	44100	24	2	5.81
Mini From Mars/WAV/Sea Sick/Mini_SeaSick_C5.wav	1592836	44100	24	2	6.004
Mini From Mars/WAV/Sea Sick/Mini_SeaSick_C6.wav	1583578	44100	24	2	5.969
Mini From Mars/WAV/Sea Sick/Mini_SeaSick_C7.wav	1524394	44100	24	2	5.746
Mini From Mars/WAV/Sea Sick/Mini_SeaSick_C8.wav	1520944	44100	24	2	5.733
Mini From Mars/WAV/Sea Sick/Mini_SeaSick_D#0.wav	1543618	44100	24	2	5.818
Mini From Mars/WAV/Sea Sick/Mini_SeaSick_D#1.wav	1547050	44100	24	2	5.831
Mini From Mars/WAV/Sea Sick/Mini_SeaSick_D#2.wav	1539436	44100	24	2	5.802
Mini From Mars/WAV/Sea Sick/Mini_SeaSick_D#3.wav	1542592	44100	24	2	5.814
Mini From Mars/WAV/Sea Sick/Mini_SeaSick_D#4.wav	1540912	44100	24	2	5.808
Mini From Mars/WAV/Sea Sick/Mini_SeaSick_D#5.wav	1538554	44100	24	2	5.799
Mini From Mars/WAV/Sea Sick/Mini_SeaSick_D#6.wav	1531288	44100	24	2	5.772
Mini From Mars/WAV/Sea Sick/Mini_SeaSick_D#7.wav	1579372	44100	24	2	5.953
Mini From Mars/WAV/Sea Sick/Mini_SeaSick_D0.wav	1544686	44100	24	2	5.822
Mini From Mars/WAV/Sea Sick/Mini_SeaSick_D1.wav	1528156	44100	24	2	5.76
Mini From Mars/WAV/Sea Sick/Mini_SeaSick_D2.wav	1553140	44100	24	2	5.854
Mini From Mars/WAV/Sea Sick/Mini_SeaSick_D3.wav	1594684	44100	24	2	6.011
Mini From Mars/WAV/Sea Sick/Mini_SeaSick_D4.wav	1544734	44100	24	2	5.823
Mini From Mars/WAV/Sea Sick/Mini_SeaSick_D5.wav	1537486	44100	24	2	5.795
Mini From Mars/WAV/Sea Sick/Mini_SeaSick_D6.wav	1600840	44100	24	2	6.035
Mini From Mars/WAV/Sea Sick/Mini_SeaSick_D7.wav	1589758	44100	24	2	5.993
Mini From Mars/WAV/Sea Sick/Mini_SeaSick_E0.wav	1527112	44100	24	2	5.756
Mini From Mars/WAV/Sea Sick/Mini_SeaSick_E1.wav	1553722	44100	24	2	5.856
Mini From Mars/WAV/Sea Sick/Mini_SeaSick_E2.wav	1531012	44100	24	2	5.771
Mini From Mars/WAV/Sea Sick/Mini_SeaSick_E3.wav	1538296	44100	24	2	5.798
Mini From Mars/WAV/Sea Sick/Mini_SeaSick_E4.wav	1593160	44100	24	2	6.006
Mini From Mars/WAV/Sea Sick/Mini_SeaSick_E5.wav	1536112	44100	24	2	5.79
Mini From Mars/WAV/Sea Sick/Mini_SeaSick_E6.wav	1602724	44100	24	2	6.042
Mini From Mars/WAV/Sea Sick/Mini_SeaSick_E7.wav	1537096	44100	24	2	5.794
Mini From Mars/WAV/Sea Sick/Mini_SeaSick_F#0.wav	1535008	44100	24	2	5.786
Mini From Mars/WAV/Sea Sick/Mini_SeaSick_F#1.wav	1547464	44100	24	2	5.833
Mini From Mars/WAV/Sea Sick/Mini_SeaSick_F#2.wav	1531336	44100	24	2	5.772
Mini From Mars/WAV/Sea Sick/Mini_SeaSick_F#3.wav	1546672	44100	24	2	5.83
Mini From Mars/WAV/Sea Sick/Mini_SeaSick_F#4.wav	1598140	44100	24	2	6.024
Mini From Mars/WAV/Sea Sick/Mini_SeaSick_F#5.wav	1547452	44100	24	2	5.833
Mini From Mars/WAV/Sea Sick/Mini_SeaSick_F#6.wav	1541662	44100	24	2	5.811
Mini From Mars/WAV/Sea Sick/Mini_SeaSick_F#7.wav	1573978	44100	24	2	5.933
Mini From Mars/WAV/Sea Sick/Mini_SeaSick_F0.wav	1569706	44100	24	2	5.917
Mini From Mars/WAV/Sea Sick/Mini_SeaSick_F1.wav	1543108	44100	24	2	5.816
Mini From Mars/WAV/Sea Sick/Mini_SeaSick_F2.wav	1541404	44100	24	2	5.81
Mini From Mars/WAV/Sea Sick/Mini_SeaSick_F3.wav	1537030	44100	24	2	5.793
Mini From Mars/WAV/Sea Sick/Mini_SeaSick_F4.wav	1587772	44100	24	2	5.985
Mini From Mars/WAV/Sea Sick/Mini_SeaSick_F5.wav	1601530	44100	24	2	6.037
Mini From Mars/WAV/Sea Sick/Mini_SeaSick_F6.wav	1543192	44100	24	2	5.817
Mini From Mars/WAV/Sea Sick/Mini_SeaSick_F7.wav	1535584	44100	24	2	5.788
Mini From Mars/WAV/Sea Sick/Mini_SeaSick_G#0.wav	1543414	44100	24	2	5.818
Mini From Mars/WAV/Sea Sick/Mini_SeaSick_G#1.wav	1594846	44100	24	2	6.012
Mini From Mars/WAV/Sea Sick/Mini_SeaSick_G#2.wav	1568224	44100	24	2	5.911
Mini From Mars/WAV/Sea Sick/Mini_SeaSick_G#3.wav	1540090	44100	24	2	5.805
Mini From Mars/WAV/Sea Sick/Mini_SeaSick_G#4.wav	1541692	44100	24	2	5.811
Mini From Mars/WAV/Sea Sick/Mini_SeaSick_G#5.wav	1545634	44100	24	2	5.826
Mini From Mars/WAV/Sea Sick/Mini_SeaSick_G#6.wav	1533082	44100	24	2	5.778
Mini From Mars/WAV/Sea Sick/Mini_SeaSick_G#7.wav	1513204	44100	24	2	5.703
Mini From Mars/WAV/Sea Sick/Mini_SeaSick_G0.wav	1544728	44100	24	2	5.822
Mini From Mars/WAV/Sea Sick/Mini_SeaSick_G1.wav	1565968	44100	24	2	5.903
Mini From Mars/WAV/Sea Sick/Mini_SeaSick_G2.wav	1540960	44100	24	2	5.808
Mini From Mars/WAV/Sea Sick/Mini_SeaSick_G3.wav	1591372	44100	24	2	5.999
Mini From Mars/WAV/Sea Sick/Mini_SeaSick_G4.wav	1599664	44100	24	2	6.03
Mini From Mars/WAV/Sea Sick/Mini_SeaSick_G5.wav	1598872	44100	24	2	6.027
Mini From Mars/WAV/Sea Sick/Mini_SeaSick_G6.wav	1537654	44100	24	2	5.796
Mini From Mars/WAV/Sea Sick/Mini_SeaSick_G7.wav	1532422	44100	24	2	5.776
Mini From Mars/WAV/Sharp Lead/Mini_Sharp Lead_A#0.wav	419308	44100	24	1	3.138
Mini From Mars/WAV/Sharp Lead/Mini_Sharp Lead_A#1.wav	419215	44100	24	1	3.138
Mini From Mars/WAV/Sharp Lead/Mini_Sharp Lead_A#2.wav	420043	44100	24	1	3.144
Mini From Mars/WAV/Sharp Lead/Mini_Sharp Lead_A#3.wav	421495	44100	24	1	3.155
Mini From Mars/WAV/Sharp Lead/Mini_Sharp Lead_A#4.wav	423505	44100	24	1	3.17
Mini From Mars/WAV/Sharp Lead/Mini_Sharp Lead_A#5.wav	425266	44100	24	1	3.183
Mini From Mars/WAV/Sharp Lead/Mini_Sharp Lead_A#6.wav	429724	44100	24	1	3.217
Mini From Mars/WAV/Sharp Lead/Mini_Sharp Lead_A#7.wav	426028	44100	24	1	3.189
Mini From Mars/WAV/Sharp Lead/Mini_Sharp Lead_A0.wav	418816	44100	24	1	3.135
Mini From Mars/WAV/Sharp Lead/Mini_Sharp Lead_A1.wav	420883	44100	24	1	3.15
Mini From Mars/WAV/Sharp Lead/Mini_Sharp Lead_A2.wav	419602	44100	24	1	3.141
Mini From Mars/WAV/Sharp Lead/Mini_Sharp Lead_A3.wav	421174	44100	24	1	3.153
Mini From Mars/WAV/Sharp Lead/Mini_Sharp Lead_A4.wav	427873	44100	24	1	3.203
Mini From Mars/WAV/Sharp Lead/Mini_Sharp Lead_A5.wav	426400	44100	24	1	3.192
Mini From Mars/WAV/Sharp Lead/Mini_Sharp Lead_A6.wav	428842	44100	24	1	3.21
Mini From Mars/WAV/Sharp Lead/Mini_Sharp Lead_A7.wav	427309	44100	24	1	3.199
Mini From Mars/WAV/Sharp Lead/Mini_Sharp Lead_B0.wav	420040	44100	24	1	3.144
Mini From Mars/WAV/Sharp Lead/Mini_Sharp Lead_B1.wav	418864	44100	24	1	3.135
Mini From Mars/WAV/Sharp Lead/Mini_Sharp Lead_B2.wav	428509	44100	24	1	3.208
Mini From Mars/WAV/Sharp Lead/Mini_Sharp Lead_B3.wav	421063	44100	24	1	3.152
Mini From Mars/WAV/Sharp Lead/Mini_Sharp Lead_B4.wav	423706	44100	24	1	3.172
Mini From Mars/WAV/Sharp Lead/Mini_Sharp Lead_B5.wav	429037	44100	24	1	3.212
Mini From Mars/WAV/Sharp Lead/Mini_Sharp Lead_B6.wav	426238	44100	24	1	3.191
Mini From Mars/WAV/Sharp Lead/Mini_Sharp Lead_B7.wav	424726	44100	24	1	3.179
Mini From Mars/WAV/Sharp Lead/Mini_Sharp Lead_C#0.wav	414706	44100	24	1	3.104
Mini From Mars/WAV/Sharp Lead/Mini_Sharp Lead_C#1.wav	419980	44100	24	1	3.143
Mini From Mars/WAV/Sharp Lead/Mini_Sharp Lead_C#2.wav	422308	44100	24	1	3.161
Mini From Mars/WAV/Sharp Lead/Mini_Sharp Lead_C#3.wav	420376	44100	24	1	3.146
Mini From Mars/WAV/Sharp Lead/Mini_Sharp Lead_C#4.wav	421234	44100	24	1	3.153
Mini From Mars/WAV/Sharp Lead/Mini_Sharp Lead_C#5.wav	425812	44100	24	1	3.188
Mini From Mars/WAV/Sharp Lead/Mini_Sharp Lead_C#6.wav	424648	44100	24	1	3.179
Mini From Mars/WAV/Sharp Lead/Mini_Sharp Lead_C#7.wav	427336	44100	24	1	3.199
Mini From Mars/WAV/Sharp Lead/Mini_Sharp Lead_C0.wav	414679	44100	24	1	3.103
Mini From Mars/WAV/Sharp Lead/Mini_Sharp Lead_C1.wav	418843	44100	24	1	3.135
Mini From Mars/WAV/Sharp Lead/Mini_Sharp Lead_C2.wav	415207	44100	24	1	3.107
Mini From Mars/WAV/Sharp Lead/Mini_Sharp Lead_C3.wav	419407	44100	24	1	3.139
Mini From Mars/WAV/Sharp Lead/Mini_Sharp Lead_C4.wav	422944	44100	24	1	3.166
Mini From Mars/WAV/Sharp Lead/Mini_Sharp Lead_C5.wav	424462	44100	24	1	3.177
Mini From Mars/WAV/Sharp Lead/Mini_Sharp Lead_C6.wav	423862	44100	24	1	3.173
Mini From Mars/WAV/Sharp Lead/Mini_Sharp Lead_C7.wav	427891	44100	24	1	3.203
Mini From Mars/WAV/Sharp Lead/Mini_Sharp Lead_C8.wav	421858	44100	24	1	3.158
Mini From Mars/WAV/Sharp Lead/Mini_Sharp Lead_D#0.wav	413209	44100	24	1	3.092
Mini From Mars/WAV/Sharp Lead/Mini_Sharp Lead_D#1.wav	416740	44100	24	1	3.119
Mini From Mars/WAV/Sharp Lead/Mini_Sharp Lead_D#2.wav	426166	44100	24	1	3.19
Mini From Mars/WAV/Sharp Lead/Mini_Sharp Lead_D#3.wav	420544	44100	24	1	3.148
Mini From Mars/WAV/Sharp Lead/Mini_Sharp Lead_D#4.wav	420010	44100	24	1	3.144
Mini From Mars/WAV/Sharp Lead/Mini_Sharp Lead_D#5.wav	423208	44100	24	1	3.168
Mini From Mars/WAV/Sharp Lead/Mini_Sharp Lead_D#6.wav	428803	44100	24	1	3.21
Mini From Mars/WAV/Sharp Lead/Mini_Sharp Lead_D#7.wav	430159	44100	24	1	3.22
Mini From Mars/WAV/Sharp Lead/Mini_Sharp Lead_D0.wav	415369	44100	24	1	3.109
Mini From Mars/WAV/Sharp Lead/Mini_Sharp Lead_D1.wav	421582	44100	24	1	3.156
Mini From Mars/WAV/Sharp Lead/Mini_Sharp Lead_D2.wav	423484	44100	24	1	3.17
Mini From Mars/WAV/Sharp Lead/Mini_Sharp Lead_D3.wav	421579	44100	24	1	3.156
Mini From Mars/WAV/Sharp Lead/Mini_Sharp Lead_D4.wav	420229	44100	24	1	3.145
Mini From Mars/WAV/Sharp Lead/Mini_Sharp Lead_D5.wav	423694	44100	24	1	3.172
Mini From Mars/WAV/Sharp Lead/Mini_Sharp Lead_D6.wav	428044	44100	24	1	3.204
Mini From Mars/WAV/Sharp Lead/Mini_Sharp Lead_D7.wav	430138	44100	24	1	3.22
Mini From Mars/WAV/Sharp Lead/Mini_Sharp Lead_E0.wav	416908	44100	24	1	3.12
Mini From Mars/WAV/Sharp Lead/Mini_Sharp Lead_E1.wav	410869	44100	24	1	3.075
Mini From Mars/WAV/Sharp Lead/Mini_Sharp Lead_E2.wav	423973	44100	24	1	3.174
Mini From Mars/WAV/Sharp Lead/Mini_Sharp Lead_E3.wav	421372	44100	24	1	3.154
Mini From Mars/WAV/Sharp Lead/Mini_Sharp Lead_E4.wav	421642	44100	24	1	3.156
Mini From Mars/WAV/Sharp Lead/Mini_Sharp Lead_E5.wav	424384	44100	24	1	3.177
Mini From Mars/WAV/Sharp Lead/Mini_Sharp Lead_E6.wav	424546	44100	24	1	3.178
Mini From Mars/WAV/Sharp Lead/Mini_Sharp Lead_E7.wav	434002	44100	24	1	3.249
Mini From Mars/WAV/Sharp Lead/Mini_Sharp Lead_F#0.wav	417721	44100	24	1	3.126
Mini From Mars/WAV/Sharp Lead/Mini_Sharp Lead_F#1.wav	427396	44100	24	1	3.2
Mini From Mars/WAV/Sharp Lead/Mini_Sharp Lead_F#2.wav	422167	44100	24	1	3.16
Mini From Mars/WAV/Sharp Lead/Mini_Sharp Lead_F#3.wav	419734	44100	24	1	3.142
Mini From Mars/WAV/Sharp Lead/Mini_Sharp Lead_F#4.wav	425491	44100	24	1	3.185
Mini From Mars/WAV/Sharp Lead/Mini_Sharp Lead_F#5.wav	424612	44100	24	1	3.179
Mini From Mars/WAV/Sharp Lead/Mini_Sharp Lead_F#6.wav	425521	44100	24	1	3.185
Mini From Mars/WAV/Sharp Lead/Mini_Sharp Lead_F#7.wav	434593	44100	24	1	3.254
Mini From Mars/WAV/Sharp Lead/Mini_Sharp Lead_F0.wav	413605	44100	24	1	3.095
Mini From Mars/WAV/Sharp Lead/Mini_Sharp Lead_F1.wav	420040	44100	24	1	3.144
Mini From Mars/WAV/Sharp Lead/Mini_Sharp Lead_F2.wav	423517	44100	24	1	3.17
Mini From Mars/WAV/Sharp Lead/Mini_Sharp Lead_F3.wav	420331	44100	24	1	3.146
Mini From Mars/WAV/Sharp Lead/Mini_Sharp Lead_F4.wav	420775	44100	24	1	3.15
Mini From Mars/WAV/Sharp Lead/Mini_Sharp Lead_F5.wav	423445	44100	24	1	3.17
Mini From Mars/WAV/Sharp Lead/Mini_Sharp Lead_F6.wav	429040	44100	24	1	3.212
Mini From Mars/WAV/Sharp Lead/Mini_Sharp Lead_F7.wav	431455	44100	24	1	3.23
Mini From Mars/WAV/Sharp Lead/Mini_Sharp Lead_G#0.wav	415999	44100	24	1	3.113
Mini From Mars/WAV/Sharp Lead/Mini_Sharp Lead_G#1.wav	420742	44100	24	1	3.149
Mini From Mars/WAV/Sharp Lead/Mini_Sharp Lead_G#2.wav	419791	44100	24	1	3.142
Mini From Mars/WAV/Sharp Lead/Mini_Sharp Lead_G#3.wav	423403	44100	24	1	3.169
Mini From Mars/WAV/Sharp Lead/Mini_Sharp Lead_G#4.wav	422857	44100	24	1	3.165
Mini From Mars/WAV/Sharp Lead/Mini_Sharp Lead_G#5.wav	424138	44100	24	1	3.175
Mini From Mars/WAV/Sharp Lead/Mini_Sharp Lead_G#6.wav	428008	44100	24	1	3.204
Mini From Mars/WAV/Sharp Lead/Mini_Sharp Lead_G#7.wav	431917	44100	24	1	3.234
Mini From Mars/WAV/Sharp Lead/Mini_Sharp Lead_G0.wav	414730	44100	24	1	3.104
Mini From Mars/WAV/Sharp Lead/Mini_Sharp Lead_G1.wav	420763	44100	24	1	3.149
Mini From Mars/WAV/Sharp Lead/Mini_Sharp Lead_G2.wav	419599	44100	24	1	3.141
Mini From Mars/WAV/Sharp Lead/Mini_Sharp Lead_G3.wav	421099	44100	24	1	3.152
Mini From Mars/WAV/Sharp Lead/Mini_Sharp Lead_G4.wav	422950	44100	24	1	3.166
Mini From Mars/WAV/Sharp Lead/Mini_Sharp Lead_G5.wav	427786	44100	24	1	3.202
Mini From Mars/WAV/Sharp Lead/Mini_Sharp Lead_G6.wav	428272	44100	24	1	3.206
Mini From Mars/WAV/Sharp Lead/Mini_Sharp Lead_G7.wav	429601	44100	24	1	3.216
Mini From Mars/WAV/Some Bass, B/Mini_MadBass_A#0.wav	694033	44100	24	1	5.215
Mini From Mars/WAV/Some Bass, B/Mini_MadBass_A#1.wav	694381	44100	24	1	5.218
Mini From Mars/WAV/Some Bass, B/Mini_MadBass_A#2.wav	692467	44100	24	1	5.203
Mini From Mars/WAV/Some Bass, B/Mini_MadBass_A#3.wav	692689	44100	24	1	5.205
Mini From Mars/WAV/Some Bass, B/Mini_MadBass_A#4.wav	724351	44100	24	1	5.444
Mini From Mars/WAV/Some Bass, B/Mini_MadBass_A#5.wav	693283	44100	24	1	5.209
Mini From Mars/WAV/Some Bass, B/Mini_MadBass_A#6.wav	692572	44100	24	1	5.204
Mini From Mars/WAV/Some Bass, B/Mini_MadBass_A#7.wav	693853	44100	24	1	5.214
Mini From Mars/WAV/Some Bass, B/Mini_MadBass_A0.wav	694237	44100	24	1	5.216
Mini From Mars/WAV/Some Bass, B/Mini_MadBass_A1.wav	693574	44100	24	1	5.211
Mini From Mars/WAV/Some Bass, B/Mini_MadBass_A2.wav	696358	44100	24	1	5.233
Mini From Mars/WAV/Some Bass, B/Mini_MadBass_A3.wav	694000	44100	24	1	5.215
Mini From Mars/WAV/Some Bass, B/Mini_MadBass_A4.wav	720850	44100	24	1	5.418
Mini From Mars/WAV/Some Bass, B/Mini_MadBass_A5.wav	697630	44100	24	1	5.242
Mini From Mars/WAV/Some Bass, B/Mini_MadBass_A6.wav	691816	44100	24	1	5.198
Mini From Mars/WAV/Some Bass, B/Mini_MadBass_A7.wav	693595	44100	24	1	5.212
Mini From Mars/WAV/Some Bass, B/Mini_MadBass_B0.wav	693571	44100	24	1	5.211
Mini From Mars/WAV/Some Bass, B/Mini_MadBass_B1.wav	724882	44100	24	1	5.448
Mini From Mars/WAV/Some Bass, B/Mini_MadBass_B2.wav	693973	44100	24	1	5.214
Mini From Mars/WAV/Some Bass, B/Mini_MadBass_B3.wav	691774	44100	24	1	5.198
Mini From Mars/WAV/Some Bass, B/Mini_MadBass_B4.wav	722044	44100	24	1	5.427
Mini From Mars/WAV/Some Bass, B/Mini_MadBass_B5.wav	693043	44100	24	1	5.207
Mini From Mars/WAV/Some Bass, B/Mini_MadBass_B6.wav	694009	44100	24	1	5.215
Mini From Mars/WAV/Some Bass, B/Mini_MadBass_B7.wav	719698	44100	24	1	5.409
Mini From Mars/WAV/Some Bass, B/Mini_MadBass_C#0.wav	700000	44100	24	1	5.26
Mini From Mars/WAV/Some Bass, B/Mini_MadBass_C#1.wav	695962	44100	24	1	5.23
Mini From Mars/WAV/Some Bass, B/Mini_MadBass_C#2.wav	693988	44100	24	1	5.215
Mini From Mars/WAV/Some Bass, B/Mini_MadBass_C#3.wav	695710	44100	24	1	5.228
Mini From Mars/WAV/Some Bass, B/Mini_MadBass_C#4.wav	693733	44100	24	1	5.213
Mini From Mars/WAV/Some Bass, B/Mini_MadBass_C#5.wav	693070	44100	24	1	5.208
Mini From Mars/WAV/Some Bass, B/Mini_MadBass_C#6.wav	693853	44100	24	1	5.214
Mini From Mars/WAV/Some Bass, B/Mini_MadBass_C#7.wav	693466	44100	24	1	5.211
Mini From Mars/WAV/Some Bass, B/Mini_MadBass_C0.wav	700414	44100	24	1	5.263
Mini From Mars/WAV/Some Bass, B/Mini_MadBass_C1.wav	696010	44100	24	1	5.23
Mini From Mars/WAV/Some Bass, B/Mini_MadBass_C2.wav	734545	44100	24	1	5.521
Mini From Mars/WAV/Some Bass, B/Mini_MadBass_C3.wav	695323	44100	24	1	5.225
Mini From Mars/WAV/Some Bass, B/Mini_MadBass_C4.wav	694537	44100	24	1	5.219
Mini From Mars/WAV/Some Bass, B/Mini_MadBass_C5.wav	693535	44100	24	1	5.211
Mini From Mars/WAV/Some Bass, B/Mini_MadBass_C6.wav	693070	44100	24	1	5.208
Mini From Mars/WAV/Some Bass, B/Mini_MadBass_C7.wav	719899	44100	24	1	5.41
Mini From Mars/WAV/Some Bass, B/Mini_MadBass_C8.wav	694915	44100	24	1	5.222
Mini From Mars/WAV/Some Bass, B/Mini_MadBass_D#0.wav	697849	44100	24	1	5.244
Mini From Mars/WAV/Some Bass, B/Mini_MadBass_D#1.wav	693043	44100	24	1	5.207
Mini From Mars/WAV/Some Bass, B/Mini_MadBass_D#2.wav	693799	44100	24	1	5.213
Mini From Mars/WAV/Some Bass, B/Mini_MadBass_D#3.wav	724342	44100	24	1	5.444
Mini From Mars/WAV/Some Bass, B/Mini_MadBass_D#4.wav	691942	44100	24	1	5.199
Mini From Mars/WAV/Some Bass, B/Mini_MadBass_D#5.wav	692701	44100	24	1	5.205
Mini From Mars/WAV/Some Bass, B/Mini_MadBass_D#6.wav	691789	44100	24	1	5.198
Mini From Mars/WAV/Some Bass, B/Mini_MadBass_D#7.wav	694024	44100	24	1	5.215
Mini From Mars/WAV/Some Bass, B/Mini_MadBass_D0.wav	700585	44100	24	1	5.264
Mini From Mars/WAV/Some Bass, B/Mini_MadBass_D1.wav	692182	44100	24	1	5.201
Mini From Mars/WAV/Some Bass, B/Mini_MadBass_D2.wav	692800	44100	24	1	5.206
Mini From Mars/WAV/Some Bass, B/Mini_MadBass_D3.wav	692746	44100	24	1	5.205
Mini From Mars/WAV/Some Bass, B/Mini_MadBass_D4.wav	693802	44100	24	1	5.213
Mini From Mars/WAV/Some Bass, B/Mini_MadBass_D5.wav	691915	44100	24	1	5.199
Mini From Mars/WAV/Some Bass, B/Mini_MadBass_D6.wav	694417	44100	24	1	5.218
Mini From Mars/WAV/Some Bass, B/Mini_MadBass_D7.wav	721468	44100	24	1	5.422
Mini From Mars/WAV/Some Bass, B/Mini_MadBass_E0.wav	697288	44100	24	1	5.24
Mini From Mars/WAV/Some Bass, B/Mini_MadBass_E1.wav	692878	44100	24	1	5.206
Mini From Mars/WAV/Some Bass, B/Mini_MadBass_E2.wav	690943	44100	24	1	5.192
Mini From Mars/WAV/Some Bass, B/Mini_MadBass_E3.wav	693253	44100	24	1	5.209
Mini From Mars/WAV/Some Bass, B/Mini_MadBass_E4.wav	691969	44100	24	1	5.199
Mini From Mars/WAV/Some Bass, B/Mini_MadBass_E5.wav	694420	44100	24	1	5.218
Mini From Mars/WAV/Some Bass, B/Mini_MadBass_E6.wav	723388	44100	24	1	5.437
Mini From Mars/WAV/Some Bass, B/Mini_MadBass_E7.wav	693628	44100	24	1	5.212
Mini From Mars/WAV/Some Bass, B/Mini_MadBass_F#0.wav	695263	44100	24	1	5.224
Mini From Mars/WAV/Some Bass, B/Mini_MadBass_F#1.wav	694138	44100	24	1	5.216
Mini From Mars/WAV/Some Bass, B/Mini_MadBass_F#2.wav	693826	44100	24	1	5.213
Mini From Mars/WAV/Some Bass, B/Mini_MadBass_F#3.wav	694366	44100	24	1	5.217
Mini From Mars/WAV/Some Bass, B/Mini_MadBass_F#4.wav	723160	44100	24	1	5.435
Mini From Mars/WAV/Some Bass, B/Mini_MadBass_F#5.wav	692947	44100	24	1	5.207
Mini From Mars/WAV/Some Bass, B/Mini_MadBass_F#6.wav	694210	44100	24	1	5.216
Mini From Mars/WAV/Some Bass, B/Mini_MadBass_F#7.wav	693844	44100	24	1	5.214
Mini From Mars/WAV/Some Bass, B/Mini_MadBass_F0.wav	695089	44100	24	1	5.223
Mini From Mars/WAV/Some Bass, B/Mini_MadBass_F1.wav	721432	44100	24	1	5.422
Mini From Mars/WAV/Some Bass, B/Mini_MadBass_F2.wav	694036	44100	24	1	5.215
Mini From Mars/WAV/Some Bass, B/Mini_MadBass_F3.wav	691333	44100	24	1	5.195
Mini From Mars/WAV/Some Bass, B/Mini_MadBass_F4.wav	692656	44100	24	1	5.205
Mini From Mars/WAV/Some Bass, B/Mini_MadBass_F5.wav	693994	44100	24	1	5.215
Mini From Mars/WAV/Some Bass, B/Mini_MadBass_F6.wav	693919	44100	24	1	5.214
Mini From Mars/WAV/Some Bass, B/Mini_MadBass_F7.wav	691918	44100	24	1	5.199
Mini From Mars/WAV/Some Bass, B/Mini_MadBass_G#0.wav	690946	44100	24	1	5.192
Mini From Mars/WAV/Some Bass, B/Mini_MadBass_G#1.wav	696826	44100	24	1	5.236
Mini From Mars/WAV/Some Bass, B/Mini_MadBass_G#2.wav	693691	44100	24	1	5.212
Mini From Mars/WAV/Some Bass, B/Mini_MadBass_G#3.wav	695071	44100	24	1	5.223
Mini From Mars/WAV/Some Bass, B/Mini_MadBass_G#4.wav	692104	44100	24	1	5.2
Mini From Mars/WAV/Some Bass, B/Mini_MadBass_G#5.wav	695398	44100	24	1	5.225
Mini From Mars/WAV/Some Bass, B/Mini_MadBass_G#6.wav	691765	44100	24	1	5.198
Mini From Mars/WAV/Some Bass, B/Mini_MadBass_G#7.wav	691936	44100	24	1	5.199
Mini From Mars/WAV/Some Bass, B/Mini_MadBass_G0.wav	696496	44100	24	1	5.234
Mini From Mars/WAV/Some Bass, B/Mini_MadBass_G1.wav	693214	44100	24	1	5.209
Mini From Mars/WAV/Some Bass, B/Mini_MadBass_G2.wav	693541	44100	24	1	5.211
Mini From Mars/WAV/Some Bass, B/Mini_MadBass_G3.wav	694261	44100	24	1	5.217
Mini From Mars/WAV/Some Bass, B/Mini_MadBass_G4.wav	694495	44100	24	1	5.218
Mini From Mars/WAV/Some Bass, B/Mini_MadBass_G5.wav	692107	44100	24	1	5.2
Mini From Mars/WAV/Some Bass, B/Mini_MadBass_G6.wav	724519	44100	24	1	5.445
Mini From Mars/WAV/Some Bass, B/Mini_MadBass_G7.wav	692140	44100	24	1	5.201
Mini From Mars/WAV/Sonic Destruction/Mini_SonicLead_A#0.wav	727195	44100	24	1	5.466
Mini From Mars/WAV/Sonic Destruction/Mini_SonicLead_A#1.wav	734071	44100	24	1	5.518
Mini From Mars/WAV/Sonic Destruction/Mini_SonicLead_A#2.wav	722563	44100	24	1	5.431
Mini From Mars/WAV/Sonic Destruction/Mini_SonicLead_A#3.wav	727519	44100	24	1	5.468
Mini From Mars/WAV/Sonic Destruction/Mini_SonicLead_A#4.wav	724477	44100	24	1	5.445
Mini From Mars/WAV/Sonic Destruction/Mini_SonicLead_A#5.wav	728014	44100	24	1	5.472
Mini From Mars/WAV/Sonic Destruction/Mini_SonicLead_A#6.wav	724198	44100	24	1	5.443
Mini From Mars/WAV/Sonic Destruction/Mini_SonicLead_A#7.wav	727765	44100	24	1	5.47
Mini From Mars/WAV/Sonic Destruction/Mini_SonicLead_A0.wav	727927	44100	24	1	5.471
Mini From Mars/WAV/Sonic Destruction/Mini_SonicLead_A1.wav	734932	44100	24	1	5.524
Mini From Mars/WAV/Sonic Destruction/Mini_SonicLead_A2.wav	727732	44100	24	1	5.47
Mini From Mars/WAV/Sonic Destruction/Mini_SonicLead_A3.wav	728080	44100	24	1	5.472
Mini From Mars/WAV/Sonic Destruction/Mini_SonicLead_A4.wav	727360	44100	24	1	5.467
Mini From Mars/WAV/Sonic Destruction/Mini_SonicLead_A5.wav	729586	44100	24	1	5.484
Mini From Mars/WAV/Sonic Destruction/Mini_SonicLead_A6.wav	726883	44100	24	1	5.463
Mini From Mars/WAV/Sonic Destruction/Mini_SonicLead_A7.wav	725485	44100	24	1	5.453
Mini From Mars/WAV/Sonic Destruction/Mini_SonicLead_B0.wav	730018	44100	24	1	5.487
Mini From Mars/WAV/Sonic Destruction/Mini_SonicLead_B1.wav	736978	44100	24	1	5.54
Mini From Mars/WAV/Sonic Destruction/Mini_SonicLead_B2.wav	724102	44100	24	1	5.442
Mini From Mars/WAV/Sonic Destruction/Mini_SonicLead_B3.wav	727621	44100	24	1	5.469
Mini From Mars/WAV/Sonic Destruction/Mini_SonicLead_B4.wav	723628	44100	24	1	5.439
Mini From Mars/WAV/Sonic Destruction/Mini_SonicLead_B5.wav	726202	44100	24	1	5.458
Mini From Mars/WAV/Sonic Destruction/Mini_SonicLead_B6.wav	726913	44100	24	1	5.463
Mini From Mars/WAV/Sonic Destruction/Mini_SonicLead_B7.wav	726496	44100	24	1	5.46
Mini From Mars/WAV/Sonic Destruction/Mini_SonicLead_C#0.wav	733051	44100	24	1	5.51
Mini From Mars/WAV/Sonic Destruction/Mini_SonicLead_C#1.wav	739909	44100	24	1	5.562
Mini From Mars/WAV/Sonic Destruction/Mini_SonicLead_C#2.wav	727618	44100	24	1	5.469
Mini From Mars/WAV/Sonic Destruction/Mini_SonicLead_C#3.wav	729559	44100	24	1	5.483
Mini From Mars/WAV/Sonic Destruction/Mini_SonicLead_C#4.wav	726775	44100	24	1	5.462
Mini From Mars/WAV/Sonic Destruction/Mini_SonicLead_C#5.wav	726979	44100	24	1	5.464
Mini From Mars/WAV/Sonic Destruction/Mini_SonicLead_C#6.wav	726157	44100	24	1	5.458
Mini From Mars/WAV/Sonic Destruction/Mini_SonicLead_C#7.wav	722428	44100	24	1	5.43
Mini From Mars/WAV/Sonic Destruction/Mini_SonicLead_C0.wav	728281	44100	24	1	5.474
Mini From Mars/WAV/Sonic Destruction/Mini_SonicLead_C1.wav	719815	44100	24	1	5.41
Mini From Mars/WAV/Sonic Destruction/Mini_SonicLead_C2.wav	733489	44100	24	1	5.513
Mini From Mars/WAV/Sonic Destruction/Mini_SonicLead_C3.wav	727552	44100	24	1	5.468
Mini From Mars/WAV/Sonic Destruction/Mini_SonicLead_C4.wav	726724	44100	24	1	5.462
Mini From Mars/WAV/Sonic Destruction/Mini_SonicLead_C5.wav	727315	44100	24	1	5.467
Mini From Mars/WAV/Sonic Destruction/Mini_SonicLead_C6.wav	726964	44100	24	1	5.464
Mini From Mars/WAV/Sonic Destruction/Mini_SonicLead_C7.wav	725338	44100	24	1	5.452
Mini From Mars/WAV/Sonic Destruction/Mini_SonicLead_C8.wav	725197	44100	24	1	5.45
Mini From Mars/WAV/Sonic Destruction/Mini_SonicLead_D#0.wav	732988	44100	24	1	5.509
Mini From Mars/WAV/Sonic Destruction/Mini_SonicLead_D#1.wav	743371	44100	24	1	5.588
Mini From Mars/WAV/Sonic Destruction/Mini_SonicLead_D#2.wav	732340	44100	24	1	5.504
Mini From Mars/WAV/Sonic Destruction/Mini_SonicLead_D#3.wav	724609	44100	24	1	5.446
Mini From Mars/WAV/Sonic Destruction/Mini_SonicLead_D#4.wav	736510	44100	24	1	5.536
Mini From Mars/WAV/Sonic Destruction/Mini_SonicLead_D#5.wav	725248	44100	24	1	5.451
Mini From Mars/WAV/Sonic Destruction/Mini_SonicLead_D#6.wav	725329	44100	24	1	5.451
Mini From Mars/WAV/Sonic Destruction/Mini_SonicLead_D#7.wav	722347	44100	24	1	5.429
Mini From Mars/WAV/Sonic Destruction/Mini_SonicLead_D0.wav	730612	44100	24	1	5.491
Mini From Mars/WAV/Sonic Destruction/Mini_SonicLead_D1.wav	731920	44100	24	1	5.501
Mini From Mars/WAV/Sonic Destruction/Mini_SonicLead_D2.wav	725758	44100	24	1	5.455
Mini From Mars/WAV/Sonic Destruction/Mini_SonicLead_D3.wav	722980	44100	24	1	5.434
Mini From Mars/WAV/Sonic Destruction/Mini_SonicLead_D4.wav	727288	44100	24	1	5.466
Mini From Mars/WAV/Sonic Destruction/Mini_SonicLead_D5.wav	726238	44100	24	1	5.458
Mini From Mars/WAV/Sonic Destruction/Mini_SonicLead_D6.wav	725104	44100	24	1	5.45
Mini From Mars/WAV/Sonic Destruction/Mini_SonicLead_D7.wav	724723	44100	24	1	5.447
Mini From Mars/WAV/Sonic Destruction/Mini_SonicLead_E0.wav	732103	44100	24	1	5.503
Mini From Mars/WAV/Sonic Destruction/Mini_SonicLead_E1.wav	735991	44100	24	1	5.532
Mini From Mars/WAV/Sonic Destruction/Mini_SonicLead_E2.wav	743569	44100	24	1	5.589
Mini From Mars/WAV/Sonic Destruction/Mini_SonicLead_E3.wav	727378	44100	24	1	5.467
Mini From Mars/WAV/Sonic Destruction/Mini_SonicLead_E4.wav	728581	44100	24	1	5.476
Mini From Mars/WAV/Sonic Destruction/Mini_SonicLead_E5.wav	726985	44100	24	1	5.464
Mini From Mars/WAV/Sonic Destruction/Mini_SonicLead_E6.wav	726808	44100	24	1	5.463
Mini From Mars/WAV/Sonic Destruction/Mini_SonicLead_E7.wav	725191	44100	24	1	5.45
Mini From Mars/WAV/Sonic Destruction/Mini_SonicLead_F#0.wav	742030	44100	24	1	5.578
Mini From Mars/WAV/Sonic Destruction/Mini_SonicLead_F#1.wav	732361	44100	24	1	5.505
Mini From Mars/WAV/Sonic Destruction/Mini_SonicLead_F#2.wav	733930	44100	24	1	5.517
Mini From Mars/WAV/Sonic Destruction/Mini_SonicLead_F#3.wav	729028	44100	24	1	5.479
Mini From Mars/WAV/Sonic Destruction/Mini_SonicLead_F#4.wav	730405	44100	24	1	5.49
Mini From Mars/WAV/Sonic Destruction/Mini_SonicLead_F#5.wav	726241	44100	24	1	5.458
Mini From Mars/WAV/Sonic Destruction/Mini_SonicLead_F#6.wav	729136	44100	24	1	5.48
Mini From Mars/WAV/Sonic Destruction/Mini_SonicLead_F#7.wav	729970	44100	24	1	5.487
Mini From Mars/WAV/Sonic Destruction/Mini_SonicLead_F0.wav	730240	44100	24	1	5.489
Mini From Mars/WAV/Sonic Destruction/Mini_SonicLead_F1.wav	728896	44100	24	1	5.478
Mini From Mars/WAV/Sonic Destruction/Mini_SonicLead_F2.wav	724867	44100	24	1	5.448
Mini From Mars/WAV/Sonic Destruction/Mini_SonicLead_F3.wav	726721	44100	24	1	5.462
Mini From Mars/WAV/Sonic Destruction/Mini_SonicLead_F4.wav	725950	44100	24	1	5.456
Mini From Mars/WAV/Sonic Destruction/Mini_SonicLead_F5.wav	729178	44100	24	1	5.481
Mini From Mars/WAV/Sonic Destruction/Mini_SonicLead_F6.wav	724429	44100	24	1	5.445
Mini From Mars/WAV/Sonic Destruction/Mini_SonicLead_F7.wav	722527	44100	24	1	5.43
Mini From Mars/WAV/Sonic Destruction/Mini_SonicLead_G#0.wav	740854	44100	24	1	5.569
Mini From Mars/WAV/Sonic Destruction/Mini_SonicLead_G#1.wav	729685	44100	24	1	5.484
Mini From Mars/WAV/Sonic Destruction/Mini_SonicLead_G#2.wav	725812	44100	24	1	5.455
Mini From Mars/WAV/Sonic Destruction/Mini_SonicLead_G#3.wav	727369	44100	24	1	5.467
Mini From Mars/WAV/Sonic Destruction/Mini_SonicLead_G#4.wav	725584	44100	24	1	5.453
Mini From Mars/WAV/Sonic Destruction/Mini_SonicLead_G#5.wav	725875	44100	24	1	5.456
Mini From Mars/WAV/Sonic Destruction/Mini_SonicLead_G#6.wav	726487	44100	24	1	5.46
Mini From Mars/WAV/Sonic Destruction/Mini_SonicLead_G#7.wav	721636	44100	24	1	5.424
Mini From Mars/WAV/Sonic Destruction/Mini_SonicLead_G0.wav	740797	44100	24	1	5.568
Mini From Mars/WAV/Sonic Destruction/Mini_SonicLead_G1.wav	731896	44100	24	1	5.501
Mini From Mars/WAV/Sonic Destruction/Mini_SonicLead_G2.wav	735028	44100	24	1	5.525
Mini From Mars/WAV/Sonic Destruction/Mini_SonicLead_G3.wav	727201	44100	24	1	5.466
Mini From Mars/WAV/Sonic Destruction/Mini_SonicLead_G4.wav	729841	44100	24	1	5.486
Mini From Mars/WAV/Sonic Destruction/Mini_SonicLead_G5.wav	726466	44100	24	1	5.46
Mini From Mars/WAV/Sonic Destruction/Mini_SonicLead_G6.wav	724591	44100	24	1	5.446
Mini From Mars/WAV/Sonic Destruction/Mini_SonicLead_G7.wav	729022	44100	24	1	5.479
Mini From Mars/WAV/Straight Saw/Mini_StraightSaw_A#0.wav	555760	44100	24	1	4.17
Mini From Mars/WAV/Straight Saw/Mini_StraightSaw_A#1.wav	553501	44100	24	1	4.153
Mini From Mars/WAV/Straight Saw/Mini_StraightSaw_A#2.wav	555121	44100	24	1	4.165
Mini From Mars/WAV/Straight Saw/Mini_StraightSaw_A#3.wav	553831	44100	24	1	4.155
Mini From Mars/WAV/Straight Saw/Mini_StraightSaw_A#4.wav	554845	44100	24	1	4.163
Mini From Mars/WAV/Straight Saw/Mini_StraightSaw_A#5.wav	555919	44100	24	1	4.171
Mini From Mars/WAV/Straight Saw/Mini_StraightSaw_A#6.wav	553645	44100	24	1	4.154
Mini From Mars/WAV/Straight Saw/Mini_StraightSaw_A0.wav	559426	44100	24	1	4.198
Mini From Mars/WAV/Straight Saw/Mini_StraightSaw_A1.wav	556615	44100	24	1	4.176
Mini From Mars/WAV/Straight Saw/Mini_StraightSaw_A2.wav	555406	44100	24	1	4.167
Mini From Mars/WAV/Straight Saw/Mini_StraightSaw_A3.wav	553798	44100	24	1	4.155
Mini From Mars/WAV/Straight Saw/Mini_StraightSaw_A4.wav	554206	44100	24	1	4.158
Mini From Mars/WAV/Straight Saw/Mini_StraightSaw_A5.wav	555271	44100	24	1	4.166
Mini From Mars/WAV/Straight Saw/Mini_StraightSaw_A6.wav	555520	44100	24	1	4.168
Mini From Mars/WAV/Straight Saw/Mini_StraightSaw_B0.wav	555790	44100	24	1	4.17
Mini From Mars/WAV/Straight Saw/Mini_StraightSaw_B1.wav	554137	44100	24	1	4.158
Mini From Mars/WAV/Straight Saw/Mini_StraightSaw_B2.wav	554257	44100	24	1	4.158
Mini From Mars/WAV/Straight Saw/Mini_StraightSaw_B3.wav	554476	44100	24	1	4.16
Mini From Mars/WAV/Straight Saw/Mini_StraightSaw_B4.wav	555544	44100	24	1	4.168
Mini From Mars/WAV/Straight Saw/Mini_StraightSaw_B5.wav	555025	44100	24	1	4.164
Mini From Mars/WAV/Straight Saw/Mini_StraightSaw_B6.wav	555748	44100	24	1	4.17
Mini From Mars/WAV/Straight Saw/Mini_StraightSaw_C#0.wav	562540	44100	24	1	4.221
Mini From Mars/WAV/Straight Saw/Mini_StraightSaw_C#1.wav	554890	44100	24	1	4.163
Mini From Mars/WAV/Straight Saw/Mini_StraightSaw_C#2.wav	553675	44100	24	1	4.154
Mini From Mars/WAV/Straight Saw/Mini_StraightSaw_C#3.wav	555625	44100	24	1	4.169
Mini From Mars/WAV/Straight Saw/Mini_StraightSaw_C#4.wav	555442	44100	24	1	4.167
Mini From Mars/WAV/Straight Saw/Mini_StraightSaw_C#5.wav	554149	44100	24	1	4.158
Mini From Mars/WAV/Straight Saw/Mini_StraightSaw_C#6.wav	555964	44100	24	1	4.171
Mini From Mars/WAV/Straight Saw/Mini_StraightSaw_C0.wav	561202	44100	24	1	4.211
Mini From Mars/WAV/Straight Saw/Mini_StraightSaw_C1.wav	558442	44100	24	1	4.19
Mini From Mars/WAV/Straight Saw/Mini_StraightSaw_C2.wav	554113	44100	24	1	4.157
Mini From Mars/WAV/Straight Saw/Mini_StraightSaw_C3.wav	553978	44100	24	1	4.156
Mini From Mars/WAV/Straight Saw/Mini_StraightSaw_C4.wav	554824	44100	24	1	4.163
Mini From Mars/WAV/Straight Saw/Mini_StraightSaw_C5.wav	554014	44100	24	1	4.157
Mini From Mars/WAV/Straight Saw/Mini_StraightSaw_C6.wav	555550	44100	24	1	4.168
Mini From Mars/WAV/Straight Saw/Mini_StraightSaw_C7.wav	554596	44100	24	1	4.161
Mini From Mars/WAV/Straight Saw/Mini_StraightSaw_D#0.wav	560662	44100	24	1	4.207
Mini From Mars/WAV/Straight Saw/Mini_StraightSaw_D#1.wav	556729	44100	24	1	4.177
Mini From Mars/WAV/Straight Saw/Mini_StraightSaw_D#2.wav	582439	44100	24	1	4.371
Mini From Mars/WAV/Straight Saw/Mini_StraightSaw_D#3.wav	581449	44100	24	1	4.364
Mini From Mars/WAV/Straight Saw/Mini_StraightSaw_D#4.wav	554557	44100	24	1	4.161
Mini From Mars/WAV/Straight Saw/Mini_StraightSaw_D#5.wav	554830	44100	24	1	4.163
Mini From Mars/WAV/Straight Saw/Mini_StraightSaw_D#6.wav	554224	44100	24	1	4.158
Mini From Mars/WAV/Straight Saw/Mini_StraightSaw_D0.wav	559858	44100	24	1	4.201
Mini From Mars/WAV/Straight Saw/Mini_StraightSaw_D1.wav	555049	44100	24	1	4.164
Mini From Mars/WAV/Straight Saw/Mini_StraightSaw_D2.wav	556153	44100	24	1	4.173
Mini From Mars/WAV/Straight Saw/Mini_StraightSaw_D3.wav	555364	44100	24	1	4.167
Mini From Mars/WAV/Straight Saw/Mini_StraightSaw_D4.wav	554662	44100	24	1	4.161
Mini From Mars/WAV/Straight Saw/Mini_StraightSaw_D5.wav	554134	44100	24	1	4.158
Mini From Mars/WAV/Straight Saw/Mini_StraightSaw_D6.wav	555157	44100	24	1	4.165
Mini From Mars/WAV/Straight Saw/Mini_StraightSaw_E0.wav	559921	44100	24	1	4.201
Mini From Mars/WAV/Straight Saw/Mini_StraightSaw_E1.wav	554608	44100	24	1	4.161
Mini From Mars/WAV/Straight Saw/Mini_StraightSaw_E2.wav	582292	44100	24	1	4.37
Mini From Mars/WAV/Straight Saw/Mini_StraightSaw_E3.wav	554527	44100	24	1	4.16
Mini From Mars/WAV/Straight Saw/Mini_StraightSaw_E4.wav	554539	44100	24	1	4.161
Mini From Mars/WAV/Straight Saw/Mini_StraightSaw_E5.wav	553963	44100	24	1	4.156
Mini From Mars/WAV/Straight Saw/Mini_StraightSaw_E6.wav	554284	44100	24	1	4.159
Mini From Mars/WAV/Straight Saw/Mini_StraightSaw_F#0.wav	557671	44100	24	1	4.184
Mini From Mars/WAV/Straight Saw/Mini_StraightSaw_F#1.wav	558547	44100	24	1	4.191
Mini From Mars/WAV/Straight Saw/Mini_StraightSaw_F#2.wav	553132	44100	24	1	4.15
Mini From Mars/WAV/Straight Saw/Mini_StraightSaw_F#3.wav	553729	44100	24	1	4.154
Mini From Mars/WAV/Straight Saw/Mini_StraightSaw_F#4.wav	556129	44100	24	1	4.173
Mini From Mars/WAV/Straight Saw/Mini_StraightSaw_F#5.wav	554620	44100	24	1	4.161
Mini From Mars/WAV/Straight Saw/Mini_StraightSaw_F#6.wav	555565	44100	24	1	4.168
Mini From Mars/WAV/Straight Saw/Mini_StraightSaw_F0.wav	560407	44100	24	1	4.205
Mini From Mars/WAV/Straight Saw/Mini_StraightSaw_F1.wav	555136	44100	24	1	4.165
Mini From Mars/WAV/Straight Saw/Mini_StraightSaw_F2.wav	554989	44100	24	1	4.164
Mini From Mars/WAV/Straight Saw/Mini_StraightSaw_F3.wav	554599	44100	24	1	4.161
Mini From Mars/WAV/Straight Saw/Mini_StraightSaw_F4.wav	555961	44100	24	1	4.171
Mini From Mars/WAV/Straight Saw/Mini_StraightSaw_F5.wav	555175	44100	24	1	4.165
Mini From Mars/WAV/Straight Saw/Mini_StraightSaw_F6.wav	554038	44100	24	1	4.157
Mini From Mars/WAV/Straight Saw/Mini_StraightSaw_G#0.wav	558754	44100	24	1	4.192
Mini From Mars/WAV/Straight Saw/Mini_StraightSaw_G#1.wav	555478	44100	24	1	4.168
Mini From Mars/WAV/Straight Saw/Mini_StraightSaw_G#2.wav	555436	44100	24	1	4.167
Mini From Mars/WAV/Straight Saw/Mini_StraightSaw_G#3.wav	555463	44100	24	1	4.168
Mini From Mars/WAV/Straight Saw/Mini_StraightSaw_G#4.wav	553750	44100	24	1	4.155
Mini From Mars/WAV/Straight Saw/Mini_StraightSaw_G#5.wav	555865	44100	24	1	4.171
Mini From Mars/WAV/Straight Saw/Mini_StraightSaw_G#6.wav	555181	44100	24	1	4.165
Mini From Mars/WAV/Straight Saw/Mini_StraightSaw_G0.wav	559108	44100	24	1	4.195
Mini From Mars/WAV/Straight Saw/Mini_StraightSaw_G1.wav	555124	44100	24	1	4.165
Mini From Mars/WAV/Straight Saw/Mini_StraightSaw_G2.wav	553849	44100	24	1	4.155
Mini From Mars/WAV/Straight Saw/Mini_StraightSaw_G3.wav	554416	44100	24	1	4.16
Mini From Mars/WAV/Straight Saw/Mini_StraightSaw_G4.wav	555778	44100	24	1	4.17
Mini From Mars/WAV/Straight Saw/Mini_StraightSaw_G5.wav	557410	44100	24	1	4.182
Mini From Mars/WAV/Straight Saw/Mini_StraightSaw_G6.wav	555565	44100	24	1	4.168
Mini From Mars/WAV/Vibey Lead/Mini_VibeyLead_A#0.wav	552022	44100	24	1	4.142
Mini From Mars/WAV/Vibey Lead/Mini_VibeyLead_A#1.wav	548359	44100	24	1	4.114
Mini From Mars/WAV/Vibey Lead/Mini_VibeyLead_A#2.wav	549241	44100	24	1	4.121
Mini From Mars/WAV/Vibey Lead/Mini_VibeyLead_A#3.wav	547588	44100	24	1	4.108
Mini From Mars/WAV/Vibey Lead/Mini_VibeyLead_A#4.wav	547411	44100	24	1	4.107
Mini From Mars/WAV/Vibey Lead/Mini_VibeyLead_A#5.wav	548965	44100	24	1	4.118
Mini From Mars/WAV/Vibey Lead/Mini_VibeyLead_A#6.wav	547105	44100	24	1	4.104
Mini From Mars/WAV/Vibey Lead/Mini_VibeyLead_A#7.wav	547717	44100	24	1	4.109
Mini From Mars/WAV/Vibey Lead/Mini_VibeyLead_A0.wav	552991	44100	24	1	4.149
Mini From Mars/WAV/Vibey Lead/Mini_VibeyLead_A1.wav	551158	44100	24	1	4.135
Mini From Mars/WAV/Vibey Lead/Mini_VibeyLead_A2.wav	547006	44100	24	1	4.104
Mini From Mars/WAV/Vibey Lead/Mini_VibeyLead_A3.wav	552403	44100	24	1	4.144
Mini From Mars/WAV/Vibey Lead/Mini_VibeyLead_A4.wav	548089	44100	24	1	4.112
Mini From Mars/WAV/Vibey Lead/Mini_VibeyLead_A5.wav	547552	44100	24	1	4.108
Mini From Mars/WAV/Vibey Lead/Mini_VibeyLead_A6.wav	547378	44100	24	1	4.106
Mini From Mars/WAV/Vibey Lead/Mini_VibeyLead_A7.wav	547813	44100	24	1	4.11
Mini From Mars/WAV/Vibey Lead/Mini_VibeyLead_B0.wav	551212	44100	24	1	4.135
Mini From Mars/WAV/Vibey Lead/Mini_VibeyLead_B1.wav	550705	44100	24	1	4.132
Mini From Mars/WAV/Vibey Lead/Mini_VibeyLead_B2.wav	548683	44100	24	1	4.116
Mini From Mars/WAV/Vibey Lead/Mini_VibeyLead_B3.wav	547171	44100	24	1	4.105
Mini From Mars/WAV/Vibey Lead/Mini_VibeyLead_B4.wav	547345	44100	24	1	4.106
Mini From Mars/WAV/Vibey Lead/Mini_VibeyLead_B5.wav	546490	44100	24	1	4.1
Mini From Mars/WAV/Vibey Lead/Mini_VibeyLead_B6.wav	546841	44100	24	1	4.102
Mini From Mars/WAV/Vibey Lead/Mini_VibeyLead_B7.wav	547141	44100	24	1	4.105
Mini From Mars/WAV/Vibey Lead/Mini_VibeyLead_C#0.wav	554458	44100	24	1	4.16
Mini From Mars/WAV/Vibey Lead/Mini_VibeyLead_C#1.wav	555679	44100	24	1	4.169
Mini From Mars/WAV/Vibey Lead/Mini_VibeyLead_C#2.wav	552700	44100	24	1	4.147
Mini From Mars/WAV/Vibey Lead/Mini_VibeyLead_C#3.wav	554968	44100	24	1	4.164
Mini From Mars/WAV/Vibey Lead/Mini_VibeyLead_C#4.wav	547126	44100	24	1	4.105
Mini From Mars/WAV/Vibey Lead/Mini_VibeyLead_C#5.wav	547228	44100	24	1	4.105
Mini From Mars/WAV/Vibey Lead/Mini_VibeyLead_C#6.wav	546790	44100	24	1	4.102
Mini From Mars/WAV/Vibey Lead/Mini_VibeyLead_C#7.wav	549169	44100	24	1	4.12
Mini From Mars/WAV/Vibey Lead/Mini_VibeyLead_C0.wav	555784	44100	24	1	4.17
Mini From Mars/WAV/Vibey Lead/Mini_VibeyLead_C1.wav	552022	44100	24	1	4.142
Mini From Mars/WAV/Vibey Lead/Mini_VibeyLead_C2.wav	549343	44100	24	1	4.121
Mini From Mars/WAV/Vibey Lead/Mini_VibeyLead_C3.wav	549490	44100	24	1	4.122
Mini From Mars/WAV/Vibey Lead/Mini_VibeyLead_C4.wav	547474	44100	24	1	4.107
Mini From Mars/WAV/Vibey Lead/Mini_VibeyLead_C5.wav	546649	44100	24	1	4.101
Mini From Mars/WAV/Vibey Lead/Mini_VibeyLead_C6.wav	546970	44100	24	1	4.103
Mini From Mars/WAV/Vibey Lead/Mini_VibeyLead_C7.wav	545959	44100	24	1	4.096
Mini From Mars/WAV/Vibey Lead/Mini_VibeyLead_C8.wav	546301	44100	24	1	4.098
Mini From Mars/WAV/Vibey Lead/Mini_VibeyLead_D#0.wav	557497	44100	24	1	4.183
Mini From Mars/WAV/Vibey Lead/Mini_VibeyLead_D#1.wav	550054	44100	24	1	4.127
Mini From Mars/WAV/Vibey Lead/Mini_VibeyLead_D#2.wav	552706	44100	24	1	4.147
Mini From Mars/WAV/Vibey Lead/Mini_VibeyLead_D#3.wav	549268	44100	24	1	4.121
Mini From Mars/WAV/Vibey Lead/Mini_VibeyLead_D#4.wav	545077	44100	24	1	4.089
Mini From Mars/WAV/Vibey Lead/Mini_VibeyLead_D#5.wav	546535	44100	24	1	4.1
Mini From Mars/WAV/Vibey Lead/Mini_VibeyLead_D#6.wav	547648	44100	24	1	4.108
Mini From Mars/WAV/Vibey Lead/Mini_VibeyLead_D#7.wav	546472	44100	24	1	4.1
Mini From Mars/WAV/Vibey Lead/Mini_VibeyLead_D0.wav	557266	44100	24	1	4.181
Mini From Mars/WAV/Vibey Lead/Mini_VibeyLead_D1.wav	550366	44100	24	1	4.129
Mini From Mars/WAV/Vibey Lead/Mini_VibeyLead_D2.wav	550699	44100	24	1	4.132
Mini From Mars/WAV/Vibey Lead/Mini_VibeyLead_D3.wav	548566	44100	24	1	4.115
Mini From Mars/WAV/Vibey Lead/Mini_VibeyLead_D4.wav	550258	44100	24	1	4.128
Mini From Mars/WAV/Vibey Lead/Mini_VibeyLead_D5.wav	547456	44100	24	1	4.107
Mini From Mars/WAV/Vibey Lead/Mini_VibeyLead_D6.wav	547630	44100	24	1	4.108
Mini From Mars/WAV/Vibey Lead/Mini_VibeyLead_D7.wav	547624	44100	24	1	4.108
Mini From Mars/WAV/Vibey Lead/Mini_VibeyLead_E0.wav	554227	44100	24	1	4.158
Mini From Mars/WAV/Vibey Lead/Mini_VibeyLead_E1.wav	551227	44100	24	1	4.136
Mini From Mars/WAV/Vibey Lead/Mini_VibeyLead_E2.wav	550957	44100	24	1	4.133
Mini From Mars/WAV/Vibey Lead/Mini_VibeyLead_E3.wav	547912	44100	24	1	4.11
Mini From Mars/WAV/Vibey Lead/Mini_VibeyLead_E4.wav	546253	44100	24	1	4.098
Mini From Mars/WAV/Vibey Lead/Mini_VibeyLead_E5.wav	546064	44100	24	1	4.097
Mini From Mars/WAV/Vibey Lead/Mini_VibeyLead_E6.wav	546484	44100	24	1	4.1
Mini From Mars/WAV/Vibey Lead/Mini_VibeyLead_E7.wav	546469	44100	24	1	4.1
Mini From Mars/WAV/Vibey Lead/Mini_VibeyLead_F#0.wav	553252	44100	24	1	4.151
Mini From Mars/WAV/Vibey Lead/Mini_VibeyLead_F#1.wav	550951	44100	24	1	4.133
Mini From Mars/WAV/Vibey Lead/Mini_VibeyLead_F#2.wav	547993	44100	24	1	4.111
Mini From Mars/WAV/Vibey Lead/Mini_VibeyLead_F#3.wav	551095	44100	24	1	4.135
Mini From Mars/WAV/Vibey Lead/Mini_VibeyLead_F#4.wav	546820	44100	24	1	4.102
Mini From Mars/WAV/Vibey Lead/Mini_VibeyLead_F#5.wav	547750	44100	24	1	4.109
Mini From Mars/WAV/Vibey Lead/Mini_VibeyLead_F#6.wav	547810	44100	24	1	4.11
Mini From Mars/WAV/Vibey Lead/Mini_VibeyLead_F#7.wav	545782	44100	24	1	4.094
Mini From Mars/WAV/Vibey Lead/Mini_VibeyLead_F0.wav	554566	44100	24	1	4.161
Mini From Mars/WAV/Vibey Lead/Mini_VibeyLead_F1.wav	550207	44100	24	1	4.128
Mini From Mars/WAV/Vibey Lead/Mini_VibeyLead_F2.wav	551572	44100	24	1	4.138
Mini From Mars/WAV/Vibey Lead/Mini_VibeyLead_F3.wav	548056	44100	24	1	4.112
Mini From Mars/WAV/Vibey Lead/Mini_VibeyLead_F4.wav	548428	44100	24	1	4.114
Mini From Mars/WAV/Vibey Lead/Mini_VibeyLead_F5.wav	546436	44100	24	1	4.099
Mini From Mars/WAV/Vibey Lead/Mini_VibeyLead_F6.wav	547351	44100	24	1	4.106
Mini From Mars/WAV/Vibey Lead/Mini_VibeyLead_F7.wav	546400	44100	24	1	4.099
Mini From Mars/WAV/Vibey Lead/Mini_VibeyLead_G#0.wav	551398	44100	24	1	4.137
Mini From Mars/WAV/Vibey Lead/Mini_VibeyLead_G#1.wav	547225	44100	24	1	4.105
Mini From Mars/WAV/Vibey Lead/Mini_VibeyLead_G#2.wav	547375	44100	24	1	4.106
Mini From Mars/WAV/Vibey Lead/Mini_VibeyLead_G#3.wav	549457	44100	24	1	4.122
Mini From Mars/WAV/Vibey Lead/Mini_VibeyLead_G#4.wav	547669	44100	24	1	4.109
Mini From Mars/WAV/Vibey Lead/Mini_VibeyLead_G#5.wav	549682	44100	24	1	4.124
Mini From Mars/WAV/Vibey Lead/Mini_VibeyLead_G#6.wav	548680	44100	24	1	4.116
Mini From Mars/WAV/Vibey Lead/Mini_VibeyLead_G#7.wav	545848	44100	24	1	4.095
Mini From Mars/WAV/Vibey Lead/Mini_VibeyLead_G0.wav	550501	44100	24	1	4.13
Mini From Mars/WAV/Vibey Lead/Mini_VibeyLead_G1.wav	548437	44100	24	1	4.114
Mini From Mars/WAV/Vibey Lead/Mini_VibeyLead_G2.wav	547318	44100	24	1	4.106
Mini From Mars/WAV/Vibey Lead/Mini_VibeyLead_G3.wav	548488	44100	24	1	4.115
Mini From Mars/WAV/Vibey Lead/Mini_VibeyLead_G4.wav	548509	44100	24	1	4.115
Mini From Mars/WAV/Vibey Lead/Mini_VibeyLead_G5.wav	548593	44100	24	1	4.116
Mini From Mars/WAV/Vibey Lead/Mini_VibeyLead_G6.wav	547597	44100	24	1	4.108
Mini From Mars/WAV/Vibey Lead/Mini_VibeyLead_G7.wav	549994	44100	24	1	4.126
